order_id,customer_id,product_id,order_date,delivery_date,city,category,payment_method,quantity,order_amount
900001,258,28,2025-01-24,2025-01-27,Delhi NCR,Home & Kitchen,Prepaid,1,3170.0
900002,407,43,2025-03-24,2025-03-28,Mumbai,Accessories,Prepaid,1,910.0
900003,595,14,2024-11-03,2024-11-05,Delhi NCR,Footwear,Prepaid,1,2370.0
900004,512,14,2024-09-30,2024-10-03,Kochi,Footwear,COD,3,7110.0
900005,304,34,2024-07-06,2024-07-09,Pune,Beauty & Personal Care,Prepaid,1,410.0
900006,206,27,2024-08-29,2024-09-03,Chennai,Home & Kitchen,Prepaid,1,1080.0
900007,371,33,2025-01-10,2025-01-13,Bangalore,Beauty & Personal Care,Prepaid,1,740.0
900008,562,44,2024-05-04,2024-05-07,Kochi,Accessories,COD,1,1130.0
900009,372,48,2024-07-30,2024-08-03,Bangalore,Accessories,Prepaid,1,1560.0
900010,36,35,2024-08-28,2024-09-03,Pune,Beauty & Personal Care,COD,1,590.0
900011,152,43,2024-06-08,2024-06-10,Hyderabad,Accessories,Prepaid,1,910.0
900012,206,17,2025-02-21,2025-02-26,Chennai,Electronics,Prepaid,1,13790.0
900013,296,46,2024-08-05,2024-08-10,Bangalore,Accessories,Prepaid,2,2640.0
900014,3,26,2024-05-26,2024-05-30,Bangalore,Home & Kitchen,Prepaid,1,2250.0
900015,79,31,2024-04-24,2024-04-27,Pune,Home & Kitchen,Prepaid,1,1740.0
900016,269,48,2024-10-30,2024-11-05,Pune,Accessories,COD,2,3120.0
900017,107,28,2024-11-15,2024-11-20,Chennai,Home & Kitchen,Prepaid,1,3170.0
900018,276,6,2025-02-02,2025-02-05,Bangalore,Fashion & Apparel,COD,3,4530.0
900019,328,17,2024-12-11,2024-12-16,Delhi NCR,Electronics,COD,1,13790.0
900020,484,35,2024-06-17,2024-06-19,Mumbai,Beauty & Personal Care,Prepaid,1,590.0
900021,447,4,2024-12-07,2024-12-09,Bangalore,Fashion & Apparel,Prepaid,1,970.0
900022,167,43,2024-12-17,2024-12-21,Chennai,Accessories,COD,1,910.0
900023,575,11,2025-01-19,2025-01-25,Mumbai,Footwear,Prepaid,1,2560.0
900024,347,34,2024-11-15,2024-11-20,Bangalore,Beauty & Personal Care,COD,1,410.0
900025,305,45,2024-10-12,2024-10-14,Bangalore,Accessories,COD,1,1290.0
900026,58,15,2024-08-01,2024-08-03,Chennai,Footwear,Prepaid,1,3740.0
900027,5,11,2024-11-02,2024-11-05,Mumbai,Footwear,COD,1,2560.0
900028,336,1,2024-10-04,2024-10-06,Chennai,Fashion & Apparel,Prepaid,1,1110.0
900029,150,34,2024-06-07,2024-06-09,Kochi,Beauty & Personal Care,COD,1,410.0
900030,493,42,2024-07-08,2024-07-13,Mumbai,Accessories,COD,2,1620.0
900031,476,41,2025-02-06,2025-02-09,Mumbai,Accessories,Prepaid,1,1390.0
900032,228,4,2024-11-26,2024-11-29,Pune,Fashion & Apparel,Prepaid,1,970.0
900033,254,48,2024-11-01,2024-11-05,Bangalore,Accessories,Prepaid,1,1560.0
900034,451,26,2024-08-05,2024-08-11,Bangalore,Home & Kitchen,Prepaid,1,2250.0
900035,445,32,2024-09-13,2024-09-15,Chennai,Home & Kitchen,Prepaid,3,5970.0
900036,540,7,2024-10-04,2024-10-09,Delhi NCR,Fashion & Apparel,COD,1,2150.0
900037,508,14,2024-10-17,2024-10-19,Mumbai,Footwear,COD,1,2370.0
900038,567,7,2024-07-26,2024-07-31,Mumbai,Fashion & Apparel,COD,2,4300.0
900039,265,36,2024-07-14,2024-07-17,Chennai,Beauty & Personal Care,Prepaid,1,1130.0
900040,495,47,2024-11-10,2024-11-15,Kochi,Accessories,Prepaid,1,890.0
900041,481,3,2024-04-08,2024-04-11,Pune,Fashion & Apparel,Prepaid,3,5310.0
900042,331,27,2025-02-20,2025-02-25,Bangalore,Home & Kitchen,COD,1,1080.0
900043,165,1,2024-04-28,2024-05-01,Chennai,Fashion & Apparel,Prepaid,1,1110.0
900044,552,15,2024-06-16,2024-06-19,Chennai,Footwear,COD,1,3740.0
900045,214,4,2024-12-26,2024-12-31,Bangalore,Fashion & Apparel,COD,1,970.0
900046,398,4,2024-06-21,2024-06-23,Pune,Fashion & Apparel,Prepaid,1,970.0
900047,246,35,2024-09-11,2024-09-17,Pune,Beauty & Personal Care,COD,1,590.0
900048,272,24,2024-10-26,2024-10-28,Delhi NCR,Electronics,COD,1,11450.0
900049,591,1,2024-12-19,2024-12-23,Hyderabad,Fashion & Apparel,Prepaid,1,1110.0
900050,357,15,2024-12-23,2024-12-25,Mumbai,Footwear,Prepaid,1,3740.0
900051,403,33,2024-12-22,2024-12-28,Mumbai,Beauty & Personal Care,COD,1,740.0
900052,542,16,2024-10-05,2024-10-08,Delhi NCR,Footwear,Prepaid,1,3900.0
900053,296,13,2024-07-14,2024-07-17,Bangalore,Footwear,Prepaid,1,3000.0
900054,268,9,2024-07-19,2024-07-25,Delhi NCR,Footwear,Prepaid,1,3370.0
900055,148,2,2024-07-04,2024-07-06,Hyderabad,Fashion & Apparel,COD,1,1190.0
900056,446,2,2024-04-10,2024-04-15,Pune,Fashion & Apparel,COD,1,1190.0
900057,572,46,2024-10-23,2024-10-29,Hyderabad,Accessories,Prepaid,1,1320.0
900058,380,12,2024-08-22,2024-08-25,Chennai,Footwear,Prepaid,1,2600.0
900059,507,39,2025-03-16,2025-03-20,Bangalore,Beauty & Personal Care,Prepaid,1,780.0
900060,550,5,2024-05-28,2024-06-01,Mumbai,Fashion & Apparel,Prepaid,1,1960.0
900061,548,13,2024-08-28,2024-09-01,Delhi NCR,Footwear,Prepaid,1,3000.0
900062,539,13,2024-08-09,2024-08-13,Mumbai,Footwear,Prepaid,2,6000.0
900063,158,30,2024-06-17,2024-06-20,Mumbai,Home & Kitchen,Prepaid,1,2550.0
900064,417,32,2024-11-02,2024-11-07,Mumbai,Home & Kitchen,Prepaid,1,1990.0
900065,368,3,2025-02-10,2025-02-13,Kochi,Fashion & Apparel,Prepaid,1,1770.0
900066,59,39,2024-05-23,2024-05-28,Delhi NCR,Beauty & Personal Care,Prepaid,2,1560.0
900067,308,33,2024-07-31,2024-08-02,Kochi,Beauty & Personal Care,Prepaid,2,1480.0
900068,279,46,2025-01-05,2025-01-08,Delhi NCR,Accessories,Prepaid,1,1320.0
900069,595,33,2024-12-23,2024-12-28,Delhi NCR,Beauty & Personal Care,Prepaid,1,740.0
900070,237,40,2024-04-15,2024-04-18,Hyderabad,Beauty & Personal Care,COD,1,540.0
900071,512,12,2025-02-23,2025-02-25,Kochi,Footwear,COD,1,2600.0
900072,27,30,2025-02-15,2025-02-21,Bangalore,Home & Kitchen,Prepaid,2,5100.0
900073,284,33,2025-03-24,2025-03-27,Bangalore,Beauty & Personal Care,COD,1,740.0
900074,547,43,2024-06-23,2024-06-29,Bangalore,Accessories,COD,1,910.0
900075,479,44,2024-07-09,2024-07-11,Chennai,Accessories,Prepaid,3,3390.0
900076,88,6,2025-01-02,2025-01-07,Chennai,Fashion & Apparel,COD,1,1510.0
900077,24,16,2025-03-14,2025-03-20,Mumbai,Footwear,Prepaid,1,3900.0
900078,526,34,2024-04-12,2024-04-14,Bangalore,Beauty & Personal Care,COD,1,410.0
900079,519,13,2024-10-04,2024-10-10,Delhi NCR,Footwear,Prepaid,1,3000.0
900080,475,21,2024-12-22,2024-12-28,Bangalore,Electronics,COD,1,9950.0
900081,461,31,2025-03-03,2025-03-06,Chennai,Home & Kitchen,COD,1,1740.0
900082,320,17,2024-07-12,2024-07-17,Bangalore,Electronics,Prepaid,1,13790.0
900083,100,42,2024-11-29,2024-12-01,Delhi NCR,Accessories,Prepaid,1,810.0
900084,119,7,2024-10-31,2024-11-03,Delhi NCR,Fashion & Apparel,COD,1,2150.0
900085,364,14,2024-05-05,2024-05-10,Hyderabad,Footwear,Prepaid,1,2370.0
900086,429,12,2024-04-10,2024-04-16,Bangalore,Footwear,COD,1,2600.0
900087,226,42,2025-01-31,2025-02-05,Bangalore,Accessories,Prepaid,1,810.0
900088,564,9,2024-09-23,2024-09-25,Mumbai,Footwear,Prepaid,1,3370.0
900089,596,14,2024-12-06,2024-12-12,Mumbai,Footwear,Prepaid,1,2370.0
900090,95,41,2025-01-29,2025-02-01,Mumbai,Accessories,Prepaid,1,1390.0
900091,456,4,2024-04-20,2024-04-24,Bangalore,Fashion & Apparel,COD,1,970.0
900092,294,26,2024-11-24,2024-11-30,Hyderabad,Home & Kitchen,Prepaid,1,2250.0
900093,87,40,2025-01-12,2025-01-14,Pune,Beauty & Personal Care,Prepaid,1,540.0
900094,255,34,2025-02-25,2025-03-03,Kochi,Beauty & Personal Care,Prepaid,2,820.0
900095,4,11,2024-09-28,2024-10-02,Chennai,Footwear,Prepaid,1,2560.0
900096,155,17,2024-05-19,2024-05-24,Chennai,Electronics,COD,1,13790.0
900097,355,14,2024-11-09,2024-11-14,Delhi NCR,Footwear,Prepaid,2,4740.0
900098,144,28,2024-04-25,2024-04-30,Kochi,Home & Kitchen,COD,2,6340.0
900099,396,48,2024-10-05,2024-10-10,Delhi NCR,Accessories,Prepaid,1,1560.0
900100,375,22,2024-04-24,2024-04-30,Delhi NCR,Electronics,Prepaid,1,13330.0
900101,351,1,2025-02-26,2025-03-01,Pune,Fashion & Apparel,Prepaid,1,1110.0
900102,54,7,2024-08-29,2024-09-02,Chennai,Fashion & Apparel,Prepaid,1,2150.0
900103,580,33,2025-03-05,2025-03-11,Delhi NCR,Beauty & Personal Care,Prepaid,1,740.0
900104,598,2,2024-08-31,2024-09-05,Bangalore,Fashion & Apparel,Prepaid,1,1190.0
900105,408,38,2025-02-23,2025-03-01,Pune,Beauty & Personal Care,COD,2,1020.0
900106,294,43,2025-02-13,2025-02-15,Hyderabad,Accessories,COD,1,910.0
900107,324,26,2024-11-21,2024-11-26,Mumbai,Home & Kitchen,COD,1,2250.0
900108,92,36,2024-10-04,2024-10-07,Hyderabad,Beauty & Personal Care,COD,1,1130.0
900109,44,25,2024-11-06,2024-11-12,Chennai,Home & Kitchen,Prepaid,1,3150.0
900110,306,20,2024-08-13,2024-08-18,Chennai,Electronics,COD,2,25620.0
900111,220,9,2025-03-21,2025-03-24,Chennai,Footwear,Prepaid,1,3370.0
900112,437,16,2024-11-29,2024-12-01,Bangalore,Footwear,COD,1,3900.0
900113,221,47,2024-10-16,2024-10-20,Hyderabad,Accessories,COD,1,890.0
900114,472,8,2024-06-05,2024-06-11,Bangalore,Fashion & Apparel,COD,1,1870.0
900115,158,20,2024-12-05,2024-12-11,Mumbai,Electronics,COD,2,25620.0
900116,180,43,2024-10-22,2024-10-28,Pune,Accessories,Prepaid,1,910.0
900117,8,31,2024-07-16,2024-07-22,Delhi NCR,Home & Kitchen,Prepaid,2,3480.0
900118,2,18,2024-04-03,2024-04-09,Mumbai,Electronics,COD,1,13140.0
900119,177,25,2024-06-07,2024-06-12,Delhi NCR,Home & Kitchen,Prepaid,1,3150.0
900120,578,8,2025-01-07,2025-01-11,Delhi NCR,Fashion & Apparel,COD,1,1870.0
900121,458,35,2025-03-04,2025-03-10,Bangalore,Beauty & Personal Care,Prepaid,1,590.0
900122,446,9,2024-06-15,2024-06-17,Pune,Footwear,Prepaid,1,3370.0
900123,466,39,2024-05-12,2024-05-16,Hyderabad,Beauty & Personal Care,COD,1,780.0
900124,231,25,2024-07-15,2024-07-21,Bangalore,Home & Kitchen,Prepaid,1,3150.0
900125,542,42,2025-01-01,2025-01-03,Delhi NCR,Accessories,COD,1,810.0
900126,255,16,2024-05-14,2024-05-19,Kochi,Footwear,Prepaid,1,3900.0
900127,525,41,2024-08-14,2024-08-20,Pune,Accessories,Prepaid,1,1390.0
900128,289,26,2024-07-02,2024-07-05,Delhi NCR,Home & Kitchen,COD,1,2250.0
900129,312,7,2024-06-17,2024-06-21,Chennai,Fashion & Apparel,COD,1,2150.0
900130,330,6,2024-10-03,2024-10-08,Hyderabad,Fashion & Apparel,COD,2,3020.0
900131,368,45,2024-10-15,2024-10-17,Kochi,Accessories,COD,1,1290.0
900132,58,17,2024-05-01,2024-05-06,Chennai,Electronics,COD,1,13790.0
900133,110,45,2024-10-19,2024-10-25,Pune,Accessories,Prepaid,1,1290.0
900134,343,21,2024-07-16,2024-07-19,Chennai,Electronics,Prepaid,2,19900.0
900135,172,32,2024-06-07,2024-06-09,Mumbai,Home & Kitchen,Prepaid,1,1990.0
900136,221,19,2024-04-07,2024-04-13,Hyderabad,Electronics,COD,1,10800.0
900137,279,29,2024-04-27,2024-05-03,Delhi NCR,Home & Kitchen,Prepaid,1,2450.0
900138,1,46,2024-07-11,2024-07-16,Delhi NCR,Accessories,Prepaid,1,1320.0
900139,82,37,2025-02-17,2025-02-20,Hyderabad,Beauty & Personal Care,COD,1,810.0
900140,584,34,2024-04-19,2024-04-21,Delhi NCR,Beauty & Personal Care,Prepaid,1,410.0
900141,148,41,2025-03-14,2025-03-18,Hyderabad,Accessories,Prepaid,1,1390.0
900142,448,37,2024-07-12,2024-07-14,Pune,Beauty & Personal Care,Prepaid,2,1620.0
900143,89,32,2025-03-28,2025-04-01,Delhi NCR,Home & Kitchen,Prepaid,1,1990.0
900144,383,1,2024-12-04,2024-12-07,Mumbai,Fashion & Apparel,Prepaid,2,2220.0
900145,137,44,2024-08-18,2024-08-24,Chennai,Accessories,Prepaid,1,1130.0
900146,354,39,2024-08-30,2024-09-04,Chennai,Beauty & Personal Care,COD,1,780.0
900147,496,32,2024-12-13,2024-12-19,Hyderabad,Home & Kitchen,COD,1,1990.0
900148,43,30,2024-06-21,2024-06-24,Chennai,Home & Kitchen,COD,1,2550.0
900149,273,41,2024-06-28,2024-06-30,Hyderabad,Accessories,Prepaid,1,1390.0
900150,299,16,2024-10-13,2024-10-16,Kochi,Footwear,COD,1,3900.0
900151,33,47,2024-07-28,2024-08-03,Bangalore,Accessories,Prepaid,1,890.0
900152,163,41,2024-11-26,2024-11-30,Mumbai,Accessories,COD,1,1390.0
900153,82,3,2025-02-16,2025-02-21,Hyderabad,Fashion & Apparel,Prepaid,2,3540.0
900154,377,38,2024-06-10,2024-06-15,Delhi NCR,Beauty & Personal Care,Prepaid,1,510.0
900155,418,1,2024-05-23,2024-05-28,Hyderabad,Fashion & Apparel,Prepaid,1,1110.0
900156,319,14,2024-08-28,2024-09-02,Chennai,Footwear,COD,1,2370.0
900157,62,9,2024-10-08,2024-10-12,Pune,Footwear,COD,1,3370.0
900158,24,7,2024-04-10,2024-04-14,Mumbai,Fashion & Apparel,Prepaid,1,2150.0
900159,199,30,2024-06-17,2024-06-22,Bangalore,Home & Kitchen,Prepaid,1,2550.0
900160,428,30,2024-06-15,2024-06-19,Hyderabad,Home & Kitchen,Prepaid,1,2550.0
900161,560,26,2025-03-09,2025-03-13,Kochi,Home & Kitchen,Prepaid,1,2250.0
900162,225,46,2024-06-29,2024-07-01,Bangalore,Accessories,Prepaid,1,1320.0
900163,71,13,2025-02-25,2025-02-28,Chennai,Footwear,Prepaid,1,3000.0
900164,485,36,2024-09-23,2024-09-25,Hyderabad,Beauty & Personal Care,COD,1,1130.0
900165,259,40,2024-05-23,2024-05-29,Bangalore,Beauty & Personal Care,COD,2,1080.0
900166,330,3,2024-11-19,2024-11-21,Hyderabad,Fashion & Apparel,Prepaid,1,1770.0
900167,5,26,2024-10-17,2024-10-23,Mumbai,Home & Kitchen,COD,1,2250.0
900168,158,44,2025-03-05,2025-03-09,Mumbai,Accessories,COD,1,1130.0
900169,449,1,2025-02-23,2025-02-28,Mumbai,Fashion & Apparel,Prepaid,1,1110.0
900170,560,32,2024-07-07,2024-07-10,Kochi,Home & Kitchen,Prepaid,1,1990.0
900171,369,18,2025-02-23,2025-02-25,Delhi NCR,Electronics,COD,1,13140.0
900172,169,17,2025-02-11,2025-02-13,Hyderabad,Electronics,Prepaid,1,13790.0
900173,394,25,2024-04-28,2024-05-03,Delhi NCR,Home & Kitchen,Prepaid,1,3150.0
900174,235,29,2024-10-04,2024-10-10,Hyderabad,Home & Kitchen,Prepaid,1,2450.0
900175,60,8,2024-06-15,2024-06-21,Bangalore,Fashion & Apparel,Prepaid,1,1870.0
900176,183,43,2025-03-04,2025-03-08,Hyderabad,Accessories,Prepaid,1,910.0
900177,51,20,2024-12-12,2024-12-16,Kochi,Electronics,COD,1,12810.0
900178,418,13,2024-11-05,2024-11-10,Hyderabad,Footwear,Prepaid,3,9000.0
900179,21,45,2025-01-01,2025-01-04,Mumbai,Accessories,Prepaid,1,1290.0
900180,427,33,2024-06-02,2024-06-08,Bangalore,Beauty & Personal Care,Prepaid,2,1480.0
900181,107,47,2024-06-04,2024-06-08,Chennai,Accessories,Prepaid,1,890.0
900182,50,45,2025-03-04,2025-03-07,Kochi,Accessories,COD,1,1290.0
900183,99,36,2024-12-26,2024-12-29,Delhi NCR,Beauty & Personal Care,Prepaid,1,1130.0
900184,383,41,2024-10-22,2024-10-27,Mumbai,Accessories,COD,1,1390.0
900185,223,33,2024-10-17,2024-10-21,Pune,Beauty & Personal Care,Prepaid,1,740.0
900186,428,4,2024-06-17,2024-06-21,Hyderabad,Fashion & Apparel,COD,1,970.0
900187,19,30,2025-01-21,2025-01-25,Kochi,Home & Kitchen,COD,2,5100.0
900188,442,48,2024-09-21,2024-09-24,Kochi,Accessories,COD,3,4680.0
900189,107,41,2024-12-17,2024-12-22,Chennai,Accessories,Prepaid,1,1390.0
900190,203,10,2025-02-10,2025-02-16,Hyderabad,Footwear,Prepaid,1,3700.0
900191,527,19,2024-12-07,2024-12-13,Bangalore,Electronics,COD,2,21600.0
900192,206,5,2024-04-30,2024-05-02,Chennai,Fashion & Apparel,COD,1,1960.0
900193,418,36,2025-02-04,2025-02-08,Hyderabad,Beauty & Personal Care,COD,1,1130.0
900194,274,27,2025-03-12,2025-03-16,Mumbai,Home & Kitchen,Prepaid,1,1080.0
900195,452,25,2024-11-01,2024-11-04,Bangalore,Home & Kitchen,COD,1,3150.0
900196,7,23,2025-03-18,2025-03-23,Mumbai,Electronics,COD,2,25560.0
900197,484,7,2024-05-19,2024-05-25,Mumbai,Fashion & Apparel,Prepaid,1,2150.0
900198,203,13,2024-05-13,2024-05-15,Hyderabad,Footwear,COD,1,3000.0
900199,573,1,2025-01-31,2025-02-05,Mumbai,Fashion & Apparel,Prepaid,1,1110.0
900200,259,38,2024-05-29,2024-06-02,Bangalore,Beauty & Personal Care,COD,2,1020.0
900201,2,5,2024-07-02,2024-07-04,Mumbai,Fashion & Apparel,COD,1,1960.0
900202,423,8,2025-03-16,2025-03-19,Bangalore,Fashion & Apparel,Prepaid,1,1870.0
900203,48,8,2024-06-13,2024-06-17,Delhi NCR,Fashion & Apparel,COD,2,3740.0
900204,75,20,2025-03-17,2025-03-23,Hyderabad,Electronics,Prepaid,1,12810.0
900205,289,33,2024-12-01,2024-12-04,Delhi NCR,Beauty & Personal Care,COD,1,740.0
900206,410,10,2024-05-08,2024-05-12,Bangalore,Footwear,COD,1,3700.0
900207,400,25,2024-05-26,2024-06-01,Chennai,Home & Kitchen,COD,1,3150.0
900208,367,46,2024-08-23,2024-08-27,Mumbai,Accessories,COD,1,1320.0
900209,167,31,2024-06-12,2024-06-17,Chennai,Home & Kitchen,COD,1,1740.0
900210,549,39,2024-07-24,2024-07-27,Kochi,Beauty & Personal Care,COD,1,780.0
900211,189,21,2024-12-02,2024-12-04,Bangalore,Electronics,Prepaid,1,9950.0
900212,243,30,2024-12-23,2024-12-25,Chennai,Home & Kitchen,COD,1,2550.0
900213,319,23,2024-04-03,2024-04-06,Chennai,Electronics,Prepaid,1,12780.0
900214,383,25,2025-01-18,2025-01-24,Mumbai,Home & Kitchen,Prepaid,3,9450.0
900215,33,3,2024-07-07,2024-07-10,Bangalore,Fashion & Apparel,Prepaid,2,3540.0
900216,113,9,2024-05-30,2024-06-01,Kochi,Footwear,Prepaid,2,6740.0
900217,52,19,2024-09-24,2024-09-29,Kochi,Electronics,Prepaid,1,10800.0
900218,284,32,2025-02-18,2025-02-23,Bangalore,Home & Kitchen,Prepaid,3,5970.0
900219,575,8,2024-11-14,2024-11-20,Mumbai,Fashion & Apparel,COD,1,1870.0
900220,516,14,2025-01-31,2025-02-06,Mumbai,Footwear,Prepaid,1,2370.0
900221,10,3,2024-12-20,2024-12-25,Pune,Fashion & Apparel,COD,1,1770.0
900222,459,39,2024-12-12,2024-12-16,Hyderabad,Beauty & Personal Care,COD,3,2340.0
900223,84,12,2025-02-20,2025-02-23,Kochi,Footwear,Prepaid,1,2600.0
900224,121,13,2024-05-12,2024-05-17,Bangalore,Footwear,Prepaid,2,6000.0
900225,338,7,2025-02-09,2025-02-13,Bangalore,Fashion & Apparel,Prepaid,1,2150.0
900226,316,15,2024-10-18,2024-10-22,Bangalore,Footwear,Prepaid,3,11220.0
900227,327,7,2024-10-27,2024-10-30,Delhi NCR,Fashion & Apparel,Prepaid,3,6450.0
900228,111,13,2024-05-18,2024-05-24,Bangalore,Footwear,Prepaid,1,3000.0
900229,524,38,2025-03-27,2025-03-29,Pune,Beauty & Personal Care,Prepaid,1,510.0
900230,338,22,2024-11-22,2024-11-25,Bangalore,Electronics,COD,1,13330.0
900231,509,45,2024-08-21,2024-08-27,Mumbai,Accessories,Prepaid,1,1290.0
900232,358,47,2024-06-06,2024-06-11,Pune,Accessories,COD,1,890.0
900233,213,17,2024-05-23,2024-05-25,Bangalore,Electronics,Prepaid,1,13790.0
900234,171,29,2024-12-16,2024-12-18,Bangalore,Home & Kitchen,Prepaid,1,2450.0
900235,2,26,2025-01-12,2025-01-14,Mumbai,Home & Kitchen,COD,2,4500.0
900236,4,45,2024-07-09,2024-07-15,Chennai,Accessories,Prepaid,1,1290.0
900237,526,2,2024-08-20,2024-08-26,Bangalore,Fashion & Apparel,Prepaid,2,2380.0
900238,594,10,2024-05-05,2024-05-07,Hyderabad,Footwear,COD,2,7400.0
900239,542,36,2024-05-01,2024-05-03,Delhi NCR,Beauty & Personal Care,COD,1,1130.0
900240,210,9,2025-02-16,2025-02-18,Chennai,Footwear,Prepaid,2,6740.0
900241,298,24,2024-04-26,2024-05-02,Mumbai,Electronics,Prepaid,1,11450.0
900242,20,6,2024-11-20,2024-11-24,Pune,Fashion & Apparel,COD,2,3020.0
900243,479,5,2025-03-13,2025-03-19,Chennai,Fashion & Apparel,Prepaid,1,1960.0
900244,200,18,2024-08-26,2024-08-28,Delhi NCR,Electronics,COD,2,26280.0
900245,328,40,2024-12-17,2024-12-23,Delhi NCR,Beauty & Personal Care,Prepaid,1,540.0
900246,458,4,2024-11-01,2024-11-06,Bangalore,Fashion & Apparel,Prepaid,2,1940.0
900247,532,30,2024-12-27,2024-12-30,Pune,Home & Kitchen,COD,1,2550.0
900248,333,2,2024-07-30,2024-08-04,Hyderabad,Fashion & Apparel,COD,2,2380.0
900249,304,46,2025-02-26,2025-03-01,Pune,Accessories,COD,2,2640.0
900250,88,40,2025-03-01,2025-03-06,Chennai,Beauty & Personal Care,Prepaid,1,540.0
900251,131,19,2025-01-12,2025-01-15,Bangalore,Electronics,Prepaid,1,10800.0
900252,162,4,2025-03-11,2025-03-15,Pune,Fashion & Apparel,Prepaid,1,970.0
900253,415,36,2024-07-21,2024-07-27,Mumbai,Beauty & Personal Care,COD,1,1130.0
900254,130,3,2025-01-20,2025-01-26,Hyderabad,Fashion & Apparel,Prepaid,1,1770.0
900255,19,14,2025-02-22,2025-02-28,Kochi,Footwear,Prepaid,2,4740.0
900256,489,27,2024-06-27,2024-06-30,Delhi NCR,Home & Kitchen,Prepaid,1,1080.0
900257,179,24,2024-11-08,2024-11-12,Hyderabad,Electronics,Prepaid,1,11450.0
900258,162,39,2024-12-01,2024-12-06,Pune,Beauty & Personal Care,COD,1,780.0
900259,125,30,2025-01-22,2025-01-26,Delhi NCR,Home & Kitchen,Prepaid,2,5100.0
900260,438,20,2024-05-14,2024-05-18,Hyderabad,Electronics,COD,1,12810.0
900261,574,32,2024-08-26,2024-09-01,Mumbai,Home & Kitchen,Prepaid,1,1990.0
900262,334,43,2024-08-10,2024-08-13,Kochi,Accessories,COD,1,910.0
900263,234,36,2024-11-26,2024-11-29,Bangalore,Beauty & Personal Care,Prepaid,1,1130.0
900264,365,30,2024-09-07,2024-09-11,Delhi NCR,Home & Kitchen,COD,1,2550.0
900265,233,35,2024-11-18,2024-11-22,Chennai,Beauty & Personal Care,Prepaid,1,590.0
900266,315,35,2025-03-08,2025-03-12,Kochi,Beauty & Personal Care,Prepaid,1,590.0
900267,303,41,2024-08-15,2024-08-17,Mumbai,Accessories,Prepaid,1,1390.0
900268,261,12,2025-02-28,2025-03-06,Bangalore,Footwear,Prepaid,1,2600.0
900269,247,40,2024-08-23,2024-08-26,Delhi NCR,Beauty & Personal Care,Prepaid,1,540.0
900270,308,21,2024-10-13,2024-10-18,Kochi,Electronics,COD,2,19900.0
900271,257,25,2025-03-08,2025-03-14,Hyderabad,Home & Kitchen,Prepaid,1,3150.0
900272,1,29,2025-01-26,2025-01-30,Delhi NCR,Home & Kitchen,Prepaid,1,2450.0
900273,142,17,2025-03-21,2025-03-24,Chennai,Electronics,Prepaid,1,13790.0
900274,372,36,2024-12-22,2024-12-24,Bangalore,Beauty & Personal Care,COD,1,1130.0
900275,173,29,2024-09-18,2024-09-24,Mumbai,Home & Kitchen,COD,1,2450.0
900276,541,6,2024-06-08,2024-06-13,Bangalore,Fashion & Apparel,Prepaid,1,1510.0
900277,206,46,2024-07-20,2024-07-25,Chennai,Accessories,Prepaid,1,1320.0
900278,294,24,2024-08-14,2024-08-20,Hyderabad,Electronics,COD,1,11450.0
900279,180,45,2024-10-07,2024-10-09,Pune,Accessories,Prepaid,1,1290.0
900280,490,10,2024-07-06,2024-07-09,Delhi NCR,Footwear,Prepaid,1,3700.0
900281,563,37,2024-09-05,2024-09-07,Pune,Beauty & Personal Care,COD,1,810.0
900282,371,39,2024-05-17,2024-05-22,Bangalore,Beauty & Personal Care,Prepaid,1,780.0
900283,577,7,2024-10-22,2024-10-24,Kochi,Fashion & Apparel,Prepaid,1,2150.0
900284,202,15,2025-01-12,2025-01-15,Mumbai,Footwear,Prepaid,1,3740.0
900285,95,31,2025-02-28,2025-03-05,Mumbai,Home & Kitchen,Prepaid,3,5220.0
900286,103,36,2024-09-06,2024-09-09,Bangalore,Beauty & Personal Care,COD,1,1130.0
900287,595,18,2024-06-13,2024-06-19,Delhi NCR,Electronics,Prepaid,1,13140.0
900288,580,26,2024-11-22,2024-11-24,Delhi NCR,Home & Kitchen,COD,1,2250.0
900289,377,31,2024-05-19,2024-05-21,Delhi NCR,Home & Kitchen,COD,1,1740.0
900290,337,34,2025-01-19,2025-01-21,Bangalore,Beauty & Personal Care,Prepaid,1,410.0
900291,531,2,2024-08-30,2024-09-03,Kochi,Fashion & Apparel,Prepaid,1,1190.0
900292,68,30,2025-02-05,2025-02-08,Bangalore,Home & Kitchen,Prepaid,1,2550.0
900293,200,31,2024-10-21,2024-10-27,Delhi NCR,Home & Kitchen,COD,2,3480.0
900294,182,1,2024-12-25,2024-12-31,Kochi,Fashion & Apparel,Prepaid,1,1110.0
900295,281,45,2024-06-28,2024-07-02,Mumbai,Accessories,Prepaid,1,1290.0
900296,191,45,2024-10-25,2024-10-30,Pune,Accessories,COD,1,1290.0
900297,142,12,2025-02-23,2025-02-25,Chennai,Footwear,Prepaid,1,2600.0
900298,91,39,2024-10-19,2024-10-21,Bangalore,Beauty & Personal Care,Prepaid,1,780.0
900299,448,4,2025-02-02,2025-02-07,Pune,Fashion & Apparel,COD,1,970.0
900300,108,40,2024-05-22,2024-05-25,Chennai,Beauty & Personal Care,Prepaid,1,540.0
900301,192,34,2025-03-03,2025-03-05,Bangalore,Beauty & Personal Care,Prepaid,1,410.0
900302,10,4,2024-12-20,2024-12-25,Pune,Fashion & Apparel,COD,1,970.0
900303,129,1,2024-04-05,2024-04-11,Bangalore,Fashion & Apparel,Prepaid,1,1110.0
900304,336,8,2025-02-06,2025-02-12,Chennai,Fashion & Apparel,Prepaid,1,1870.0
900305,186,14,2025-03-20,2025-03-23,Hyderabad,Footwear,COD,1,2370.0
900306,287,5,2024-08-28,2024-08-30,Pune,Fashion & Apparel,Prepaid,1,1960.0
900307,117,14,2024-07-09,2024-07-13,Mumbai,Footwear,Prepaid,1,2370.0
900308,553,18,2024-05-12,2024-05-15,Hyderabad,Electronics,Prepaid,1,13140.0
900309,360,10,2024-06-10,2024-06-14,Delhi NCR,Footwear,Prepaid,2,7400.0
900310,463,16,2025-01-04,2025-01-06,Kochi,Footwear,COD,1,3900.0
900311,172,10,2024-10-22,2024-10-27,Mumbai,Footwear,COD,1,3700.0
900312,516,47,2024-04-24,2024-04-28,Mumbai,Accessories,Prepaid,1,890.0
900313,140,1,2024-12-25,2024-12-27,Mumbai,Fashion & Apparel,Prepaid,1,1110.0
900314,466,28,2025-03-13,2025-03-17,Hyderabad,Home & Kitchen,COD,2,6340.0
900315,270,46,2024-04-17,2024-04-21,Mumbai,Accessories,COD,1,1320.0
900316,500,30,2024-06-07,2024-06-12,Delhi NCR,Home & Kitchen,Prepaid,1,2550.0
900317,16,11,2024-12-09,2024-12-12,Delhi NCR,Footwear,Prepaid,1,2560.0
900318,510,4,2024-07-22,2024-07-25,Pune,Fashion & Apparel,COD,1,970.0
900319,77,3,2024-09-24,2024-09-27,Delhi NCR,Fashion & Apparel,COD,1,1770.0
900320,552,19,2025-03-22,2025-03-27,Chennai,Electronics,Prepaid,1,10800.0
900321,140,27,2024-10-03,2024-10-05,Mumbai,Home & Kitchen,COD,1,1080.0
900322,375,45,2024-06-04,2024-06-10,Delhi NCR,Accessories,COD,1,1290.0
900323,445,12,2024-09-23,2024-09-29,Chennai,Footwear,Prepaid,1,2600.0
900324,106,36,2025-01-16,2025-01-18,Delhi NCR,Beauty & Personal Care,Prepaid,1,1130.0
900325,127,25,2024-06-21,2024-06-23,Hyderabad,Home & Kitchen,Prepaid,2,6300.0
900326,331,27,2024-07-04,2024-07-10,Bangalore,Home & Kitchen,Prepaid,2,2160.0
900327,563,20,2025-02-23,2025-03-01,Pune,Electronics,Prepaid,1,12810.0
900328,280,17,2025-02-03,2025-02-08,Hyderabad,Electronics,Prepaid,1,13790.0
900329,562,29,2025-01-17,2025-01-22,Kochi,Home & Kitchen,Prepaid,1,2450.0
900330,32,5,2025-02-19,2025-02-24,Mumbai,Fashion & Apparel,Prepaid,1,1960.0
900331,410,2,2024-10-19,2024-10-21,Bangalore,Fashion & Apparel,Prepaid,1,1190.0
900332,331,2,2024-05-04,2024-05-06,Bangalore,Fashion & Apparel,COD,2,2380.0
900333,500,37,2024-05-19,2024-05-24,Delhi NCR,Beauty & Personal Care,Prepaid,1,810.0
900334,593,12,2024-08-04,2024-08-08,Pune,Footwear,COD,1,2600.0
900335,220,4,2024-05-29,2024-06-03,Chennai,Fashion & Apparel,COD,1,970.0
900336,8,8,2024-07-19,2024-07-22,Delhi NCR,Fashion & Apparel,Prepaid,1,1870.0
900337,280,24,2024-06-26,2024-06-30,Hyderabad,Electronics,COD,1,11450.0
900338,275,12,2024-11-01,2024-11-07,Pune,Footwear,Prepaid,1,2600.0
900339,254,12,2025-01-05,2025-01-09,Bangalore,Footwear,Prepaid,1,2600.0
900340,405,2,2025-03-03,2025-03-05,Pune,Fashion & Apparel,Prepaid,2,2380.0
900341,129,16,2024-10-02,2024-10-07,Bangalore,Footwear,COD,1,3900.0
900342,143,22,2024-09-04,2024-09-10,Bangalore,Electronics,COD,2,26660.0
900343,569,18,2024-05-20,2024-05-24,Bangalore,Electronics,Prepaid,2,26280.0
900344,5,12,2025-02-23,2025-03-01,Mumbai,Footwear,COD,1,2600.0
900345,422,4,2024-12-05,2024-12-09,Bangalore,Fashion & Apparel,Prepaid,2,1940.0
900346,111,25,2024-09-06,2024-09-08,Bangalore,Home & Kitchen,Prepaid,1,3150.0
900347,64,35,2024-04-13,2024-04-15,Hyderabad,Beauty & Personal Care,Prepaid,1,590.0
900348,552,17,2024-06-29,2024-07-01,Chennai,Electronics,COD,1,13790.0
900349,116,26,2024-07-10,2024-07-15,Mumbai,Home & Kitchen,COD,2,4500.0
900350,513,22,2025-02-12,2025-02-18,Chennai,Electronics,COD,2,26660.0
900351,320,25,2024-09-17,2024-09-19,Bangalore,Home & Kitchen,Prepaid,1,3150.0
900352,46,31,2025-03-05,2025-03-11,Bangalore,Home & Kitchen,Prepaid,1,1740.0
900353,114,4,2024-09-27,2024-09-29,Delhi NCR,Fashion & Apparel,Prepaid,2,1940.0
900354,115,7,2024-05-20,2024-05-24,Kochi,Fashion & Apparel,COD,1,2150.0
900355,389,36,2024-06-19,2024-06-23,Bangalore,Beauty & Personal Care,Prepaid,2,2260.0
900356,548,14,2024-11-17,2024-11-22,Delhi NCR,Footwear,COD,1,2370.0
900357,93,5,2025-02-01,2025-02-03,Bangalore,Fashion & Apparel,Prepaid,1,1960.0
900358,122,14,2025-01-06,2025-01-11,Mumbai,Footwear,COD,1,2370.0
900359,366,11,2024-07-04,2024-07-08,Delhi NCR,Footwear,COD,1,2560.0
900360,135,13,2025-03-07,2025-03-13,Hyderabad,Footwear,Prepaid,1,3000.0
900361,546,22,2024-09-29,2024-10-01,Bangalore,Electronics,COD,1,13330.0
900362,86,36,2024-07-19,2024-07-25,Mumbai,Beauty & Personal Care,COD,1,1130.0
900363,252,44,2024-04-24,2024-04-30,Kochi,Accessories,COD,1,1130.0
900364,223,11,2024-11-18,2024-11-24,Pune,Footwear,Prepaid,2,5120.0
900365,522,44,2024-09-11,2024-09-13,Hyderabad,Accessories,Prepaid,2,2260.0
900366,37,16,2024-04-12,2024-04-14,Kochi,Footwear,Prepaid,3,11700.0
900367,540,39,2024-09-28,2024-09-30,Delhi NCR,Beauty & Personal Care,Prepaid,2,1560.0
900368,501,16,2025-03-12,2025-03-14,Kochi,Footwear,Prepaid,1,3900.0
900369,579,44,2024-07-30,2024-08-05,Hyderabad,Accessories,COD,1,1130.0
900370,160,8,2024-06-12,2024-06-16,Pune,Fashion & Apparel,Prepaid,1,1870.0
900371,162,28,2024-11-02,2024-11-07,Pune,Home & Kitchen,Prepaid,1,3170.0
900372,157,24,2024-12-02,2024-12-07,Pune,Electronics,Prepaid,1,11450.0
900373,591,41,2024-04-19,2024-04-22,Hyderabad,Accessories,Prepaid,1,1390.0
900374,530,24,2025-03-05,2025-03-11,Delhi NCR,Electronics,COD,2,22900.0
900375,249,25,2024-08-05,2024-08-10,Pune,Home & Kitchen,Prepaid,1,3150.0
900376,49,28,2024-08-03,2024-08-09,Hyderabad,Home & Kitchen,Prepaid,1,3170.0
900377,443,48,2025-01-14,2025-01-20,Hyderabad,Accessories,COD,1,1560.0
900378,240,47,2024-09-19,2024-09-24,Chennai,Accessories,Prepaid,1,890.0
900379,408,17,2025-02-02,2025-02-08,Pune,Electronics,Prepaid,1,13790.0
900380,528,9,2024-06-23,2024-06-27,Bangalore,Footwear,Prepaid,1,3370.0
900381,548,36,2024-04-06,2024-04-12,Delhi NCR,Beauty & Personal Care,COD,1,1130.0
900382,177,3,2024-09-18,2024-09-22,Delhi NCR,Fashion & Apparel,Prepaid,1,1770.0
900383,44,10,2025-03-23,2025-03-29,Chennai,Footwear,Prepaid,2,7400.0
900384,544,42,2025-02-24,2025-02-28,Bangalore,Accessories,COD,1,810.0
900385,421,21,2024-07-31,2024-08-02,Mumbai,Electronics,COD,1,9950.0
900386,196,8,2025-01-31,2025-02-05,Mumbai,Fashion & Apparel,COD,1,1870.0
900387,5,8,2024-07-17,2024-07-20,Mumbai,Fashion & Apparel,Prepaid,1,1870.0
900388,8,45,2024-12-27,2025-01-01,Delhi NCR,Accessories,Prepaid,1,1290.0
900389,466,33,2024-05-05,2024-05-11,Hyderabad,Beauty & Personal Care,Prepaid,2,1480.0
900390,259,29,2025-03-07,2025-03-13,Bangalore,Home & Kitchen,COD,1,2450.0
900391,29,22,2024-10-17,2024-10-22,Mumbai,Electronics,COD,2,26660.0
900392,471,22,2024-06-18,2024-06-23,Hyderabad,Electronics,Prepaid,1,13330.0
900393,102,16,2024-04-12,2024-04-16,Delhi NCR,Footwear,Prepaid,2,7800.0
900394,45,31,2025-03-16,2025-03-22,Hyderabad,Home & Kitchen,Prepaid,2,3480.0
900395,280,37,2024-12-28,2025-01-02,Hyderabad,Beauty & Personal Care,COD,1,810.0
900396,29,3,2024-07-22,2024-07-27,Mumbai,Fashion & Apparel,Prepaid,1,1770.0
900397,313,47,2024-07-19,2024-07-22,Bangalore,Accessories,Prepaid,1,890.0
900398,441,43,2024-08-19,2024-08-22,Hyderabad,Accessories,COD,1,910.0
900399,218,22,2025-03-20,2025-03-23,Bangalore,Electronics,Prepaid,1,13330.0
900400,193,36,2024-06-09,2024-06-14,Bangalore,Beauty & Personal Care,COD,3,3390.0
900401,534,37,2024-06-19,2024-06-23,Mumbai,Beauty & Personal Care,Prepaid,1,810.0
900402,497,40,2024-08-18,2024-08-22,Mumbai,Beauty & Personal Care,Prepaid,1,540.0
900403,52,5,2024-08-22,2024-08-25,Kochi,Fashion & Apparel,Prepaid,1,1960.0
900404,199,1,2024-07-11,2024-07-14,Bangalore,Fashion & Apparel,Prepaid,1,1110.0
900405,20,44,2025-02-03,2025-02-09,Pune,Accessories,COD,2,2260.0
900406,495,40,2024-10-28,2024-11-03,Kochi,Beauty & Personal Care,COD,1,540.0
900407,289,27,2024-11-16,2024-11-19,Delhi NCR,Home & Kitchen,Prepaid,1,1080.0
900408,281,42,2024-08-22,2024-08-27,Mumbai,Accessories,COD,1,810.0
900409,329,6,2024-08-13,2024-08-17,Hyderabad,Fashion & Apparel,COD,2,3020.0
900410,392,9,2024-08-23,2024-08-28,Bangalore,Footwear,Prepaid,1,3370.0
900411,320,5,2024-08-24,2024-08-27,Bangalore,Fashion & Apparel,Prepaid,1,1960.0
900412,222,7,2024-07-03,2024-07-06,Bangalore,Fashion & Apparel,COD,1,2150.0
900413,205,11,2024-11-17,2024-11-20,Chennai,Footwear,COD,1,2560.0
900414,31,25,2024-07-11,2024-07-15,Mumbai,Home & Kitchen,Prepaid,1,3150.0
900415,77,16,2024-11-02,2024-11-05,Delhi NCR,Footwear,Prepaid,3,11700.0
900416,353,31,2024-09-28,2024-10-01,Bangalore,Home & Kitchen,COD,1,1740.0
900417,445,43,2024-04-28,2024-05-01,Chennai,Accessories,COD,1,910.0
900418,349,2,2024-09-15,2024-09-19,Hyderabad,Fashion & Apparel,COD,1,1190.0
900419,172,2,2024-05-21,2024-05-23,Mumbai,Fashion & Apparel,COD,1,1190.0
900420,275,2,2025-02-09,2025-02-13,Pune,Fashion & Apparel,COD,2,2380.0
900421,485,5,2024-12-31,2025-01-03,Hyderabad,Fashion & Apparel,COD,1,1960.0
900422,490,44,2024-10-11,2024-10-14,Delhi NCR,Accessories,Prepaid,2,2260.0
900423,263,31,2024-05-29,2024-06-03,Bangalore,Home & Kitchen,COD,3,5220.0
900424,469,19,2024-11-14,2024-11-20,Delhi NCR,Electronics,COD,3,32400.0
900425,245,13,2024-07-20,2024-07-24,Mumbai,Footwear,Prepaid,1,3000.0
900426,505,3,2025-01-15,2025-01-21,Mumbai,Fashion & Apparel,Prepaid,1,1770.0
900427,547,48,2024-05-14,2024-05-16,Bangalore,Accessories,COD,1,1560.0
900428,561,44,2024-07-19,2024-07-21,Pune,Accessories,Prepaid,1,1130.0
900429,360,37,2024-06-14,2024-06-18,Delhi NCR,Beauty & Personal Care,Prepaid,1,810.0
900430,249,25,2024-04-15,2024-04-19,Pune,Home & Kitchen,Prepaid,1,3150.0
900431,550,4,2024-11-29,2024-12-05,Mumbai,Fashion & Apparel,COD,1,970.0
900432,486,26,2025-01-26,2025-01-30,Pune,Home & Kitchen,COD,1,2250.0
900433,474,25,2024-10-10,2024-10-14,Hyderabad,Home & Kitchen,Prepaid,1,3150.0
900434,572,33,2024-04-29,2024-05-05,Hyderabad,Beauty & Personal Care,Prepaid,1,740.0
900435,310,19,2024-12-22,2024-12-26,Chennai,Electronics,COD,1,10800.0
900436,320,31,2024-05-05,2024-05-07,Bangalore,Home & Kitchen,Prepaid,3,5220.0
900437,304,19,2024-07-08,2024-07-11,Pune,Electronics,COD,2,21600.0
900438,448,19,2024-09-23,2024-09-25,Pune,Electronics,Prepaid,1,10800.0
900439,108,7,2024-06-02,2024-06-08,Chennai,Fashion & Apparel,Prepaid,1,2150.0
900440,403,16,2024-08-30,2024-09-05,Mumbai,Footwear,Prepaid,1,3900.0
900441,173,12,2025-03-24,2025-03-29,Mumbai,Footwear,Prepaid,1,2600.0
900442,265,30,2025-03-01,2025-03-04,Chennai,Home & Kitchen,COD,1,2550.0
900443,557,41,2024-10-16,2024-10-20,Mumbai,Accessories,Prepaid,2,2780.0
900444,237,45,2025-01-08,2025-01-11,Hyderabad,Accessories,COD,1,1290.0
900445,10,2,2025-01-08,2025-01-14,Pune,Fashion & Apparel,Prepaid,1,1190.0
900446,545,19,2024-07-02,2024-07-07,Mumbai,Electronics,Prepaid,1,10800.0
900447,30,37,2024-08-26,2024-08-28,Pune,Beauty & Personal Care,Prepaid,1,810.0
900448,75,1,2024-04-03,2024-04-07,Hyderabad,Fashion & Apparel,COD,3,3330.0
900449,564,28,2024-09-16,2024-09-20,Mumbai,Home & Kitchen,Prepaid,2,6340.0
900450,20,7,2024-10-04,2024-10-06,Pune,Fashion & Apparel,COD,2,4300.0
900451,593,42,2024-12-12,2024-12-17,Pune,Accessories,COD,1,810.0
900452,267,5,2024-10-14,2024-10-19,Bangalore,Fashion & Apparel,Prepaid,1,1960.0
900453,461,3,2024-04-25,2024-05-01,Chennai,Fashion & Apparel,Prepaid,3,5310.0
900454,284,21,2025-01-26,2025-01-28,Bangalore,Electronics,COD,1,9950.0
900455,206,23,2025-02-22,2025-02-27,Chennai,Electronics,COD,1,12780.0
900456,544,43,2024-08-25,2024-08-30,Bangalore,Accessories,Prepaid,1,910.0
900457,463,40,2024-08-06,2024-08-09,Kochi,Beauty & Personal Care,Prepaid,1,540.0
900458,229,19,2024-04-09,2024-04-14,Hyderabad,Electronics,COD,2,21600.0
900459,203,28,2024-06-02,2024-06-06,Hyderabad,Home & Kitchen,Prepaid,1,3170.0
900460,273,5,2024-08-24,2024-08-26,Hyderabad,Fashion & Apparel,COD,1,1960.0
900461,408,17,2024-12-02,2024-12-04,Pune,Electronics,Prepaid,1,13790.0
900462,598,42,2024-04-05,2024-04-09,Bangalore,Accessories,COD,2,1620.0
900463,322,33,2024-10-06,2024-10-08,Bangalore,Beauty & Personal Care,COD,1,740.0
900464,532,17,2025-01-02,2025-01-07,Pune,Electronics,Prepaid,1,13790.0
900465,327,26,2024-06-16,2024-06-21,Delhi NCR,Home & Kitchen,Prepaid,1,2250.0
900466,24,13,2024-04-15,2024-04-20,Mumbai,Footwear,COD,1,3000.0
900467,487,18,2025-01-03,2025-01-06,Delhi NCR,Electronics,Prepaid,1,13140.0
900468,281,11,2025-02-23,2025-03-01,Mumbai,Footwear,COD,1,2560.0
900469,131,25,2024-12-02,2024-12-05,Bangalore,Home & Kitchen,Prepaid,1,3150.0
900470,150,30,2024-12-02,2024-12-05,Kochi,Home & Kitchen,COD,1,2550.0
900471,216,24,2025-02-01,2025-02-06,Delhi NCR,Electronics,Prepaid,1,11450.0
900472,357,33,2025-02-27,2025-03-04,Mumbai,Beauty & Personal Care,Prepaid,2,1480.0
900473,521,2,2024-04-09,2024-04-11,Chennai,Fashion & Apparel,COD,1,1190.0
900474,464,19,2025-03-17,2025-03-23,Bangalore,Electronics,Prepaid,1,10800.0
900475,280,47,2024-11-27,2024-11-29,Hyderabad,Accessories,COD,1,890.0
900476,378,11,2025-02-02,2025-02-07,Kochi,Footwear,COD,2,5120.0
900477,348,17,2024-10-21,2024-10-26,Kochi,Electronics,Prepaid,2,27580.0
900478,235,31,2025-02-03,2025-02-05,Hyderabad,Home & Kitchen,COD,1,1740.0
900479,125,20,2024-09-04,2024-09-06,Delhi NCR,Electronics,COD,1,12810.0
900480,420,20,2025-01-12,2025-01-18,Chennai,Electronics,Prepaid,2,25620.0
900481,453,45,2025-03-29,2025-04-04,Mumbai,Accessories,COD,1,1290.0
900482,353,26,2024-12-08,2024-12-12,Bangalore,Home & Kitchen,Prepaid,3,6750.0
900483,244,40,2024-09-30,2024-10-06,Mumbai,Beauty & Personal Care,Prepaid,1,540.0
900484,77,24,2025-03-18,2025-03-21,Delhi NCR,Electronics,Prepaid,1,11450.0
900485,594,7,2024-12-04,2024-12-08,Hyderabad,Fashion & Apparel,Prepaid,1,2150.0
900486,121,19,2024-06-28,2024-07-01,Bangalore,Electronics,Prepaid,1,10800.0
900487,447,7,2024-12-08,2024-12-10,Bangalore,Fashion & Apparel,COD,1,2150.0
900488,486,14,2025-03-01,2025-03-06,Pune,Footwear,COD,1,2370.0
900489,240,10,2024-11-16,2024-11-19,Chennai,Footwear,Prepaid,1,3700.0
900490,240,42,2024-12-04,2024-12-08,Chennai,Accessories,Prepaid,1,810.0
900491,503,21,2024-07-01,2024-07-03,Chennai,Electronics,COD,1,9950.0
900492,555,39,2024-05-23,2024-05-27,Chennai,Beauty & Personal Care,Prepaid,1,780.0
900493,567,38,2024-12-15,2024-12-19,Mumbai,Beauty & Personal Care,COD,1,510.0
900494,540,20,2025-01-29,2025-01-31,Delhi NCR,Electronics,Prepaid,1,12810.0
900495,551,5,2024-12-30,2025-01-03,Hyderabad,Fashion & Apparel,Prepaid,2,3920.0
900496,279,23,2025-02-11,2025-02-13,Delhi NCR,Electronics,COD,1,12780.0
900497,129,23,2024-05-04,2024-05-06,Bangalore,Electronics,COD,1,12780.0
900498,103,37,2024-08-24,2024-08-27,Bangalore,Beauty & Personal Care,Prepaid,1,810.0
900499,467,19,2024-09-26,2024-09-30,Hyderabad,Electronics,Prepaid,2,21600.0
900500,237,24,2024-08-27,2024-09-01,Hyderabad,Electronics,COD,1,11450.0
900501,541,15,2024-10-19,2024-10-24,Bangalore,Footwear,Prepaid,1,3740.0
900502,187,4,2024-09-14,2024-09-17,Chennai,Fashion & Apparel,Prepaid,1,970.0
900503,470,21,2024-06-02,2024-06-04,Kochi,Electronics,COD,2,19900.0
900504,37,28,2024-12-14,2024-12-16,Kochi,Home & Kitchen,COD,1,3170.0
900505,556,10,2024-04-25,2024-04-28,Pune,Footwear,Prepaid,1,3700.0
900506,275,18,2024-10-04,2024-10-10,Pune,Electronics,Prepaid,1,13140.0
900507,234,7,2024-06-24,2024-06-29,Bangalore,Fashion & Apparel,COD,1,2150.0
900508,530,10,2025-02-03,2025-02-08,Delhi NCR,Footwear,COD,2,7400.0
900509,560,39,2025-02-26,2025-03-03,Kochi,Beauty & Personal Care,COD,1,780.0
900510,2,14,2024-10-21,2024-10-23,Mumbai,Footwear,Prepaid,1,2370.0
900511,97,31,2024-08-10,2024-08-13,Mumbai,Home & Kitchen,COD,1,1740.0
900512,181,28,2024-12-23,2024-12-26,Kochi,Home & Kitchen,Prepaid,1,3170.0
900513,142,6,2024-06-18,2024-06-22,Chennai,Fashion & Apparel,Prepaid,1,1510.0
900514,103,6,2024-09-08,2024-09-12,Bangalore,Fashion & Apparel,COD,1,1510.0
900515,435,9,2024-11-25,2024-11-28,Bangalore,Footwear,Prepaid,1,3370.0
900516,595,26,2024-07-13,2024-07-18,Delhi NCR,Home & Kitchen,COD,1,2250.0
900517,109,48,2024-06-28,2024-07-01,Mumbai,Accessories,COD,2,3120.0
900518,559,40,2024-11-21,2024-11-23,Kochi,Beauty & Personal Care,Prepaid,1,540.0
900519,108,5,2024-12-04,2024-12-10,Chennai,Fashion & Apparel,Prepaid,1,1960.0
900520,124,21,2025-03-02,2025-03-08,Chennai,Electronics,COD,1,9950.0
900521,18,14,2025-01-07,2025-01-11,Hyderabad,Footwear,Prepaid,1,2370.0
900522,317,44,2025-03-02,2025-03-05,Mumbai,Accessories,Prepaid,1,1130.0
900523,337,18,2025-03-05,2025-03-10,Bangalore,Electronics,COD,1,13140.0
900524,306,38,2024-11-20,2024-11-24,Chennai,Beauty & Personal Care,COD,3,1530.0
900525,542,32,2025-01-11,2025-01-14,Delhi NCR,Home & Kitchen,COD,1,1990.0
900526,20,34,2024-10-21,2024-10-27,Pune,Beauty & Personal Care,Prepaid,1,410.0
900527,525,7,2024-05-05,2024-05-11,Pune,Fashion & Apparel,COD,2,4300.0
900528,541,13,2024-08-21,2024-08-26,Bangalore,Footwear,Prepaid,2,6000.0
900529,591,34,2024-12-23,2024-12-26,Hyderabad,Beauty & Personal Care,COD,1,410.0
900530,493,38,2024-06-10,2024-06-14,Mumbai,Beauty & Personal Care,COD,1,510.0
900531,213,24,2024-08-27,2024-08-31,Bangalore,Electronics,Prepaid,1,11450.0
900532,315,35,2025-01-26,2025-01-31,Kochi,Beauty & Personal Care,Prepaid,2,1180.0
900533,128,19,2024-09-23,2024-09-27,Mumbai,Electronics,Prepaid,1,10800.0
900534,22,8,2024-04-26,2024-05-02,Chennai,Fashion & Apparel,COD,1,1870.0
900535,412,26,2024-11-20,2024-11-23,Bangalore,Home & Kitchen,COD,1,2250.0
900536,518,13,2024-05-28,2024-06-02,Bangalore,Footwear,Prepaid,1,3000.0
900537,241,1,2025-01-29,2025-02-03,Pune,Fashion & Apparel,Prepaid,2,2220.0
900538,315,31,2025-02-16,2025-02-21,Kochi,Home & Kitchen,COD,1,1740.0
900539,106,17,2025-01-28,2025-01-30,Delhi NCR,Electronics,COD,1,13790.0
900540,401,17,2025-02-24,2025-02-28,Kochi,Electronics,Prepaid,1,13790.0
900541,437,22,2024-04-27,2024-05-01,Bangalore,Electronics,COD,2,26660.0
900542,580,26,2025-01-07,2025-01-11,Delhi NCR,Home & Kitchen,COD,1,2250.0
900543,313,15,2024-12-09,2024-12-13,Bangalore,Footwear,Prepaid,1,3740.0
900544,281,30,2024-09-15,2024-09-17,Mumbai,Home & Kitchen,Prepaid,1,2550.0
900545,389,2,2025-03-04,2025-03-07,Bangalore,Fashion & Apparel,Prepaid,1,1190.0
900546,85,43,2024-06-27,2024-06-29,Pune,Accessories,COD,1,910.0
900547,480,10,2024-05-01,2024-05-04,Mumbai,Footwear,Prepaid,1,3700.0
900548,116,39,2024-04-11,2024-04-15,Mumbai,Beauty & Personal Care,Prepaid,1,780.0
900549,528,23,2024-06-18,2024-06-23,Bangalore,Electronics,COD,1,12780.0
900550,195,29,2024-10-17,2024-10-21,Mumbai,Home & Kitchen,Prepaid,1,2450.0
900551,491,19,2024-12-19,2024-12-24,Delhi NCR,Electronics,Prepaid,2,21600.0
900552,390,12,2024-06-26,2024-06-29,Mumbai,Footwear,COD,1,2600.0
900553,449,31,2024-06-11,2024-06-15,Mumbai,Home & Kitchen,Prepaid,3,5220.0
900554,212,47,2024-04-27,2024-04-30,Bangalore,Accessories,COD,1,890.0
900555,191,27,2024-04-30,2024-05-02,Pune,Home & Kitchen,Prepaid,1,1080.0
900556,162,47,2024-10-15,2024-10-20,Pune,Accessories,Prepaid,1,890.0
900557,321,19,2024-05-25,2024-05-27,Chennai,Electronics,Prepaid,2,21600.0
900558,576,36,2024-04-01,2024-04-03,Chennai,Beauty & Personal Care,Prepaid,1,1130.0
900559,289,30,2024-07-24,2024-07-26,Delhi NCR,Home & Kitchen,Prepaid,1,2550.0
900560,598,43,2024-05-14,2024-05-16,Bangalore,Accessories,COD,2,1820.0
900561,236,25,2024-09-25,2024-10-01,Mumbai,Home & Kitchen,Prepaid,1,3150.0
900562,474,31,2025-01-25,2025-01-28,Hyderabad,Home & Kitchen,Prepaid,1,1740.0
900563,123,3,2025-02-04,2025-02-10,Pune,Fashion & Apparel,COD,1,1770.0
900564,196,38,2024-09-18,2024-09-20,Mumbai,Beauty & Personal Care,COD,1,510.0
900565,265,31,2024-09-12,2024-09-17,Chennai,Home & Kitchen,COD,1,1740.0
900566,57,23,2025-02-15,2025-02-21,Delhi NCR,Electronics,Prepaid,1,12780.0
900567,336,31,2024-06-13,2024-06-15,Chennai,Home & Kitchen,COD,3,5220.0
900568,16,12,2024-06-21,2024-06-25,Delhi NCR,Footwear,COD,2,5200.0
900569,171,16,2024-09-14,2024-09-17,Bangalore,Footwear,COD,1,3900.0
900570,232,5,2024-11-02,2024-11-07,Bangalore,Fashion & Apparel,Prepaid,3,5880.0
900571,220,29,2024-09-24,2024-09-27,Chennai,Home & Kitchen,COD,1,2450.0
900572,588,7,2024-07-20,2024-07-24,Mumbai,Fashion & Apparel,Prepaid,1,2150.0
900573,243,5,2024-05-01,2024-05-04,Chennai,Fashion & Apparel,Prepaid,1,1960.0
900574,80,36,2024-06-26,2024-06-28,Mumbai,Beauty & Personal Care,COD,1,1130.0
900575,248,11,2025-03-28,2025-04-03,Hyderabad,Footwear,COD,2,5120.0
900576,124,41,2024-08-12,2024-08-14,Chennai,Accessories,COD,1,1390.0
900577,270,21,2024-05-09,2024-05-12,Mumbai,Electronics,COD,1,9950.0
900578,588,23,2025-02-21,2025-02-25,Mumbai,Electronics,Prepaid,2,25560.0
900579,335,23,2025-03-10,2025-03-13,Bangalore,Electronics,COD,1,12780.0
900580,76,33,2024-06-25,2024-06-28,Chennai,Beauty & Personal Care,Prepaid,1,740.0
900581,498,10,2024-09-19,2024-09-24,Mumbai,Footwear,Prepaid,1,3700.0
900582,532,35,2025-02-26,2025-03-03,Pune,Beauty & Personal Care,COD,1,590.0
900583,290,32,2024-05-05,2024-05-09,Delhi NCR,Home & Kitchen,COD,1,1990.0
900584,86,41,2024-12-29,2025-01-01,Mumbai,Accessories,Prepaid,1,1390.0
900585,372,40,2024-10-22,2024-10-26,Bangalore,Beauty & Personal Care,Prepaid,2,1080.0
900586,47,41,2025-01-28,2025-01-31,Kochi,Accessories,COD,1,1390.0
900587,174,37,2024-06-02,2024-06-08,Bangalore,Beauty & Personal Care,COD,1,810.0
900588,214,19,2024-09-23,2024-09-25,Bangalore,Electronics,COD,1,10800.0
900589,414,36,2024-10-24,2024-10-26,Delhi NCR,Beauty & Personal Care,Prepaid,1,1130.0
900590,97,26,2024-04-22,2024-04-27,Mumbai,Home & Kitchen,COD,1,2250.0
900591,189,28,2024-11-11,2024-11-17,Bangalore,Home & Kitchen,Prepaid,2,6340.0
900592,244,20,2024-12-21,2024-12-26,Mumbai,Electronics,COD,3,38430.0
900593,168,17,2024-11-16,2024-11-21,Bangalore,Electronics,COD,1,13790.0
900594,244,19,2024-11-17,2024-11-23,Mumbai,Electronics,COD,1,10800.0
900595,22,8,2025-03-22,2025-03-24,Chennai,Fashion & Apparel,Prepaid,1,1870.0
900596,259,48,2025-01-03,2025-01-09,Bangalore,Accessories,Prepaid,2,3120.0
900597,370,14,2024-08-11,2024-08-13,Pune,Footwear,Prepaid,1,2370.0
900598,463,40,2025-02-08,2025-02-10,Kochi,Beauty & Personal Care,Prepaid,1,540.0
900599,133,2,2025-03-01,2025-03-03,Kochi,Fashion & Apparel,Prepaid,2,2380.0
900600,204,27,2024-08-01,2024-08-06,Chennai,Home & Kitchen,Prepaid,1,1080.0
900601,412,14,2024-07-13,2024-07-16,Bangalore,Footwear,Prepaid,1,2370.0
900602,417,20,2024-09-26,2024-09-29,Mumbai,Electronics,Prepaid,1,12810.0
900603,120,4,2024-06-05,2024-06-07,Pune,Fashion & Apparel,Prepaid,1,970.0
900604,62,22,2024-10-31,2024-11-03,Pune,Electronics,Prepaid,1,13330.0
900605,330,41,2024-04-04,2024-04-07,Hyderabad,Accessories,Prepaid,1,1390.0
900606,12,39,2024-12-10,2024-12-15,Pune,Beauty & Personal Care,Prepaid,2,1560.0
900607,369,22,2025-03-01,2025-03-03,Delhi NCR,Electronics,Prepaid,1,13330.0
900608,531,12,2024-04-20,2024-04-23,Kochi,Footwear,Prepaid,1,2600.0
900609,579,9,2024-12-05,2024-12-10,Hyderabad,Footwear,COD,1,3370.0
900610,447,41,2025-01-24,2025-01-28,Bangalore,Accessories,Prepaid,2,2780.0
900611,464,42,2025-03-27,2025-03-29,Bangalore,Accessories,COD,2,1620.0
900612,399,6,2024-04-08,2024-04-13,Hyderabad,Fashion & Apparel,Prepaid,1,1510.0
900613,6,38,2024-10-25,2024-10-27,Kochi,Beauty & Personal Care,Prepaid,1,510.0
900614,600,18,2024-10-26,2024-10-30,Mumbai,Electronics,COD,1,13140.0
900615,71,31,2024-09-17,2024-09-21,Chennai,Home & Kitchen,COD,2,3480.0
900616,597,30,2024-09-01,2024-09-04,Mumbai,Home & Kitchen,COD,1,2550.0
900617,599,40,2024-09-19,2024-09-24,Delhi NCR,Beauty & Personal Care,Prepaid,1,540.0
900618,74,15,2024-08-12,2024-08-15,Hyderabad,Footwear,COD,1,3740.0
900619,168,34,2024-07-13,2024-07-18,Bangalore,Beauty & Personal Care,Prepaid,1,410.0
900620,202,3,2025-02-15,2025-02-17,Mumbai,Fashion & Apparel,Prepaid,1,1770.0
900621,540,36,2024-06-19,2024-06-24,Delhi NCR,Beauty & Personal Care,Prepaid,1,1130.0
900622,37,14,2025-01-05,2025-01-07,Kochi,Footwear,COD,1,2370.0
900623,164,7,2024-08-05,2024-08-09,Chennai,Fashion & Apparel,COD,2,4300.0
900624,211,45,2024-07-21,2024-07-25,Bangalore,Accessories,COD,1,1290.0
900625,336,21,2024-12-20,2024-12-26,Chennai,Electronics,Prepaid,1,9950.0
900626,366,42,2024-09-02,2024-09-04,Delhi NCR,Accessories,Prepaid,1,810.0
900627,104,36,2024-10-15,2024-10-18,Mumbai,Beauty & Personal Care,COD,1,1130.0
900628,397,21,2024-06-03,2024-06-05,Bangalore,Electronics,Prepaid,1,9950.0
900629,123,2,2024-09-08,2024-09-12,Pune,Fashion & Apparel,Prepaid,1,1190.0
900630,545,14,2024-04-12,2024-04-14,Mumbai,Footwear,COD,1,2370.0
900631,204,22,2024-11-14,2024-11-19,Chennai,Electronics,COD,1,13330.0
900632,401,37,2025-01-22,2025-01-27,Kochi,Beauty & Personal Care,Prepaid,1,810.0
900633,316,44,2024-08-30,2024-09-05,Bangalore,Accessories,Prepaid,1,1130.0
900634,421,44,2024-07-07,2024-07-12,Mumbai,Accessories,COD,1,1130.0
900635,40,2,2025-01-28,2025-02-03,Mumbai,Fashion & Apparel,Prepaid,1,1190.0
900636,550,42,2024-08-06,2024-08-12,Mumbai,Accessories,Prepaid,1,810.0
900637,549,6,2024-07-07,2024-07-10,Kochi,Fashion & Apparel,COD,1,1510.0
900638,326,15,2024-06-24,2024-06-27,Chennai,Footwear,Prepaid,2,7480.0
900639,183,15,2024-12-18,2024-12-22,Hyderabad,Footwear,Prepaid,1,3740.0
900640,147,41,2025-03-17,2025-03-19,Mumbai,Accessories,COD,1,1390.0
900641,542,10,2025-02-03,2025-02-07,Delhi NCR,Footwear,Prepaid,2,7400.0
900642,575,7,2025-03-22,2025-03-27,Mumbai,Fashion & Apparel,COD,2,4300.0
900643,150,40,2024-12-10,2024-12-12,Kochi,Beauty & Personal Care,Prepaid,1,540.0
900644,294,8,2024-12-09,2024-12-14,Hyderabad,Fashion & Apparel,Prepaid,2,3740.0
900645,408,12,2024-12-10,2024-12-15,Pune,Footwear,COD,1,2600.0
900646,335,17,2024-10-25,2024-10-29,Bangalore,Electronics,Prepaid,2,27580.0
900647,364,33,2024-12-06,2024-12-11,Hyderabad,Beauty & Personal Care,Prepaid,1,740.0
900648,453,3,2024-10-16,2024-10-19,Mumbai,Fashion & Apparel,COD,1,1770.0
900649,512,20,2024-09-11,2024-09-15,Kochi,Electronics,Prepaid,1,12810.0
900650,222,9,2025-03-21,2025-03-27,Bangalore,Footwear,Prepaid,1,3370.0
900651,416,9,2025-02-15,2025-02-21,Hyderabad,Footwear,Prepaid,2,6740.0
900652,165,35,2024-12-11,2024-12-16,Chennai,Beauty & Personal Care,Prepaid,1,590.0
900653,419,45,2024-04-17,2024-04-21,Delhi NCR,Accessories,Prepaid,1,1290.0
900654,375,31,2024-12-07,2024-12-13,Delhi NCR,Home & Kitchen,Prepaid,2,3480.0
900655,519,20,2024-11-28,2024-12-03,Delhi NCR,Electronics,Prepaid,1,12810.0
900656,38,30,2024-12-17,2024-12-21,Bangalore,Home & Kitchen,Prepaid,1,2550.0
900657,392,43,2024-10-12,2024-10-17,Bangalore,Accessories,COD,2,1820.0
900658,318,15,2025-02-17,2025-02-19,Delhi NCR,Footwear,Prepaid,2,7480.0
900659,171,46,2025-01-10,2025-01-14,Bangalore,Accessories,COD,1,1320.0
900660,13,23,2024-06-22,2024-06-25,Kochi,Electronics,COD,1,12780.0
900661,590,39,2024-10-27,2024-10-29,Mumbai,Beauty & Personal Care,Prepaid,1,780.0
900662,413,40,2024-10-12,2024-10-17,Delhi NCR,Beauty & Personal Care,Prepaid,1,540.0
900663,591,47,2024-06-18,2024-06-23,Hyderabad,Accessories,COD,1,890.0
900664,43,9,2025-03-16,2025-03-19,Chennai,Footwear,Prepaid,1,3370.0
900665,474,32,2025-03-27,2025-04-01,Hyderabad,Home & Kitchen,COD,2,3980.0
900666,443,28,2024-08-13,2024-08-16,Hyderabad,Home & Kitchen,Prepaid,1,3170.0
900667,54,41,2024-07-26,2024-08-01,Chennai,Accessories,Prepaid,2,2780.0
900668,366,7,2024-04-28,2024-05-04,Delhi NCR,Fashion & Apparel,COD,1,2150.0
900669,476,16,2025-01-30,2025-02-04,Mumbai,Footwear,Prepaid,1,3900.0
900670,523,28,2024-11-05,2024-11-11,Bangalore,Home & Kitchen,COD,1,3170.0
900671,406,28,2024-11-06,2024-11-11,Pune,Home & Kitchen,Prepaid,1,3170.0
900672,471,33,2024-07-08,2024-07-13,Hyderabad,Beauty & Personal Care,Prepaid,1,740.0
900673,365,11,2024-08-27,2024-09-01,Delhi NCR,Footwear,Prepaid,1,2560.0
900674,514,45,2024-09-27,2024-09-30,Chennai,Accessories,Prepaid,1,1290.0
900675,549,18,2024-05-20,2024-05-22,Kochi,Electronics,COD,1,13140.0
900676,334,21,2025-03-09,2025-03-11,Kochi,Electronics,Prepaid,1,9950.0
900677,311,6,2024-10-10,2024-10-14,Mumbai,Fashion & Apparel,COD,3,4530.0
900678,369,3,2024-06-10,2024-06-15,Delhi NCR,Fashion & Apparel,COD,1,1770.0
900679,312,38,2024-10-08,2024-10-12,Chennai,Beauty & Personal Care,COD,1,510.0
900680,262,19,2024-08-29,2024-09-04,Hyderabad,Electronics,Prepaid,1,10800.0
900681,533,31,2024-07-03,2024-07-09,Delhi NCR,Home & Kitchen,Prepaid,1,1740.0
900682,26,10,2024-05-27,2024-06-01,Hyderabad,Footwear,COD,1,3700.0
900683,265,1,2024-11-01,2024-11-07,Chennai,Fashion & Apparel,Prepaid,1,1110.0
900684,202,35,2024-08-10,2024-08-13,Mumbai,Beauty & Personal Care,COD,1,590.0
900685,174,36,2025-03-20,2025-03-22,Bangalore,Beauty & Personal Care,COD,1,1130.0
900686,225,19,2025-02-10,2025-02-15,Bangalore,Electronics,Prepaid,1,10800.0
900687,517,23,2024-08-30,2024-09-03,Chennai,Electronics,Prepaid,1,12780.0
900688,199,21,2024-11-22,2024-11-27,Bangalore,Electronics,Prepaid,1,9950.0
900689,154,24,2024-12-02,2024-12-06,Chennai,Electronics,Prepaid,1,11450.0
900690,567,11,2024-09-30,2024-10-04,Mumbai,Footwear,Prepaid,1,2560.0
900691,9,35,2024-08-14,2024-08-19,Bangalore,Beauty & Personal Care,Prepaid,1,590.0
900692,422,30,2024-07-08,2024-07-11,Bangalore,Home & Kitchen,Prepaid,2,5100.0
900693,52,14,2025-01-16,2025-01-20,Kochi,Footwear,COD,2,4740.0
900694,238,14,2024-10-01,2024-10-05,Delhi NCR,Footwear,Prepaid,1,2370.0
900695,581,33,2024-12-31,2025-01-02,Bangalore,Beauty & Personal Care,COD,1,740.0
900696,224,18,2024-12-10,2024-12-15,Kochi,Electronics,Prepaid,1,13140.0
900697,33,17,2024-08-18,2024-08-21,Bangalore,Electronics,Prepaid,2,27580.0
900698,363,15,2025-02-25,2025-02-27,Hyderabad,Footwear,Prepaid,1,3740.0
900699,461,6,2024-10-07,2024-10-09,Chennai,Fashion & Apparel,Prepaid,1,1510.0
900700,34,33,2024-08-08,2024-08-12,Bangalore,Beauty & Personal Care,Prepaid,1,740.0
900701,439,3,2024-05-18,2024-05-24,Hyderabad,Fashion & Apparel,Prepaid,3,5310.0
900702,297,43,2024-11-28,2024-12-01,Delhi NCR,Accessories,COD,2,1820.0
900703,293,33,2024-07-21,2024-07-24,Delhi NCR,Beauty & Personal Care,COD,1,740.0
900704,32,27,2024-10-09,2024-10-14,Mumbai,Home & Kitchen,Prepaid,1,1080.0
900705,280,45,2024-09-20,2024-09-26,Hyderabad,Accessories,COD,2,2580.0
900706,210,3,2024-09-15,2024-09-18,Chennai,Fashion & Apparel,Prepaid,2,3540.0
900707,199,47,2024-09-05,2024-09-09,Bangalore,Accessories,COD,2,1780.0
900708,582,26,2024-10-09,2024-10-14,Hyderabad,Home & Kitchen,COD,1,2250.0
900709,190,9,2024-11-16,2024-11-20,Delhi NCR,Footwear,COD,1,3370.0
900710,243,26,2024-12-17,2024-12-20,Chennai,Home & Kitchen,Prepaid,1,2250.0
900711,437,38,2024-06-07,2024-06-12,Bangalore,Beauty & Personal Care,Prepaid,2,1020.0
900712,594,29,2024-08-12,2024-08-14,Hyderabad,Home & Kitchen,Prepaid,1,2450.0
900713,259,18,2024-10-16,2024-10-21,Bangalore,Electronics,COD,1,13140.0
900714,597,12,2024-08-06,2024-08-12,Mumbai,Footwear,Prepaid,1,2600.0
900715,591,25,2025-03-09,2025-03-11,Hyderabad,Home & Kitchen,COD,1,3150.0
900716,76,1,2025-01-19,2025-01-24,Chennai,Fashion & Apparel,Prepaid,1,1110.0
900717,66,4,2025-01-24,2025-01-29,Delhi NCR,Fashion & Apparel,Prepaid,1,970.0
900718,585,41,2024-04-19,2024-04-21,Bangalore,Accessories,Prepaid,2,2780.0
900719,503,38,2024-08-09,2024-08-11,Chennai,Beauty & Personal Care,Prepaid,1,510.0
900720,551,21,2025-03-19,2025-03-24,Hyderabad,Electronics,Prepaid,2,19900.0
900721,221,11,2024-07-12,2024-07-16,Hyderabad,Footwear,Prepaid,2,5120.0
900722,524,48,2024-05-23,2024-05-29,Pune,Accessories,COD,1,1560.0
900723,134,30,2024-06-26,2024-06-28,Delhi NCR,Home & Kitchen,Prepaid,1,2550.0
900724,526,13,2024-04-03,2024-04-06,Bangalore,Footwear,Prepaid,1,3000.0
900725,27,9,2024-11-19,2024-11-22,Bangalore,Footwear,Prepaid,1,3370.0
900726,325,8,2024-10-21,2024-10-26,Bangalore,Fashion & Apparel,Prepaid,1,1870.0
900727,148,21,2024-04-03,2024-04-05,Hyderabad,Electronics,COD,1,9950.0
900728,393,4,2024-06-25,2024-06-29,Delhi NCR,Fashion & Apparel,Prepaid,1,970.0
900729,524,27,2024-07-19,2024-07-23,Pune,Home & Kitchen,Prepaid,2,2160.0
900730,420,27,2025-01-25,2025-01-29,Chennai,Home & Kitchen,COD,1,1080.0
900731,498,14,2024-12-30,2025-01-01,Mumbai,Footwear,Prepaid,1,2370.0
900732,237,33,2024-05-21,2024-05-24,Hyderabad,Beauty & Personal Care,Prepaid,1,740.0
900733,583,14,2024-04-07,2024-04-10,Bangalore,Footwear,Prepaid,1,2370.0
900734,442,23,2024-06-09,2024-06-13,Kochi,Electronics,Prepaid,2,25560.0
900735,466,7,2024-09-20,2024-09-25,Hyderabad,Fashion & Apparel,Prepaid,1,2150.0
900736,278,11,2024-11-01,2024-11-05,Mumbai,Footwear,Prepaid,1,2560.0
900737,17,44,2024-07-13,2024-07-15,Kochi,Accessories,COD,1,1130.0
900738,502,31,2024-11-30,2024-12-05,Mumbai,Home & Kitchen,Prepaid,1,1740.0
900739,531,2,2025-03-12,2025-03-18,Kochi,Fashion & Apparel,COD,1,1190.0
900740,482,33,2025-01-11,2025-01-16,Bangalore,Beauty & Personal Care,Prepaid,1,740.0
900741,180,22,2024-11-19,2024-11-21,Pune,Electronics,COD,1,13330.0
900742,142,25,2024-11-27,2024-11-30,Chennai,Home & Kitchen,COD,1,3150.0
900743,364,10,2024-10-04,2024-10-07,Hyderabad,Footwear,COD,1,3700.0
900744,457,16,2025-02-16,2025-02-18,Pune,Footwear,Prepaid,1,3900.0
900745,514,31,2024-09-08,2024-09-13,Chennai,Home & Kitchen,Prepaid,1,1740.0
900746,504,30,2025-02-26,2025-03-02,Pune,Home & Kitchen,Prepaid,2,5100.0
900747,436,38,2024-06-03,2024-06-05,Mumbai,Beauty & Personal Care,Prepaid,1,510.0
900748,200,18,2024-11-05,2024-11-09,Delhi NCR,Electronics,Prepaid,1,13140.0
900749,67,26,2024-07-09,2024-07-12,Pune,Home & Kitchen,COD,1,2250.0
900750,425,13,2024-08-22,2024-08-26,Hyderabad,Footwear,Prepaid,1,3000.0
900751,338,23,2024-11-14,2024-11-20,Bangalore,Electronics,Prepaid,2,25560.0
900752,275,45,2024-06-10,2024-06-13,Pune,Accessories,COD,2,2580.0
900753,1,4,2024-06-09,2024-06-11,Delhi NCR,Fashion & Apparel,Prepaid,1,970.0
900754,487,41,2025-03-22,2025-03-28,Delhi NCR,Accessories,Prepaid,1,1390.0
900755,252,29,2024-06-26,2024-06-29,Kochi,Home & Kitchen,COD,2,4900.0
900756,242,6,2024-10-23,2024-10-25,Kochi,Fashion & Apparel,COD,2,3020.0
900757,266,10,2024-05-13,2024-05-17,Delhi NCR,Footwear,COD,1,3700.0
900758,111,43,2024-04-05,2024-04-11,Bangalore,Accessories,Prepaid,1,910.0
900759,243,43,2024-09-25,2024-09-30,Chennai,Accessories,Prepaid,1,910.0
900760,448,7,2024-09-07,2024-09-13,Pune,Fashion & Apparel,COD,2,4300.0
900761,278,30,2024-10-25,2024-10-29,Mumbai,Home & Kitchen,COD,1,2550.0
900762,52,41,2024-12-28,2024-12-31,Kochi,Accessories,COD,2,2780.0
900763,263,27,2024-09-15,2024-09-20,Bangalore,Home & Kitchen,COD,1,1080.0
900764,197,22,2024-09-08,2024-09-10,Hyderabad,Electronics,Prepaid,1,13330.0
900765,530,14,2024-05-30,2024-06-01,Delhi NCR,Footwear,Prepaid,1,2370.0
900766,274,31,2025-01-12,2025-01-18,Mumbai,Home & Kitchen,COD,1,1740.0
900767,18,30,2024-12-05,2024-12-10,Hyderabad,Home & Kitchen,COD,1,2550.0
900768,429,5,2024-07-04,2024-07-09,Bangalore,Fashion & Apparel,Prepaid,1,1960.0
900769,535,47,2024-08-13,2024-08-18,Bangalore,Accessories,COD,1,890.0
900770,67,42,2025-01-04,2025-01-07,Pune,Accessories,COD,1,810.0
900771,63,32,2025-03-06,2025-03-10,Mumbai,Home & Kitchen,COD,2,3980.0
900772,18,16,2024-08-21,2024-08-24,Hyderabad,Footwear,COD,1,3900.0
900773,570,34,2024-09-02,2024-09-08,Hyderabad,Beauty & Personal Care,Prepaid,1,410.0
900774,542,22,2024-12-14,2024-12-18,Delhi NCR,Electronics,Prepaid,1,13330.0
900775,423,25,2024-04-27,2024-05-03,Bangalore,Home & Kitchen,COD,1,3150.0
900776,479,37,2025-01-02,2025-01-07,Chennai,Beauty & Personal Care,Prepaid,1,810.0
900777,356,46,2024-06-28,2024-06-30,Mumbai,Accessories,COD,1,1320.0
900778,192,35,2025-02-05,2025-02-07,Bangalore,Beauty & Personal Care,Prepaid,1,590.0
900779,337,37,2025-01-23,2025-01-25,Bangalore,Beauty & Personal Care,COD,2,1620.0
900780,173,30,2025-02-23,2025-02-27,Mumbai,Home & Kitchen,COD,2,5100.0
900781,515,10,2025-01-29,2025-02-03,Bangalore,Footwear,Prepaid,1,3700.0
900782,174,39,2024-08-10,2024-08-15,Bangalore,Beauty & Personal Care,COD,1,780.0
900783,8,39,2024-04-25,2024-04-27,Delhi NCR,Beauty & Personal Care,Prepaid,1,780.0
900784,468,14,2025-03-08,2025-03-12,Chennai,Footwear,Prepaid,1,2370.0
900785,360,39,2024-05-10,2024-05-12,Delhi NCR,Beauty & Personal Care,COD,1,780.0
900786,65,1,2025-02-12,2025-02-16,Pune,Fashion & Apparel,Prepaid,2,2220.0
900787,448,6,2024-08-30,2024-09-05,Pune,Fashion & Apparel,COD,1,1510.0
900788,407,2,2024-07-21,2024-07-23,Mumbai,Fashion & Apparel,Prepaid,1,1190.0
900789,524,17,2024-12-22,2024-12-26,Pune,Electronics,Prepaid,1,13790.0
900790,430,35,2024-06-17,2024-06-21,Chennai,Beauty & Personal Care,COD,1,590.0
900791,412,10,2024-07-02,2024-07-05,Bangalore,Footwear,Prepaid,1,3700.0
900792,436,1,2024-09-19,2024-09-25,Mumbai,Fashion & Apparel,Prepaid,1,1110.0
900793,232,20,2025-02-20,2025-02-25,Bangalore,Electronics,Prepaid,3,38430.0
900794,435,23,2024-07-05,2024-07-10,Bangalore,Electronics,COD,1,12780.0
900795,242,31,2024-04-08,2024-04-14,Kochi,Home & Kitchen,Prepaid,1,1740.0
900796,2,41,2024-11-26,2024-11-29,Mumbai,Accessories,COD,1,1390.0
900797,400,3,2024-09-17,2024-09-21,Chennai,Fashion & Apparel,COD,2,3540.0
900798,465,11,2025-01-18,2025-01-21,Bangalore,Footwear,Prepaid,1,2560.0
900799,357,46,2024-05-11,2024-05-17,Mumbai,Accessories,Prepaid,1,1320.0
900800,292,37,2024-04-05,2024-04-11,Mumbai,Beauty & Personal Care,Prepaid,1,810.0
900801,156,3,2024-08-26,2024-09-01,Bangalore,Fashion & Apparel,COD,1,1770.0
900802,450,7,2024-04-26,2024-05-01,Pune,Fashion & Apparel,Prepaid,1,2150.0
900803,474,32,2024-07-17,2024-07-22,Hyderabad,Home & Kitchen,COD,1,1990.0
900804,202,7,2025-02-24,2025-02-28,Mumbai,Fashion & Apparel,Prepaid,1,2150.0
900805,218,12,2024-06-20,2024-06-24,Bangalore,Footwear,Prepaid,1,2600.0
900806,118,10,2024-06-27,2024-06-30,Delhi NCR,Footwear,Prepaid,3,11100.0
900807,450,47,2024-06-23,2024-06-25,Pune,Accessories,Prepaid,1,890.0
900808,485,46,2024-05-22,2024-05-24,Hyderabad,Accessories,COD,1,1320.0
900809,87,27,2024-11-19,2024-11-21,Pune,Home & Kitchen,COD,1,1080.0
900810,12,38,2025-02-19,2025-02-24,Pune,Beauty & Personal Care,COD,1,510.0
900811,122,30,2024-09-06,2024-09-08,Mumbai,Home & Kitchen,Prepaid,1,2550.0
900812,73,46,2024-04-12,2024-04-15,Chennai,Accessories,Prepaid,1,1320.0
900813,134,32,2024-04-26,2024-04-28,Delhi NCR,Home & Kitchen,COD,2,3980.0
900814,211,4,2024-08-26,2024-08-30,Bangalore,Fashion & Apparel,Prepaid,2,1940.0
900815,234,26,2024-08-18,2024-08-24,Bangalore,Home & Kitchen,Prepaid,1,2250.0
900816,380,20,2024-09-16,2024-09-22,Chennai,Electronics,Prepaid,1,12810.0
900817,347,42,2024-12-23,2024-12-27,Bangalore,Accessories,Prepaid,1,810.0
900818,479,27,2025-03-06,2025-03-10,Chennai,Home & Kitchen,Prepaid,1,1080.0
900819,201,42,2024-04-14,2024-04-19,Hyderabad,Accessories,Prepaid,1,810.0
900820,577,12,2024-10-21,2024-10-27,Kochi,Footwear,COD,1,2600.0
900821,73,21,2024-12-22,2024-12-24,Chennai,Electronics,Prepaid,1,9950.0
900822,293,4,2025-01-08,2025-01-14,Delhi NCR,Fashion & Apparel,Prepaid,1,970.0
900823,465,42,2024-11-24,2024-11-29,Bangalore,Accessories,COD,1,810.0
900824,124,19,2025-03-27,2025-03-31,Chennai,Electronics,COD,1,10800.0
900825,386,32,2024-05-29,2024-06-01,Kochi,Home & Kitchen,Prepaid,1,1990.0
900826,101,32,2024-09-14,2024-09-16,Bangalore,Home & Kitchen,Prepaid,1,1990.0
900827,310,48,2024-07-15,2024-07-18,Chennai,Accessories,COD,1,1560.0
900828,526,32,2024-11-20,2024-11-24,Bangalore,Home & Kitchen,COD,1,1990.0
900829,519,17,2025-03-21,2025-03-24,Delhi NCR,Electronics,Prepaid,2,27580.0
900830,139,1,2025-02-20,2025-02-26,Delhi NCR,Fashion & Apparel,COD,1,1110.0
900831,431,8,2024-12-12,2024-12-16,Pune,Fashion & Apparel,Prepaid,1,1870.0
900832,551,14,2024-10-22,2024-10-27,Hyderabad,Footwear,COD,2,4740.0
900833,10,23,2024-11-09,2024-11-12,Pune,Electronics,Prepaid,3,38340.0
900834,119,44,2024-07-06,2024-07-12,Delhi NCR,Accessories,COD,1,1130.0
900835,304,1,2024-05-19,2024-05-21,Pune,Fashion & Apparel,Prepaid,2,2220.0
900836,571,17,2025-03-06,2025-03-11,Delhi NCR,Electronics,COD,1,13790.0
900837,386,6,2024-10-23,2024-10-25,Kochi,Fashion & Apparel,Prepaid,1,1510.0
900838,220,44,2024-10-11,2024-10-14,Chennai,Accessories,Prepaid,2,2260.0
900839,378,40,2024-11-06,2024-11-12,Kochi,Beauty & Personal Care,COD,2,1080.0
900840,424,13,2024-07-26,2024-08-01,Bangalore,Footwear,Prepaid,2,6000.0
900841,492,20,2024-07-19,2024-07-23,Chennai,Electronics,COD,1,12810.0
900842,373,44,2024-10-28,2024-10-31,Mumbai,Accessories,COD,1,1130.0
900843,407,21,2024-09-20,2024-09-25,Mumbai,Electronics,COD,1,9950.0
900844,379,42,2024-04-02,2024-04-07,Bangalore,Accessories,COD,2,1620.0
900845,283,3,2025-02-20,2025-02-25,Mumbai,Fashion & Apparel,Prepaid,2,3540.0
900846,147,1,2025-01-05,2025-01-07,Mumbai,Fashion & Apparel,COD,2,2220.0
900847,397,16,2024-11-29,2024-12-02,Bangalore,Footwear,Prepaid,2,7800.0
900848,505,6,2024-10-17,2024-10-20,Mumbai,Fashion & Apparel,COD,1,1510.0
900849,253,8,2024-08-10,2024-08-15,Bangalore,Fashion & Apparel,COD,2,3740.0
900850,314,45,2024-07-25,2024-07-28,Kochi,Accessories,COD,1,1290.0
900851,453,38,2024-11-18,2024-11-21,Mumbai,Beauty & Personal Care,Prepaid,1,510.0
900852,73,32,2024-07-15,2024-07-19,Chennai,Home & Kitchen,Prepaid,1,1990.0
900853,259,48,2024-11-26,2024-11-30,Bangalore,Accessories,Prepaid,1,1560.0
900854,178,18,2024-06-10,2024-06-14,Chennai,Electronics,Prepaid,1,13140.0
900855,298,16,2025-02-21,2025-02-25,Mumbai,Footwear,COD,1,3900.0
900856,206,15,2024-05-11,2024-05-14,Chennai,Footwear,Prepaid,1,3740.0
900857,394,7,2025-02-12,2025-02-17,Delhi NCR,Fashion & Apparel,Prepaid,1,2150.0
900858,221,24,2024-07-20,2024-07-25,Hyderabad,Electronics,Prepaid,2,22900.0
900859,542,19,2024-09-21,2024-09-27,Delhi NCR,Electronics,Prepaid,1,10800.0
900860,338,19,2025-02-18,2025-02-21,Bangalore,Electronics,COD,1,10800.0
900861,158,37,2025-02-20,2025-02-26,Mumbai,Beauty & Personal Care,Prepaid,1,810.0
900862,323,21,2024-04-04,2024-04-08,Chennai,Electronics,Prepaid,1,9950.0
900863,516,6,2024-09-14,2024-09-16,Mumbai,Fashion & Apparel,Prepaid,1,1510.0
900864,227,40,2024-10-11,2024-10-14,Bangalore,Beauty & Personal Care,Prepaid,1,540.0
900865,465,26,2024-09-09,2024-09-13,Bangalore,Home & Kitchen,Prepaid,1,2250.0
900866,442,48,2024-10-17,2024-10-22,Kochi,Accessories,COD,1,1560.0
900867,227,46,2024-10-11,2024-10-15,Bangalore,Accessories,Prepaid,1,1320.0
900868,212,32,2024-05-28,2024-05-31,Bangalore,Home & Kitchen,COD,1,1990.0
900869,48,43,2024-05-14,2024-05-19,Delhi NCR,Accessories,Prepaid,2,1820.0
900870,157,15,2024-08-22,2024-08-25,Pune,Footwear,COD,1,3740.0
900871,331,24,2024-04-30,2024-05-02,Bangalore,Electronics,COD,1,11450.0
900872,577,46,2024-04-20,2024-04-23,Kochi,Accessories,COD,1,1320.0
900873,267,3,2024-11-02,2024-11-06,Bangalore,Fashion & Apparel,Prepaid,1,1770.0
900874,474,21,2024-06-29,2024-07-04,Hyderabad,Electronics,Prepaid,1,9950.0
900875,255,12,2025-01-03,2025-01-07,Kochi,Footwear,Prepaid,1,2600.0
900876,507,20,2024-07-05,2024-07-10,Bangalore,Electronics,Prepaid,1,12810.0
900877,291,12,2024-09-05,2024-09-11,Hyderabad,Footwear,Prepaid,1,2600.0
900878,519,37,2024-08-21,2024-08-26,Delhi NCR,Beauty & Personal Care,Prepaid,1,810.0
900879,598,3,2024-04-20,2024-04-24,Bangalore,Fashion & Apparel,Prepaid,2,3540.0
900880,35,31,2024-10-05,2024-10-07,Delhi NCR,Home & Kitchen,Prepaid,2,3480.0
900881,505,16,2024-10-30,2024-11-03,Mumbai,Footwear,COD,1,3900.0
900882,201,16,2024-11-28,2024-11-30,Hyderabad,Footwear,Prepaid,2,7800.0
900883,415,47,2024-05-17,2024-05-21,Mumbai,Accessories,Prepaid,1,890.0
900884,171,13,2024-10-19,2024-10-22,Bangalore,Footwear,Prepaid,1,3000.0
900885,494,47,2024-04-26,2024-04-30,Bangalore,Accessories,Prepaid,1,890.0
900886,434,23,2024-08-27,2024-09-02,Chennai,Electronics,COD,1,12780.0
900887,395,19,2024-06-09,2024-06-13,Delhi NCR,Electronics,COD,1,10800.0
900888,487,16,2025-03-10,2025-03-13,Delhi NCR,Footwear,Prepaid,1,3900.0
900889,214,19,2024-09-28,2024-10-02,Bangalore,Electronics,Prepaid,2,21600.0
900890,42,6,2024-09-27,2024-09-30,Pune,Fashion & Apparel,COD,1,1510.0
900891,49,20,2025-03-07,2025-03-13,Hyderabad,Electronics,COD,1,12810.0
900892,94,6,2024-06-06,2024-06-09,Delhi NCR,Fashion & Apparel,Prepaid,1,1510.0
900893,578,10,2025-03-01,2025-03-05,Delhi NCR,Footwear,Prepaid,1,3700.0
900894,306,35,2024-12-21,2024-12-26,Chennai,Beauty & Personal Care,COD,1,590.0
900895,471,34,2024-06-27,2024-07-02,Hyderabad,Beauty & Personal Care,COD,2,820.0
900896,586,28,2024-05-08,2024-05-13,Bangalore,Home & Kitchen,COD,1,3170.0
900897,368,7,2024-09-20,2024-09-25,Kochi,Fashion & Apparel,COD,1,2150.0
900898,581,30,2024-04-05,2024-04-09,Bangalore,Home & Kitchen,COD,1,2550.0
900899,327,6,2024-06-30,2024-07-03,Delhi NCR,Fashion & Apparel,COD,1,1510.0
900900,589,44,2024-05-11,2024-05-13,Bangalore,Accessories,COD,1,1130.0
900901,263,17,2024-05-17,2024-05-19,Bangalore,Electronics,COD,1,13790.0
900902,16,5,2024-10-14,2024-10-20,Delhi NCR,Fashion & Apparel,Prepaid,1,1960.0
900903,537,47,2024-12-02,2024-12-08,Delhi NCR,Accessories,COD,1,890.0
900904,410,7,2024-07-07,2024-07-13,Bangalore,Fashion & Apparel,COD,2,4300.0
900905,454,48,2024-04-28,2024-04-30,Mumbai,Accessories,Prepaid,1,1560.0
900906,15,38,2024-08-21,2024-08-27,Bangalore,Beauty & Personal Care,COD,1,510.0
900907,60,47,2024-11-27,2024-12-01,Bangalore,Accessories,Prepaid,1,890.0
900908,217,36,2024-11-13,2024-11-19,Mumbai,Beauty & Personal Care,Prepaid,1,1130.0
900909,118,11,2024-08-13,2024-08-16,Delhi NCR,Footwear,COD,1,2560.0
900910,320,17,2024-04-15,2024-04-18,Bangalore,Electronics,Prepaid,2,27580.0
900911,595,40,2025-01-06,2025-01-08,Delhi NCR,Beauty & Personal Care,Prepaid,1,540.0
900912,303,20,2025-01-24,2025-01-29,Mumbai,Electronics,Prepaid,2,25620.0
900913,548,2,2024-12-09,2024-12-13,Delhi NCR,Fashion & Apparel,COD,1,1190.0
900914,600,13,2025-02-01,2025-02-07,Mumbai,Footwear,COD,1,3000.0
900915,184,7,2025-01-09,2025-01-11,Mumbai,Fashion & Apparel,Prepaid,1,2150.0
900916,305,4,2025-01-26,2025-01-29,Bangalore,Fashion & Apparel,COD,1,970.0
900917,515,8,2025-01-20,2025-01-25,Bangalore,Fashion & Apparel,Prepaid,1,1870.0
900918,92,16,2024-04-12,2024-04-16,Hyderabad,Footwear,COD,2,7800.0
900919,596,48,2025-02-24,2025-03-01,Mumbai,Accessories,Prepaid,1,1560.0
900920,461,38,2024-04-19,2024-04-25,Chennai,Beauty & Personal Care,Prepaid,1,510.0
900921,227,4,2025-01-22,2025-01-26,Bangalore,Fashion & Apparel,COD,1,970.0
900922,505,12,2025-02-23,2025-02-26,Mumbai,Footwear,Prepaid,3,7800.0
900923,88,28,2024-10-27,2024-10-31,Chennai,Home & Kitchen,Prepaid,2,6340.0
900924,493,20,2024-04-19,2024-04-24,Mumbai,Electronics,COD,1,12810.0
900925,153,26,2025-02-24,2025-02-27,Bangalore,Home & Kitchen,Prepaid,1,2250.0
900926,475,43,2024-12-06,2024-12-10,Bangalore,Accessories,COD,2,1820.0
900927,408,34,2025-01-16,2025-01-21,Pune,Beauty & Personal Care,COD,1,410.0
900928,301,38,2024-08-12,2024-08-14,Bangalore,Beauty & Personal Care,COD,2,1020.0
900929,170,26,2025-03-26,2025-03-31,Bangalore,Home & Kitchen,Prepaid,1,2250.0
900930,331,46,2024-07-13,2024-07-16,Bangalore,Accessories,COD,1,1320.0
900931,95,46,2024-08-21,2024-08-23,Mumbai,Accessories,COD,1,1320.0
900932,160,1,2024-05-24,2024-05-26,Pune,Fashion & Apparel,COD,1,1110.0
900933,448,34,2024-04-29,2024-05-02,Pune,Beauty & Personal Care,COD,2,820.0
900934,466,26,2024-04-08,2024-04-10,Hyderabad,Home & Kitchen,Prepaid,1,2250.0
900935,267,26,2024-04-10,2024-04-16,Bangalore,Home & Kitchen,Prepaid,1,2250.0
900936,172,22,2024-09-08,2024-09-10,Mumbai,Electronics,COD,1,13330.0
900937,560,48,2024-08-18,2024-08-22,Kochi,Accessories,COD,1,1560.0
900938,531,16,2024-10-26,2024-10-30,Kochi,Footwear,Prepaid,1,3900.0
900939,600,17,2024-12-01,2024-12-03,Mumbai,Electronics,COD,1,13790.0
900940,474,46,2024-09-04,2024-09-09,Hyderabad,Accessories,COD,2,2640.0
900941,363,36,2025-01-09,2025-01-12,Hyderabad,Beauty & Personal Care,COD,2,2260.0
900942,102,40,2024-08-11,2024-08-16,Delhi NCR,Beauty & Personal Care,Prepaid,1,540.0
900943,91,34,2024-05-27,2024-05-31,Bangalore,Beauty & Personal Care,Prepaid,1,410.0
900944,342,29,2024-12-26,2024-12-31,Hyderabad,Home & Kitchen,COD,1,2450.0
900945,422,46,2024-06-28,2024-06-30,Bangalore,Accessories,COD,1,1320.0
900946,473,36,2024-10-17,2024-10-21,Chennai,Beauty & Personal Care,COD,2,2260.0
900947,400,48,2024-08-03,2024-08-08,Chennai,Accessories,Prepaid,1,1560.0
900948,77,42,2024-07-04,2024-07-06,Delhi NCR,Accessories,Prepaid,1,810.0
900949,130,38,2025-02-01,2025-02-04,Hyderabad,Beauty & Personal Care,Prepaid,2,1020.0
900950,389,46,2024-04-18,2024-04-21,Bangalore,Accessories,COD,1,1320.0
900951,148,12,2024-09-12,2024-09-18,Hyderabad,Footwear,Prepaid,1,2600.0
900952,348,33,2024-05-26,2024-05-29,Kochi,Beauty & Personal Care,Prepaid,1,740.0
900953,413,22,2024-04-14,2024-04-17,Delhi NCR,Electronics,COD,1,13330.0
900954,63,7,2024-11-16,2024-11-22,Mumbai,Fashion & Apparel,COD,1,2150.0
900955,587,36,2024-06-24,2024-06-30,Hyderabad,Beauty & Personal Care,COD,1,1130.0
900956,364,34,2024-10-05,2024-10-10,Hyderabad,Beauty & Personal Care,Prepaid,1,410.0
900957,289,21,2024-10-10,2024-10-14,Delhi NCR,Electronics,COD,1,9950.0
900958,577,21,2024-07-18,2024-07-20,Kochi,Electronics,Prepaid,1,9950.0
900959,248,9,2024-04-14,2024-04-16,Hyderabad,Footwear,COD,1,3370.0
900960,203,20,2024-10-31,2024-11-05,Hyderabad,Electronics,Prepaid,1,12810.0
900961,540,24,2024-10-19,2024-10-22,Delhi NCR,Electronics,Prepaid,1,11450.0
900962,99,1,2024-08-20,2024-08-26,Delhi NCR,Fashion & Apparel,Prepaid,1,1110.0
900963,371,25,2024-04-24,2024-04-26,Bangalore,Home & Kitchen,COD,3,9450.0
900964,122,19,2024-04-24,2024-04-30,Mumbai,Electronics,Prepaid,1,10800.0
900965,33,21,2024-12-07,2024-12-10,Bangalore,Electronics,Prepaid,1,9950.0
900966,544,3,2024-05-19,2024-05-25,Bangalore,Fashion & Apparel,Prepaid,1,1770.0
900967,505,17,2024-12-11,2024-12-13,Mumbai,Electronics,COD,1,13790.0
900968,402,16,2024-07-13,2024-07-15,Chennai,Footwear,Prepaid,1,3900.0
900969,67,31,2024-07-07,2024-07-12,Pune,Home & Kitchen,Prepaid,1,1740.0
900970,420,17,2025-01-07,2025-01-11,Chennai,Electronics,Prepaid,1,13790.0
900971,480,8,2024-04-24,2024-04-28,Mumbai,Fashion & Apparel,COD,1,1870.0
900972,56,5,2024-09-04,2024-09-09,Pune,Fashion & Apparel,COD,1,1960.0
900973,354,41,2025-01-30,2025-02-04,Chennai,Accessories,COD,2,2780.0
900974,413,26,2024-04-14,2024-04-19,Delhi NCR,Home & Kitchen,COD,1,2250.0
900975,68,1,2024-12-27,2024-12-31,Bangalore,Fashion & Apparel,COD,1,1110.0
900976,363,24,2025-01-08,2025-01-10,Hyderabad,Electronics,Prepaid,2,22900.0
900977,370,43,2025-02-10,2025-02-13,Pune,Accessories,Prepaid,2,1820.0
900978,362,19,2024-11-28,2024-12-02,Hyderabad,Electronics,Prepaid,1,10800.0
900979,202,36,2024-09-03,2024-09-09,Mumbai,Beauty & Personal Care,Prepaid,1,1130.0
900980,458,23,2024-04-11,2024-04-16,Bangalore,Electronics,COD,1,12780.0
900981,145,16,2024-04-20,2024-04-26,Bangalore,Footwear,Prepaid,1,3900.0
900982,303,9,2024-06-04,2024-06-09,Mumbai,Footwear,Prepaid,1,3370.0
900983,359,46,2024-08-29,2024-09-03,Pune,Accessories,Prepaid,1,1320.0
900984,150,34,2025-01-29,2025-02-02,Kochi,Beauty & Personal Care,Prepaid,1,410.0
900985,452,13,2024-09-25,2024-09-27,Bangalore,Footwear,Prepaid,1,3000.0
900986,192,15,2025-01-22,2025-01-27,Bangalore,Footwear,COD,1,3740.0
900987,423,13,2024-04-06,2024-04-10,Bangalore,Footwear,Prepaid,1,3000.0
900988,34,34,2024-09-25,2024-10-01,Bangalore,Beauty & Personal Care,COD,2,820.0
900989,99,26,2024-10-28,2024-10-30,Delhi NCR,Home & Kitchen,Prepaid,3,6750.0
900990,90,20,2025-03-22,2025-03-28,Pune,Electronics,COD,1,12810.0
900991,564,22,2024-11-11,2024-11-17,Mumbai,Electronics,COD,1,13330.0
900992,325,42,2024-04-13,2024-04-17,Bangalore,Accessories,Prepaid,1,810.0
900993,368,16,2024-11-27,2024-12-02,Kochi,Footwear,COD,1,3900.0
900994,53,3,2025-03-03,2025-03-06,Kochi,Fashion & Apparel,Prepaid,1,1770.0
900995,591,18,2024-08-18,2024-08-22,Hyderabad,Electronics,Prepaid,1,13140.0
900996,125,22,2024-10-13,2024-10-15,Delhi NCR,Electronics,COD,1,13330.0
900997,501,1,2024-08-02,2024-08-07,Kochi,Fashion & Apparel,Prepaid,1,1110.0
900998,8,48,2024-09-03,2024-09-09,Delhi NCR,Accessories,Prepaid,1,1560.0
900999,287,28,2024-07-28,2024-07-31,Pune,Home & Kitchen,Prepaid,2,6340.0
901000,580,12,2025-03-25,2025-03-31,Delhi NCR,Footwear,Prepaid,1,2600.0
901001,537,42,2024-07-21,2024-07-25,Delhi NCR,Accessories,Prepaid,1,810.0
901002,418,10,2024-09-22,2024-09-25,Hyderabad,Footwear,COD,1,3700.0
901003,409,6,2024-08-24,2024-08-28,Mumbai,Fashion & Apparel,Prepaid,1,1510.0
901004,587,37,2024-11-04,2024-11-06,Hyderabad,Beauty & Personal Care,Prepaid,1,810.0
901005,368,20,2024-05-17,2024-05-22,Kochi,Electronics,Prepaid,1,12810.0
901006,522,40,2024-04-26,2024-05-02,Hyderabad,Beauty & Personal Care,COD,1,540.0
901007,132,29,2025-01-10,2025-01-15,Chennai,Home & Kitchen,COD,1,2450.0
901008,286,44,2024-10-28,2024-11-03,Mumbai,Accessories,Prepaid,2,2260.0
901009,73,14,2024-11-26,2024-11-30,Chennai,Footwear,COD,1,2370.0
901010,338,21,2024-08-03,2024-08-07,Bangalore,Electronics,Prepaid,1,9950.0
901011,100,23,2024-09-15,2024-09-18,Delhi NCR,Electronics,COD,2,25560.0
901012,103,22,2024-11-19,2024-11-24,Bangalore,Electronics,Prepaid,1,13330.0
901013,443,28,2024-04-01,2024-04-06,Hyderabad,Home & Kitchen,Prepaid,1,3170.0
901014,513,43,2024-07-20,2024-07-25,Chennai,Accessories,COD,1,910.0
901015,441,30,2024-08-14,2024-08-19,Hyderabad,Home & Kitchen,Prepaid,1,2550.0
901016,338,41,2024-08-13,2024-08-16,Bangalore,Accessories,Prepaid,1,1390.0
901017,500,37,2025-01-25,2025-01-27,Delhi NCR,Beauty & Personal Care,Prepaid,1,810.0
901018,360,29,2024-04-25,2024-04-28,Delhi NCR,Home & Kitchen,Prepaid,1,2450.0
901019,573,13,2025-03-22,2025-03-25,Mumbai,Footwear,Prepaid,1,3000.0
901020,325,32,2024-07-08,2024-07-10,Bangalore,Home & Kitchen,COD,1,1990.0
901021,455,30,2024-05-11,2024-05-14,Mumbai,Home & Kitchen,Prepaid,1,2550.0
901022,315,46,2024-09-30,2024-10-05,Kochi,Accessories,COD,1,1320.0
901023,257,18,2024-07-22,2024-07-27,Hyderabad,Electronics,Prepaid,1,13140.0
901024,60,18,2025-02-22,2025-02-26,Bangalore,Electronics,Prepaid,1,13140.0
901025,83,15,2025-02-26,2025-02-28,Delhi NCR,Footwear,COD,1,3740.0
901026,12,46,2024-05-16,2024-05-22,Pune,Accessories,COD,2,2640.0
901027,185,34,2024-07-26,2024-07-28,Bangalore,Beauty & Personal Care,Prepaid,1,410.0
901028,435,13,2025-01-01,2025-01-03,Bangalore,Footwear,Prepaid,1,3000.0
901029,166,27,2025-02-07,2025-02-11,Bangalore,Home & Kitchen,Prepaid,1,1080.0
901030,500,9,2024-08-03,2024-08-09,Delhi NCR,Footwear,Prepaid,1,3370.0
901031,98,14,2024-08-15,2024-08-18,Bangalore,Footwear,Prepaid,2,4740.0
901032,345,33,2025-01-07,2025-01-13,Bangalore,Beauty & Personal Care,Prepaid,1,740.0
901033,1,12,2025-03-27,2025-03-30,Delhi NCR,Footwear,COD,1,2600.0
901034,540,46,2024-09-15,2024-09-20,Delhi NCR,Accessories,Prepaid,1,1320.0
901035,356,43,2024-12-16,2024-12-22,Mumbai,Accessories,Prepaid,1,910.0
901036,514,13,2025-01-13,2025-01-15,Chennai,Footwear,COD,1,3000.0
901037,443,5,2024-06-06,2024-06-12,Hyderabad,Fashion & Apparel,Prepaid,1,1960.0
901038,578,13,2025-02-21,2025-02-27,Delhi NCR,Footwear,COD,2,6000.0
901039,227,37,2025-01-30,2025-02-03,Bangalore,Beauty & Personal Care,Prepaid,1,810.0
901040,300,48,2025-01-14,2025-01-19,Mumbai,Accessories,Prepaid,1,1560.0
901041,478,12,2025-03-20,2025-03-24,Mumbai,Footwear,Prepaid,1,2600.0
901042,487,14,2024-05-25,2024-05-28,Delhi NCR,Footwear,Prepaid,1,2370.0
901043,475,41,2024-10-05,2024-10-08,Bangalore,Accessories,COD,1,1390.0
901044,595,17,2024-07-30,2024-08-04,Delhi NCR,Electronics,Prepaid,2,27580.0
901045,279,43,2024-06-21,2024-06-26,Delhi NCR,Accessories,COD,1,910.0
901046,345,35,2024-08-27,2024-08-29,Bangalore,Beauty & Personal Care,COD,1,590.0
901047,11,41,2024-04-26,2024-05-01,Hyderabad,Accessories,COD,2,2780.0
901048,316,41,2024-04-19,2024-04-24,Bangalore,Accessories,Prepaid,1,1390.0
901049,204,14,2024-12-14,2024-12-20,Chennai,Footwear,Prepaid,1,2370.0
901050,418,35,2024-06-02,2024-06-07,Hyderabad,Beauty & Personal Care,COD,1,590.0
901051,92,25,2025-01-30,2025-02-02,Hyderabad,Home & Kitchen,Prepaid,3,9450.0
901052,238,48,2024-07-19,2024-07-21,Delhi NCR,Accessories,Prepaid,2,3120.0
901053,326,10,2024-04-04,2024-04-08,Chennai,Footwear,Prepaid,1,3700.0
901054,505,1,2024-10-17,2024-10-19,Mumbai,Fashion & Apparel,COD,1,1110.0
901055,538,3,2025-03-01,2025-03-07,Bangalore,Fashion & Apparel,COD,2,3540.0
901056,207,38,2024-06-19,2024-06-21,Kochi,Beauty & Personal Care,Prepaid,2,1020.0
901057,153,32,2024-09-08,2024-09-13,Bangalore,Home & Kitchen,COD,1,1990.0
901058,409,44,2024-05-21,2024-05-27,Mumbai,Accessories,Prepaid,1,1130.0
901059,577,18,2025-02-11,2025-02-17,Kochi,Electronics,COD,2,26280.0
901060,44,17,2024-07-21,2024-07-23,Chennai,Electronics,Prepaid,1,13790.0
901061,531,29,2025-01-11,2025-01-17,Kochi,Home & Kitchen,COD,1,2450.0
901062,93,24,2024-05-22,2024-05-27,Bangalore,Electronics,COD,2,22900.0
901063,224,9,2024-12-18,2024-12-24,Kochi,Footwear,Prepaid,2,6740.0
901064,429,21,2024-07-20,2024-07-26,Bangalore,Electronics,COD,1,9950.0
901065,473,20,2024-07-23,2024-07-28,Chennai,Electronics,COD,2,25620.0
901066,456,14,2024-04-28,2024-05-02,Bangalore,Footwear,Prepaid,1,2370.0
901067,340,28,2024-12-23,2024-12-27,Delhi NCR,Home & Kitchen,COD,3,9510.0
901068,288,29,2025-01-21,2025-01-26,Pune,Home & Kitchen,Prepaid,1,2450.0
901069,496,16,2025-02-04,2025-02-06,Hyderabad,Footwear,Prepaid,1,3900.0
901070,27,34,2024-07-06,2024-07-11,Bangalore,Beauty & Personal Care,Prepaid,2,820.0
901071,235,5,2024-04-12,2024-04-16,Hyderabad,Fashion & Apparel,COD,1,1960.0
901072,429,15,2025-03-16,2025-03-18,Bangalore,Footwear,Prepaid,1,3740.0
901073,70,23,2025-03-25,2025-03-30,Pune,Electronics,Prepaid,1,12780.0
901074,311,19,2024-06-21,2024-06-23,Mumbai,Electronics,Prepaid,1,10800.0
901075,327,40,2025-01-13,2025-01-17,Delhi NCR,Beauty & Personal Care,COD,1,540.0
901076,190,40,2024-11-09,2024-11-12,Delhi NCR,Beauty & Personal Care,COD,1,540.0
901077,74,28,2024-06-01,2024-06-05,Hyderabad,Home & Kitchen,COD,1,3170.0
901078,173,38,2025-02-13,2025-02-18,Mumbai,Beauty & Personal Care,Prepaid,1,510.0
901079,227,41,2024-12-30,2025-01-01,Bangalore,Accessories,Prepaid,2,2780.0
901080,557,44,2024-07-21,2024-07-25,Mumbai,Accessories,COD,1,1130.0
901081,220,45,2024-11-16,2024-11-18,Chennai,Accessories,COD,1,1290.0
901082,254,10,2024-04-15,2024-04-19,Bangalore,Footwear,Prepaid,2,7400.0
901083,324,34,2025-01-12,2025-01-17,Mumbai,Beauty & Personal Care,Prepaid,1,410.0
901084,245,40,2024-07-19,2024-07-22,Mumbai,Beauty & Personal Care,COD,1,540.0
901085,74,21,2025-01-07,2025-01-09,Hyderabad,Electronics,COD,1,9950.0
901086,337,43,2024-07-12,2024-07-18,Bangalore,Accessories,Prepaid,1,910.0
901087,430,32,2024-05-05,2024-05-09,Chennai,Home & Kitchen,COD,2,3980.0
901088,101,8,2024-11-09,2024-11-14,Bangalore,Fashion & Apparel,Prepaid,1,1870.0
901089,55,6,2024-08-29,2024-09-03,Delhi NCR,Fashion & Apparel,Prepaid,2,3020.0
901090,7,27,2024-11-04,2024-11-10,Mumbai,Home & Kitchen,COD,1,1080.0
901091,258,23,2024-05-05,2024-05-10,Delhi NCR,Electronics,Prepaid,1,12780.0
901092,430,16,2025-03-06,2025-03-11,Chennai,Footwear,COD,2,7800.0
901093,140,20,2025-02-11,2025-02-17,Mumbai,Electronics,COD,1,12810.0
901094,341,15,2024-04-12,2024-04-14,Hyderabad,Footwear,COD,1,3740.0
901095,401,12,2025-03-12,2025-03-18,Kochi,Footwear,Prepaid,1,2600.0
901096,570,25,2024-06-22,2024-06-28,Hyderabad,Home & Kitchen,Prepaid,1,3150.0
901097,524,24,2024-09-26,2024-10-01,Pune,Electronics,COD,1,11450.0
901098,554,37,2024-07-19,2024-07-24,Bangalore,Beauty & Personal Care,COD,1,810.0
901099,583,30,2025-01-20,2025-01-26,Bangalore,Home & Kitchen,Prepaid,1,2550.0
901100,290,9,2025-02-14,2025-02-17,Delhi NCR,Footwear,COD,1,3370.0
901101,322,46,2024-10-06,2024-10-08,Bangalore,Accessories,COD,2,2640.0
901102,362,16,2024-10-09,2024-10-13,Hyderabad,Footwear,COD,2,7800.0
901103,47,1,2024-07-12,2024-07-17,Kochi,Fashion & Apparel,Prepaid,1,1110.0
901104,94,13,2024-11-26,2024-12-02,Delhi NCR,Footwear,COD,1,3000.0
901105,327,36,2024-12-18,2024-12-21,Delhi NCR,Beauty & Personal Care,Prepaid,2,2260.0
901106,419,8,2024-07-08,2024-07-11,Delhi NCR,Fashion & Apparel,Prepaid,1,1870.0
901107,193,4,2025-02-01,2025-02-03,Bangalore,Fashion & Apparel,COD,1,970.0
901108,193,44,2024-08-06,2024-08-08,Bangalore,Accessories,Prepaid,2,2260.0
901109,534,32,2024-04-16,2024-04-20,Mumbai,Home & Kitchen,Prepaid,2,3980.0
901110,98,9,2024-10-03,2024-10-06,Bangalore,Footwear,COD,1,3370.0
901111,382,44,2024-04-19,2024-04-22,Pune,Accessories,Prepaid,1,1130.0
901112,508,25,2024-04-15,2024-04-17,Mumbai,Home & Kitchen,Prepaid,1,3150.0
901113,48,15,2024-04-19,2024-04-22,Delhi NCR,Footwear,COD,1,3740.0
901114,539,47,2024-06-24,2024-06-28,Mumbai,Accessories,COD,1,890.0
901115,292,12,2024-09-06,2024-09-12,Mumbai,Footwear,Prepaid,2,5200.0
901116,43,12,2024-09-25,2024-09-30,Chennai,Footwear,Prepaid,1,2600.0
901117,472,22,2024-06-25,2024-07-01,Bangalore,Electronics,COD,1,13330.0
901118,114,33,2025-01-23,2025-01-25,Delhi NCR,Beauty & Personal Care,COD,2,1480.0
901119,245,9,2024-09-06,2024-09-10,Mumbai,Footwear,Prepaid,1,3370.0
901120,454,18,2025-03-26,2025-03-28,Mumbai,Electronics,COD,1,13140.0
901121,264,38,2024-08-31,2024-09-04,Mumbai,Beauty & Personal Care,COD,1,510.0
901122,313,37,2024-12-26,2024-12-30,Bangalore,Beauty & Personal Care,Prepaid,1,810.0
901123,488,19,2024-09-11,2024-09-14,Hyderabad,Electronics,Prepaid,1,10800.0
901124,584,1,2025-01-05,2025-01-11,Delhi NCR,Fashion & Apparel,COD,1,1110.0
901125,466,30,2025-01-03,2025-01-09,Hyderabad,Home & Kitchen,Prepaid,1,2550.0
901126,538,48,2025-02-10,2025-02-16,Bangalore,Accessories,COD,2,3120.0
901127,436,40,2024-06-12,2024-06-15,Mumbai,Beauty & Personal Care,COD,1,540.0
901128,217,45,2024-06-30,2024-07-05,Mumbai,Accessories,COD,1,1290.0
901129,211,33,2024-09-12,2024-09-18,Bangalore,Beauty & Personal Care,COD,3,2220.0
901130,129,25,2024-06-21,2024-06-25,Bangalore,Home & Kitchen,Prepaid,1,3150.0
901131,128,38,2024-10-29,2024-11-03,Mumbai,Beauty & Personal Care,Prepaid,1,510.0
901132,516,29,2024-07-07,2024-07-09,Mumbai,Home & Kitchen,Prepaid,1,2450.0
901133,327,30,2024-07-24,2024-07-27,Delhi NCR,Home & Kitchen,Prepaid,1,2550.0
901134,256,34,2024-10-17,2024-10-22,Bangalore,Beauty & Personal Care,Prepaid,2,820.0
901135,41,42,2025-01-25,2025-01-31,Mumbai,Accessories,COD,1,810.0
901136,296,28,2024-05-23,2024-05-28,Bangalore,Home & Kitchen,Prepaid,1,3170.0
901137,180,1,2025-01-24,2025-01-30,Pune,Fashion & Apparel,Prepaid,1,1110.0
901138,429,47,2025-02-10,2025-02-14,Bangalore,Accessories,Prepaid,1,890.0
901139,584,22,2025-01-02,2025-01-05,Delhi NCR,Electronics,Prepaid,1,13330.0
901140,441,29,2024-06-03,2024-06-08,Hyderabad,Home & Kitchen,Prepaid,1,2450.0
901141,572,34,2024-08-29,2024-08-31,Hyderabad,Beauty & Personal Care,Prepaid,1,410.0
901142,599,3,2025-02-12,2025-02-15,Delhi NCR,Fashion & Apparel,COD,1,1770.0
901143,257,17,2025-01-02,2025-01-05,Hyderabad,Electronics,COD,1,13790.0
901144,313,22,2024-08-30,2024-09-05,Bangalore,Electronics,COD,1,13330.0
901145,359,41,2024-06-22,2024-06-24,Pune,Accessories,Prepaid,1,1390.0
901146,492,24,2025-02-03,2025-02-08,Chennai,Electronics,COD,1,11450.0
901147,494,45,2025-03-23,2025-03-27,Bangalore,Accessories,COD,1,1290.0
901148,210,26,2024-05-19,2024-05-25,Chennai,Home & Kitchen,Prepaid,1,2250.0
901149,27,40,2024-11-20,2024-11-25,Bangalore,Beauty & Personal Care,COD,1,540.0
901150,587,23,2024-12-09,2024-12-11,Hyderabad,Electronics,COD,1,12780.0
901151,437,2,2024-04-25,2024-04-28,Bangalore,Fashion & Apparel,Prepaid,3,3570.0
901152,58,10,2024-11-07,2024-11-13,Chennai,Footwear,Prepaid,2,7400.0
901153,201,25,2024-04-26,2024-05-01,Hyderabad,Home & Kitchen,Prepaid,1,3150.0
901154,58,41,2024-08-16,2024-08-21,Chennai,Accessories,COD,2,2780.0
901155,140,13,2024-10-21,2024-10-24,Mumbai,Footwear,COD,1,3000.0
901156,91,46,2024-05-01,2024-05-04,Bangalore,Accessories,COD,1,1320.0
901157,395,44,2024-09-29,2024-10-01,Delhi NCR,Accessories,Prepaid,1,1130.0
901158,178,6,2025-02-23,2025-02-25,Chennai,Fashion & Apparel,Prepaid,1,1510.0
901159,550,43,2024-11-13,2024-11-15,Mumbai,Accessories,COD,3,2730.0
901160,565,3,2024-07-06,2024-07-12,Pune,Fashion & Apparel,Prepaid,1,1770.0
901161,434,21,2024-09-04,2024-09-09,Chennai,Electronics,Prepaid,2,19900.0
901162,592,44,2024-09-02,2024-09-04,Mumbai,Accessories,COD,1,1130.0
901163,549,43,2024-08-01,2024-08-04,Kochi,Accessories,Prepaid,1,910.0
901164,13,27,2024-04-11,2024-04-16,Kochi,Home & Kitchen,COD,1,1080.0
901165,213,17,2025-03-08,2025-03-12,Bangalore,Electronics,COD,1,13790.0
901166,442,24,2024-10-22,2024-10-26,Kochi,Electronics,Prepaid,1,11450.0
901167,14,38,2024-09-05,2024-09-09,Mumbai,Beauty & Personal Care,COD,1,510.0
901168,337,26,2024-08-06,2024-08-09,Bangalore,Home & Kitchen,Prepaid,1,2250.0
901169,129,18,2024-12-13,2024-12-19,Bangalore,Electronics,Prepaid,1,13140.0
901170,364,19,2024-12-11,2024-12-17,Hyderabad,Electronics,Prepaid,1,10800.0
901171,580,17,2025-02-17,2025-02-23,Delhi NCR,Electronics,COD,3,41370.0
901172,73,19,2025-02-01,2025-02-07,Chennai,Electronics,Prepaid,1,10800.0
901173,518,41,2024-09-04,2024-09-10,Bangalore,Accessories,COD,1,1390.0
901174,68,7,2024-04-20,2024-04-22,Bangalore,Fashion & Apparel,Prepaid,1,2150.0
901175,320,37,2024-04-01,2024-04-04,Bangalore,Beauty & Personal Care,COD,1,810.0
901176,547,27,2024-09-15,2024-09-19,Bangalore,Home & Kitchen,COD,2,2160.0
901177,429,25,2024-04-21,2024-04-24,Bangalore,Home & Kitchen,Prepaid,1,3150.0
901178,266,47,2025-01-22,2025-01-26,Delhi NCR,Accessories,COD,1,890.0
901179,36,14,2024-06-11,2024-06-13,Pune,Footwear,COD,1,2370.0
901180,425,28,2024-04-29,2024-05-03,Hyderabad,Home & Kitchen,Prepaid,1,3170.0
901181,382,14,2024-10-19,2024-10-24,Pune,Footwear,Prepaid,1,2370.0
901182,279,4,2024-11-04,2024-11-06,Delhi NCR,Fashion & Apparel,Prepaid,1,970.0
901183,264,30,2024-04-11,2024-04-17,Mumbai,Home & Kitchen,COD,1,2550.0
901184,2,7,2024-06-15,2024-06-17,Mumbai,Fashion & Apparel,Prepaid,1,2150.0
901185,236,5,2024-07-01,2024-07-04,Mumbai,Fashion & Apparel,Prepaid,1,1960.0
901186,391,20,2024-05-03,2024-05-06,Pune,Electronics,COD,1,12810.0
901187,313,36,2024-06-26,2024-06-30,Bangalore,Beauty & Personal Care,Prepaid,2,2260.0
901188,503,41,2024-05-25,2024-05-31,Chennai,Accessories,COD,1,1390.0
901189,3,17,2024-08-27,2024-09-01,Bangalore,Electronics,Prepaid,1,13790.0
901190,147,11,2024-11-01,2024-11-05,Mumbai,Footwear,COD,2,5120.0
901191,580,23,2025-01-12,2025-01-14,Delhi NCR,Electronics,COD,1,12780.0
901192,359,23,2024-12-16,2024-12-19,Pune,Electronics,COD,2,25560.0
901193,313,5,2025-01-23,2025-01-25,Bangalore,Fashion & Apparel,Prepaid,1,1960.0
901194,351,41,2024-07-20,2024-07-25,Pune,Accessories,COD,1,1390.0
901195,506,14,2024-12-20,2024-12-24,Pune,Footwear,Prepaid,1,2370.0
901196,570,25,2024-12-22,2024-12-28,Hyderabad,Home & Kitchen,Prepaid,1,3150.0
901197,5,23,2024-06-25,2024-06-30,Mumbai,Electronics,Prepaid,1,12780.0
901198,179,11,2024-09-14,2024-09-17,Hyderabad,Footwear,Prepaid,1,2560.0
901199,203,4,2024-09-24,2024-09-29,Hyderabad,Fashion & Apparel,Prepaid,1,970.0
901200,501,13,2024-07-24,2024-07-29,Kochi,Footwear,Prepaid,1,3000.0
901201,216,10,2025-02-26,2025-03-03,Delhi NCR,Footwear,Prepaid,1,3700.0
901202,581,40,2024-09-06,2024-09-10,Bangalore,Beauty & Personal Care,Prepaid,1,540.0
901203,252,23,2024-12-29,2025-01-01,Kochi,Electronics,Prepaid,1,12780.0
901204,391,36,2025-01-31,2025-02-02,Pune,Beauty & Personal Care,Prepaid,1,1130.0
901205,372,36,2025-01-16,2025-01-20,Bangalore,Beauty & Personal Care,Prepaid,1,1130.0
901206,160,10,2024-06-06,2024-06-10,Pune,Footwear,Prepaid,1,3700.0
901207,360,1,2024-09-06,2024-09-09,Delhi NCR,Fashion & Apparel,Prepaid,1,1110.0
901208,116,1,2024-04-12,2024-04-14,Mumbai,Fashion & Apparel,COD,1,1110.0
901209,72,38,2025-01-26,2025-02-01,Mumbai,Beauty & Personal Care,COD,2,1020.0
901210,75,48,2024-07-16,2024-07-21,Hyderabad,Accessories,COD,1,1560.0
901211,576,4,2024-10-22,2024-10-25,Chennai,Fashion & Apparel,Prepaid,1,970.0
901212,401,34,2024-12-10,2024-12-15,Kochi,Beauty & Personal Care,Prepaid,1,410.0
901213,112,40,2024-07-06,2024-07-08,Kochi,Beauty & Personal Care,COD,2,1080.0
901214,299,32,2024-07-17,2024-07-19,Kochi,Home & Kitchen,Prepaid,1,1990.0
901215,64,25,2025-02-28,2025-03-03,Hyderabad,Home & Kitchen,COD,1,3150.0
901216,349,31,2024-05-11,2024-05-13,Hyderabad,Home & Kitchen,Prepaid,1,1740.0
901217,292,1,2024-08-12,2024-08-14,Mumbai,Fashion & Apparel,COD,1,1110.0
901218,599,4,2024-04-02,2024-04-05,Delhi NCR,Fashion & Apparel,Prepaid,2,1940.0
901219,586,5,2025-02-07,2025-02-13,Bangalore,Fashion & Apparel,Prepaid,1,1960.0
901220,194,22,2025-01-31,2025-02-03,Delhi NCR,Electronics,Prepaid,1,13330.0
901221,553,9,2024-06-02,2024-06-07,Hyderabad,Footwear,Prepaid,1,3370.0
901222,417,4,2025-03-02,2025-03-06,Mumbai,Fashion & Apparel,COD,1,970.0
901223,119,41,2024-05-29,2024-05-31,Delhi NCR,Accessories,COD,1,1390.0
901224,502,8,2025-03-06,2025-03-12,Mumbai,Fashion & Apparel,Prepaid,1,1870.0
901225,457,16,2024-07-21,2024-07-24,Pune,Footwear,COD,1,3900.0
901226,275,2,2024-04-29,2024-05-01,Pune,Fashion & Apparel,COD,1,1190.0
901227,219,41,2025-02-01,2025-02-06,Hyderabad,Accessories,COD,2,2780.0
901228,148,16,2025-03-15,2025-03-21,Hyderabad,Footwear,COD,1,3900.0
901229,39,24,2024-12-21,2024-12-26,Pune,Electronics,Prepaid,3,34350.0
901230,278,13,2024-04-18,2024-04-20,Mumbai,Footwear,COD,1,3000.0
901231,298,34,2024-05-14,2024-05-20,Mumbai,Beauty & Personal Care,COD,1,410.0
901232,87,1,2024-09-11,2024-09-13,Pune,Fashion & Apparel,COD,1,1110.0
901233,291,7,2024-09-18,2024-09-23,Hyderabad,Fashion & Apparel,Prepaid,1,2150.0
901234,402,42,2024-04-08,2024-04-13,Chennai,Accessories,Prepaid,1,810.0
901235,24,25,2024-04-11,2024-04-14,Mumbai,Home & Kitchen,Prepaid,1,3150.0
901236,86,8,2024-06-07,2024-06-12,Mumbai,Fashion & Apparel,COD,1,1870.0
901237,547,18,2024-10-01,2024-10-04,Bangalore,Electronics,Prepaid,1,13140.0
901238,543,25,2024-05-09,2024-05-13,Chennai,Home & Kitchen,Prepaid,1,3150.0
901239,386,37,2024-08-22,2024-08-24,Kochi,Beauty & Personal Care,COD,2,1620.0
901240,310,29,2025-02-14,2025-02-17,Chennai,Home & Kitchen,COD,1,2450.0
901241,494,48,2024-09-22,2024-09-25,Bangalore,Accessories,COD,1,1560.0
901242,463,7,2024-10-18,2024-10-21,Kochi,Fashion & Apparel,COD,1,2150.0
901243,410,42,2024-10-26,2024-10-30,Bangalore,Accessories,Prepaid,1,810.0
901244,547,12,2024-08-06,2024-08-08,Bangalore,Footwear,Prepaid,2,5200.0
901245,157,48,2024-07-16,2024-07-21,Pune,Accessories,COD,1,1560.0
901246,182,47,2025-02-16,2025-02-20,Kochi,Accessories,COD,1,890.0
901247,567,5,2025-03-05,2025-03-10,Mumbai,Fashion & Apparel,Prepaid,1,1960.0
901248,315,43,2025-01-16,2025-01-22,Kochi,Accessories,COD,1,910.0
901249,568,16,2024-04-28,2024-05-02,Kochi,Footwear,COD,1,3900.0
901250,600,20,2024-11-15,2024-11-18,Mumbai,Electronics,Prepaid,1,12810.0
901251,235,2,2024-09-28,2024-10-02,Hyderabad,Fashion & Apparel,Prepaid,1,1190.0
901252,540,32,2024-11-19,2024-11-22,Delhi NCR,Home & Kitchen,COD,3,5970.0
901253,2,7,2025-01-10,2025-01-14,Mumbai,Fashion & Apparel,COD,1,2150.0
901254,207,23,2025-01-18,2025-01-21,Kochi,Electronics,Prepaid,1,12780.0
901255,133,48,2024-04-11,2024-04-17,Kochi,Accessories,Prepaid,1,1560.0
901256,358,14,2024-04-05,2024-04-09,Pune,Footwear,COD,1,2370.0
901257,26,47,2024-08-30,2024-09-01,Hyderabad,Accessories,Prepaid,1,890.0
901258,483,28,2025-03-19,2025-03-25,Bangalore,Home & Kitchen,Prepaid,2,6340.0
901259,173,39,2024-05-18,2024-05-21,Mumbai,Beauty & Personal Care,COD,1,780.0
901260,494,2,2024-06-05,2024-06-11,Bangalore,Fashion & Apparel,Prepaid,1,1190.0
901261,208,47,2025-02-16,2025-02-21,Bangalore,Accessories,COD,1,890.0
901262,588,14,2025-03-20,2025-03-24,Mumbai,Footwear,Prepaid,2,4740.0
901263,481,21,2024-05-07,2024-05-10,Pune,Electronics,COD,1,9950.0
901264,460,5,2024-11-25,2024-12-01,Delhi NCR,Fashion & Apparel,COD,2,3920.0
901265,123,35,2025-01-30,2025-02-04,Pune,Beauty & Personal Care,COD,1,590.0
901266,253,12,2024-05-16,2024-05-19,Bangalore,Footwear,Prepaid,1,2600.0
901267,194,3,2025-01-14,2025-01-16,Delhi NCR,Fashion & Apparel,Prepaid,2,3540.0
901268,110,15,2024-08-14,2024-08-17,Pune,Footwear,Prepaid,1,3740.0
901269,484,39,2025-02-16,2025-02-19,Mumbai,Beauty & Personal Care,Prepaid,2,1560.0
901270,261,10,2024-12-03,2024-12-05,Bangalore,Footwear,COD,1,3700.0
901271,74,27,2025-01-31,2025-02-05,Hyderabad,Home & Kitchen,Prepaid,1,1080.0
901272,59,8,2024-05-19,2024-05-22,Delhi NCR,Fashion & Apparel,Prepaid,1,1870.0
901273,110,10,2024-12-31,2025-01-06,Pune,Footwear,Prepaid,1,3700.0
901274,324,22,2024-11-29,2024-12-05,Mumbai,Electronics,COD,1,13330.0
901275,111,36,2024-07-21,2024-07-27,Bangalore,Beauty & Personal Care,Prepaid,1,1130.0
901276,559,40,2024-06-15,2024-06-19,Kochi,Beauty & Personal Care,Prepaid,1,540.0
901277,102,29,2024-08-05,2024-08-08,Delhi NCR,Home & Kitchen,Prepaid,2,4900.0
901278,318,32,2024-10-13,2024-10-17,Delhi NCR,Home & Kitchen,Prepaid,1,1990.0
901279,335,47,2024-05-21,2024-05-25,Bangalore,Accessories,Prepaid,1,890.0
901280,238,10,2024-11-08,2024-11-12,Delhi NCR,Footwear,Prepaid,1,3700.0
901281,195,38,2025-03-24,2025-03-26,Mumbai,Beauty & Personal Care,Prepaid,2,1020.0
901282,101,34,2024-06-24,2024-06-28,Bangalore,Beauty & Personal Care,Prepaid,1,410.0
901283,152,27,2024-12-19,2024-12-23,Hyderabad,Home & Kitchen,Prepaid,1,1080.0
901284,452,11,2024-07-17,2024-07-23,Bangalore,Footwear,Prepaid,3,7680.0
901285,268,37,2024-09-27,2024-10-02,Delhi NCR,Beauty & Personal Care,Prepaid,1,810.0
901286,135,2,2024-05-14,2024-05-16,Hyderabad,Fashion & Apparel,Prepaid,1,1190.0
901287,272,2,2024-07-02,2024-07-04,Delhi NCR,Fashion & Apparel,Prepaid,2,2380.0
901288,221,31,2024-09-25,2024-09-27,Hyderabad,Home & Kitchen,Prepaid,1,1740.0
901289,154,48,2024-12-13,2024-12-15,Chennai,Accessories,Prepaid,2,3120.0
901290,592,20,2024-06-10,2024-06-14,Mumbai,Electronics,COD,1,12810.0
901291,64,41,2025-02-14,2025-02-16,Hyderabad,Accessories,Prepaid,2,2780.0
901292,488,19,2024-08-20,2024-08-26,Hyderabad,Electronics,Prepaid,1,10800.0
901293,185,44,2024-05-12,2024-05-14,Bangalore,Accessories,COD,2,2260.0
901294,552,41,2024-05-23,2024-05-28,Chennai,Accessories,COD,1,1390.0
901295,164,9,2025-02-24,2025-02-26,Chennai,Footwear,Prepaid,1,3370.0
901296,270,26,2024-10-17,2024-10-20,Mumbai,Home & Kitchen,COD,1,2250.0
901297,244,16,2024-08-17,2024-08-21,Mumbai,Footwear,COD,1,3900.0
901298,530,31,2025-03-27,2025-03-29,Delhi NCR,Home & Kitchen,Prepaid,1,1740.0
901299,436,11,2025-01-20,2025-01-24,Mumbai,Footwear,Prepaid,1,2560.0
901300,506,42,2024-11-02,2024-11-07,Pune,Accessories,Prepaid,1,810.0
901301,459,37,2024-05-12,2024-05-17,Hyderabad,Beauty & Personal Care,COD,2,1620.0
901302,440,43,2024-12-04,2024-12-06,Kochi,Accessories,COD,1,910.0
901303,524,47,2024-04-09,2024-04-11,Pune,Accessories,Prepaid,1,890.0
901304,475,30,2024-07-28,2024-07-31,Bangalore,Home & Kitchen,Prepaid,2,5100.0
901305,587,2,2024-05-16,2024-05-21,Hyderabad,Fashion & Apparel,COD,2,2380.0
901306,298,46,2025-01-20,2025-01-26,Mumbai,Accessories,COD,2,2640.0
901307,481,27,2024-08-24,2024-08-26,Pune,Home & Kitchen,COD,1,1080.0
901308,295,44,2024-12-03,2024-12-07,Delhi NCR,Accessories,COD,1,1130.0
901309,316,6,2024-11-10,2024-11-12,Bangalore,Fashion & Apparel,Prepaid,1,1510.0
901310,62,48,2024-12-27,2024-12-30,Pune,Accessories,Prepaid,1,1560.0
901311,179,6,2024-05-06,2024-05-09,Hyderabad,Fashion & Apparel,Prepaid,1,1510.0
901312,569,37,2024-09-02,2024-09-05,Bangalore,Beauty & Personal Care,Prepaid,1,810.0
901313,265,41,2025-03-08,2025-03-13,Chennai,Accessories,Prepaid,1,1390.0
901314,398,2,2024-09-22,2024-09-24,Pune,Fashion & Apparel,COD,1,1190.0
901315,316,5,2024-10-25,2024-10-30,Bangalore,Fashion & Apparel,Prepaid,1,1960.0
901316,547,13,2024-06-04,2024-06-06,Bangalore,Footwear,COD,1,3000.0
901317,541,10,2024-05-01,2024-05-05,Bangalore,Footwear,Prepaid,1,3700.0
901318,261,43,2024-09-26,2024-10-02,Bangalore,Accessories,Prepaid,1,910.0
901319,545,40,2024-11-21,2024-11-24,Mumbai,Beauty & Personal Care,Prepaid,1,540.0
901320,70,5,2025-02-14,2025-02-20,Pune,Fashion & Apparel,Prepaid,1,1960.0
901321,293,14,2025-02-05,2025-02-07,Delhi NCR,Footwear,COD,1,2370.0
901322,10,6,2024-05-23,2024-05-27,Pune,Fashion & Apparel,Prepaid,1,1510.0
901323,316,23,2024-09-13,2024-09-17,Bangalore,Electronics,Prepaid,1,12780.0
901324,549,1,2024-08-22,2024-08-24,Kochi,Fashion & Apparel,Prepaid,1,1110.0
901325,394,42,2025-03-08,2025-03-11,Delhi NCR,Accessories,Prepaid,1,810.0
901326,453,6,2024-09-26,2024-09-28,Mumbai,Fashion & Apparel,Prepaid,1,1510.0
901327,311,18,2024-04-11,2024-04-14,Mumbai,Electronics,COD,1,13140.0
901328,529,32,2024-07-17,2024-07-20,Pune,Home & Kitchen,COD,1,1990.0
901329,188,7,2024-10-07,2024-10-13,Delhi NCR,Fashion & Apparel,COD,1,2150.0
901330,451,28,2024-08-20,2024-08-24,Bangalore,Home & Kitchen,Prepaid,1,3170.0
901331,485,42,2024-10-12,2024-10-17,Hyderabad,Accessories,Prepaid,1,810.0
901332,127,40,2024-10-01,2024-10-03,Hyderabad,Beauty & Personal Care,COD,1,540.0
901333,230,19,2025-03-11,2025-03-13,Bangalore,Electronics,Prepaid,2,21600.0
901334,219,32,2024-11-23,2024-11-26,Hyderabad,Home & Kitchen,COD,1,1990.0
901335,146,35,2025-02-26,2025-02-28,Hyderabad,Beauty & Personal Care,Prepaid,1,590.0
901336,293,26,2025-01-02,2025-01-04,Delhi NCR,Home & Kitchen,COD,2,4500.0
901337,350,42,2025-01-08,2025-01-14,Hyderabad,Accessories,Prepaid,1,810.0
901338,78,10,2024-06-29,2024-07-01,Chennai,Footwear,Prepaid,1,3700.0
901339,434,26,2024-10-22,2024-10-25,Chennai,Home & Kitchen,Prepaid,1,2250.0
901340,138,37,2024-12-01,2024-12-04,Chennai,Beauty & Personal Care,COD,1,810.0
901341,44,27,2024-07-23,2024-07-28,Chennai,Home & Kitchen,Prepaid,1,1080.0
901342,535,24,2024-10-26,2024-10-28,Bangalore,Electronics,COD,2,22900.0
901343,117,32,2024-07-22,2024-07-24,Mumbai,Home & Kitchen,Prepaid,1,1990.0
901344,113,15,2024-11-01,2024-11-03,Kochi,Footwear,Prepaid,1,3740.0
901345,561,29,2024-12-25,2024-12-30,Pune,Home & Kitchen,Prepaid,2,4900.0
901346,395,30,2025-01-25,2025-01-30,Delhi NCR,Home & Kitchen,Prepaid,2,5100.0
901347,479,1,2024-08-12,2024-08-16,Chennai,Fashion & Apparel,Prepaid,1,1110.0
901348,452,32,2024-10-07,2024-10-13,Bangalore,Home & Kitchen,Prepaid,1,1990.0
901349,265,21,2024-06-13,2024-06-18,Chennai,Electronics,Prepaid,2,19900.0
901350,406,23,2024-09-08,2024-09-13,Pune,Electronics,Prepaid,1,12780.0
901351,54,43,2024-12-05,2024-12-08,Chennai,Accessories,Prepaid,2,1820.0
901352,331,22,2025-03-16,2025-03-21,Bangalore,Electronics,Prepaid,1,13330.0
901353,421,36,2024-05-05,2024-05-10,Mumbai,Beauty & Personal Care,Prepaid,1,1130.0
901354,379,44,2024-08-30,2024-09-04,Bangalore,Accessories,Prepaid,1,1130.0
901355,378,4,2025-02-23,2025-02-28,Kochi,Fashion & Apparel,Prepaid,1,970.0
901356,327,38,2024-08-27,2024-08-29,Delhi NCR,Beauty & Personal Care,Prepaid,1,510.0
901357,575,30,2024-09-23,2024-09-27,Mumbai,Home & Kitchen,Prepaid,2,5100.0
901358,306,4,2024-11-28,2024-12-01,Chennai,Fashion & Apparel,Prepaid,1,970.0
901359,424,19,2024-05-26,2024-06-01,Bangalore,Electronics,Prepaid,1,10800.0
901360,501,41,2024-08-22,2024-08-28,Kochi,Accessories,COD,1,1390.0
901361,362,19,2025-01-03,2025-01-09,Hyderabad,Electronics,Prepaid,1,10800.0
901362,547,19,2024-12-18,2024-12-22,Bangalore,Electronics,Prepaid,1,10800.0
901363,399,37,2024-12-21,2024-12-27,Hyderabad,Beauty & Personal Care,COD,1,810.0
901364,256,13,2024-06-24,2024-06-28,Bangalore,Footwear,COD,3,9000.0
901365,216,4,2024-05-21,2024-05-23,Delhi NCR,Fashion & Apparel,Prepaid,2,1940.0
901366,15,45,2024-12-11,2024-12-17,Bangalore,Accessories,Prepaid,1,1290.0
901367,68,12,2024-04-24,2024-04-27,Bangalore,Footwear,Prepaid,1,2600.0
901368,49,22,2024-08-23,2024-08-26,Hyderabad,Electronics,COD,1,13330.0
901369,183,1,2024-05-03,2024-05-06,Hyderabad,Fashion & Apparel,Prepaid,1,1110.0
901370,244,18,2024-10-04,2024-10-09,Mumbai,Electronics,Prepaid,1,13140.0
901371,463,39,2024-10-28,2024-11-03,Kochi,Beauty & Personal Care,Prepaid,1,780.0
901372,573,37,2025-01-03,2025-01-09,Mumbai,Beauty & Personal Care,Prepaid,1,810.0
901373,200,11,2024-10-17,2024-10-19,Delhi NCR,Footwear,Prepaid,2,5120.0
901374,225,46,2024-11-16,2024-11-22,Bangalore,Accessories,COD,1,1320.0
901375,137,1,2025-03-12,2025-03-17,Chennai,Fashion & Apparel,Prepaid,2,2220.0
901376,466,28,2025-03-16,2025-03-18,Hyderabad,Home & Kitchen,Prepaid,1,3170.0
901377,154,46,2024-08-08,2024-08-13,Chennai,Accessories,COD,1,1320.0
901378,582,41,2024-05-17,2024-05-22,Hyderabad,Accessories,Prepaid,2,2780.0
901379,500,7,2024-04-20,2024-04-22,Delhi NCR,Fashion & Apparel,Prepaid,2,4300.0
901380,595,31,2025-02-12,2025-02-16,Delhi NCR,Home & Kitchen,COD,1,1740.0
901381,400,25,2025-03-15,2025-03-21,Chennai,Home & Kitchen,Prepaid,1,3150.0
901382,512,5,2024-06-26,2024-06-30,Kochi,Fashion & Apparel,COD,3,5880.0
901383,515,32,2024-06-05,2024-06-09,Bangalore,Home & Kitchen,Prepaid,2,3980.0
901384,274,41,2024-09-02,2024-09-06,Mumbai,Accessories,COD,1,1390.0
901385,338,23,2024-04-18,2024-04-20,Bangalore,Electronics,COD,1,12780.0
901386,242,23,2025-01-20,2025-01-23,Kochi,Electronics,Prepaid,2,25560.0
901387,390,25,2024-11-11,2024-11-16,Mumbai,Home & Kitchen,COD,1,3150.0
901388,555,19,2024-08-19,2024-08-23,Chennai,Electronics,COD,1,10800.0
901389,177,39,2024-08-01,2024-08-03,Delhi NCR,Beauty & Personal Care,Prepaid,1,780.0
901390,576,19,2024-07-12,2024-07-15,Chennai,Electronics,Prepaid,1,10800.0
901391,414,17,2025-03-18,2025-03-20,Delhi NCR,Electronics,Prepaid,1,13790.0
901392,3,22,2024-08-07,2024-08-09,Bangalore,Electronics,Prepaid,1,13330.0
901393,412,39,2025-02-18,2025-02-22,Bangalore,Beauty & Personal Care,Prepaid,1,780.0
901394,534,45,2024-07-29,2024-08-04,Mumbai,Accessories,COD,2,2580.0
901395,568,30,2025-02-16,2025-02-21,Kochi,Home & Kitchen,Prepaid,2,5100.0
901396,59,39,2024-12-03,2024-12-09,Delhi NCR,Beauty & Personal Care,Prepaid,2,1560.0
901397,493,25,2025-02-06,2025-02-08,Mumbai,Home & Kitchen,COD,2,6300.0
901398,2,8,2024-10-11,2024-10-15,Mumbai,Fashion & Apparel,Prepaid,1,1870.0
901399,443,39,2024-05-02,2024-05-08,Hyderabad,Beauty & Personal Care,Prepaid,1,780.0
901400,60,38,2024-07-25,2024-07-28,Bangalore,Beauty & Personal Care,Prepaid,1,510.0
901401,377,5,2024-10-04,2024-10-08,Delhi NCR,Fashion & Apparel,COD,1,1960.0
901402,219,25,2024-05-30,2024-06-03,Hyderabad,Home & Kitchen,Prepaid,1,3150.0
901403,394,24,2024-11-01,2024-11-06,Delhi NCR,Electronics,Prepaid,1,11450.0
901404,324,47,2024-12-05,2024-12-09,Mumbai,Accessories,Prepaid,1,890.0
901405,511,46,2025-01-20,2025-01-25,Bangalore,Accessories,COD,1,1320.0
901406,27,29,2024-04-04,2024-04-10,Bangalore,Home & Kitchen,COD,1,2450.0
901407,468,17,2024-10-24,2024-10-26,Chennai,Electronics,Prepaid,1,13790.0
901408,224,1,2024-12-10,2024-12-13,Kochi,Fashion & Apparel,COD,1,1110.0
901409,358,47,2024-06-24,2024-06-29,Pune,Accessories,Prepaid,1,890.0
901410,442,30,2025-03-05,2025-03-10,Kochi,Home & Kitchen,COD,1,2550.0
901411,188,20,2024-04-27,2024-05-02,Delhi NCR,Electronics,COD,1,12810.0
901412,464,8,2024-06-29,2024-07-03,Bangalore,Fashion & Apparel,COD,1,1870.0
901413,455,26,2024-08-16,2024-08-20,Mumbai,Home & Kitchen,COD,1,2250.0
901414,118,40,2024-11-24,2024-11-30,Delhi NCR,Beauty & Personal Care,Prepaid,1,540.0
901415,506,44,2025-03-09,2025-03-11,Pune,Accessories,Prepaid,1,1130.0
901416,486,46,2025-01-22,2025-01-26,Pune,Accessories,Prepaid,2,2640.0
901417,64,3,2025-02-10,2025-02-15,Hyderabad,Fashion & Apparel,COD,1,1770.0
901418,593,43,2024-09-17,2024-09-22,Pune,Accessories,COD,1,910.0
901419,32,29,2024-06-21,2024-06-24,Mumbai,Home & Kitchen,Prepaid,2,4900.0
901420,311,43,2025-01-12,2025-01-16,Mumbai,Accessories,COD,2,1820.0
901421,557,44,2024-08-15,2024-08-18,Mumbai,Accessories,COD,2,2260.0
901422,235,25,2025-02-22,2025-02-27,Hyderabad,Home & Kitchen,Prepaid,1,3150.0
901423,198,27,2024-10-25,2024-10-31,Delhi NCR,Home & Kitchen,COD,1,1080.0
901424,429,7,2024-04-28,2024-04-30,Bangalore,Fashion & Apparel,COD,1,2150.0
901425,182,12,2024-06-30,2024-07-04,Kochi,Footwear,COD,1,2600.0
901426,590,27,2025-02-15,2025-02-21,Mumbai,Home & Kitchen,COD,1,1080.0
901427,64,48,2024-05-22,2024-05-26,Hyderabad,Accessories,Prepaid,1,1560.0
901428,532,23,2024-09-10,2024-09-13,Pune,Electronics,COD,1,12780.0
901429,360,11,2025-01-21,2025-01-25,Delhi NCR,Footwear,COD,2,5120.0
901430,414,10,2025-01-06,2025-01-12,Delhi NCR,Footwear,Prepaid,2,7400.0
901431,197,8,2024-09-24,2024-09-26,Hyderabad,Fashion & Apparel,Prepaid,1,1870.0
901432,248,7,2024-04-10,2024-04-12,Hyderabad,Fashion & Apparel,COD,1,2150.0
901433,461,20,2024-04-15,2024-04-18,Chennai,Electronics,COD,1,12810.0
901434,555,18,2024-09-29,2024-10-01,Chennai,Electronics,Prepaid,1,13140.0
901435,215,25,2024-07-06,2024-07-11,Hyderabad,Home & Kitchen,Prepaid,1,3150.0
901436,520,19,2024-12-01,2024-12-07,Bangalore,Electronics,COD,1,10800.0
901437,482,14,2024-12-05,2024-12-11,Bangalore,Footwear,Prepaid,1,2370.0
901438,403,25,2024-09-01,2024-09-03,Mumbai,Home & Kitchen,Prepaid,1,3150.0
901439,558,32,2024-09-09,2024-09-12,Kochi,Home & Kitchen,Prepaid,1,1990.0
901440,537,44,2025-01-27,2025-01-29,Delhi NCR,Accessories,Prepaid,2,2260.0
901441,504,14,2024-07-29,2024-08-04,Pune,Footwear,COD,2,4740.0
901442,13,19,2024-10-07,2024-10-10,Kochi,Electronics,COD,3,32400.0
901443,531,21,2024-04-07,2024-04-13,Kochi,Electronics,Prepaid,2,19900.0
901444,398,25,2025-03-25,2025-03-29,Pune,Home & Kitchen,COD,1,3150.0
901445,517,2,2025-01-16,2025-01-20,Chennai,Fashion & Apparel,Prepaid,1,1190.0
901446,294,21,2024-09-15,2024-09-21,Hyderabad,Electronics,Prepaid,1,9950.0
901447,600,32,2024-04-08,2024-04-11,Mumbai,Home & Kitchen,COD,1,1990.0
901448,566,37,2024-11-03,2024-11-08,Pune,Beauty & Personal Care,COD,1,810.0
901449,544,21,2024-08-08,2024-08-11,Bangalore,Electronics,COD,1,9950.0
901450,465,41,2024-12-27,2024-12-31,Bangalore,Accessories,Prepaid,1,1390.0
901451,38,36,2024-08-05,2024-08-11,Bangalore,Beauty & Personal Care,Prepaid,1,1130.0
901452,353,30,2024-11-28,2024-11-30,Bangalore,Home & Kitchen,Prepaid,1,2550.0
901453,349,14,2025-03-16,2025-03-20,Hyderabad,Footwear,COD,2,4740.0
901454,197,28,2024-05-12,2024-05-16,Hyderabad,Home & Kitchen,Prepaid,1,3170.0
901455,39,16,2024-11-12,2024-11-17,Pune,Footwear,COD,1,3900.0
901456,588,18,2024-11-17,2024-11-20,Mumbai,Electronics,COD,1,13140.0
901457,148,41,2025-02-28,2025-03-06,Hyderabad,Accessories,Prepaid,1,1390.0
901458,575,43,2024-05-25,2024-05-30,Mumbai,Accessories,Prepaid,1,910.0
901459,147,45,2024-08-31,2024-09-02,Mumbai,Accessories,Prepaid,1,1290.0
901460,382,46,2024-07-12,2024-07-18,Pune,Accessories,Prepaid,1,1320.0
901461,132,12,2024-08-17,2024-08-23,Chennai,Footwear,Prepaid,1,2600.0
901462,512,18,2024-08-10,2024-08-16,Kochi,Electronics,COD,2,26280.0
901463,46,20,2025-01-12,2025-01-16,Bangalore,Electronics,COD,1,12810.0
901464,208,39,2025-01-30,2025-02-05,Bangalore,Beauty & Personal Care,COD,2,1560.0
901465,38,39,2024-06-23,2024-06-25,Bangalore,Beauty & Personal Care,COD,1,780.0
901466,254,39,2024-04-29,2024-05-02,Bangalore,Beauty & Personal Care,COD,2,1560.0
901467,75,20,2025-03-03,2025-03-08,Hyderabad,Electronics,COD,1,12810.0
901468,91,45,2025-03-09,2025-03-13,Bangalore,Accessories,Prepaid,1,1290.0
901469,327,46,2024-08-22,2024-08-24,Delhi NCR,Accessories,Prepaid,2,2640.0
901470,279,2,2024-07-06,2024-07-09,Delhi NCR,Fashion & Apparel,Prepaid,1,1190.0
901471,526,31,2024-12-02,2024-12-04,Bangalore,Home & Kitchen,COD,1,1740.0
901472,4,34,2024-12-11,2024-12-16,Chennai,Beauty & Personal Care,Prepaid,1,410.0
901473,361,14,2024-04-16,2024-04-20,Chennai,Footwear,Prepaid,1,2370.0
901474,74,36,2024-11-27,2024-11-29,Hyderabad,Beauty & Personal Care,Prepaid,1,1130.0
901475,202,27,2025-02-24,2025-02-28,Mumbai,Home & Kitchen,COD,1,1080.0
901476,112,21,2025-03-26,2025-03-30,Kochi,Electronics,Prepaid,1,9950.0
901477,568,15,2025-02-08,2025-02-12,Kochi,Footwear,Prepaid,1,3740.0
901478,117,37,2024-06-09,2024-06-14,Mumbai,Beauty & Personal Care,COD,2,1620.0
901479,527,14,2024-08-05,2024-08-10,Bangalore,Footwear,COD,1,2370.0
901480,17,32,2025-02-24,2025-03-01,Kochi,Home & Kitchen,Prepaid,1,1990.0
901481,304,43,2024-06-20,2024-06-26,Pune,Accessories,Prepaid,1,910.0
901482,279,5,2025-02-17,2025-02-20,Delhi NCR,Fashion & Apparel,COD,1,1960.0
901483,44,14,2024-11-30,2024-12-02,Chennai,Footwear,Prepaid,1,2370.0
901484,392,46,2024-08-25,2024-08-28,Bangalore,Accessories,COD,1,1320.0
901485,93,33,2024-04-06,2024-04-09,Bangalore,Beauty & Personal Care,COD,2,1480.0
901486,282,40,2024-04-27,2024-05-03,Hyderabad,Beauty & Personal Care,COD,2,1080.0
901487,528,43,2025-03-06,2025-03-12,Bangalore,Accessories,Prepaid,1,910.0
901488,397,41,2024-11-12,2024-11-16,Bangalore,Accessories,Prepaid,1,1390.0
901489,81,11,2024-05-11,2024-05-15,Chennai,Footwear,Prepaid,1,2560.0
901490,433,26,2024-11-16,2024-11-18,Pune,Home & Kitchen,COD,3,6750.0
901491,525,6,2024-11-05,2024-11-11,Pune,Fashion & Apparel,COD,2,3020.0
901492,137,26,2025-02-07,2025-02-10,Chennai,Home & Kitchen,COD,2,4500.0
901493,58,28,2024-12-13,2024-12-15,Chennai,Home & Kitchen,Prepaid,1,3170.0
901494,581,7,2024-08-08,2024-08-10,Bangalore,Fashion & Apparel,Prepaid,1,2150.0
901495,333,7,2024-08-08,2024-08-13,Hyderabad,Fashion & Apparel,COD,1,2150.0
901496,97,7,2024-11-02,2024-11-08,Mumbai,Fashion & Apparel,COD,2,4300.0
901497,285,32,2024-06-30,2024-07-03,Chennai,Home & Kitchen,Prepaid,1,1990.0
901498,498,4,2024-04-29,2024-05-02,Mumbai,Fashion & Apparel,COD,1,970.0
901499,390,17,2024-05-17,2024-05-20,Mumbai,Electronics,Prepaid,3,41370.0
901500,594,12,2024-09-25,2024-09-29,Hyderabad,Footwear,COD,2,5200.0
901501,38,3,2024-10-29,2024-11-02,Bangalore,Fashion & Apparel,Prepaid,1,1770.0
901502,391,18,2024-08-22,2024-08-26,Pune,Electronics,Prepaid,1,13140.0
901503,41,9,2024-11-10,2024-11-14,Mumbai,Footwear,COD,2,6740.0
901504,219,44,2024-11-16,2024-11-19,Hyderabad,Accessories,COD,1,1130.0
901505,504,22,2024-06-29,2024-07-03,Pune,Electronics,COD,2,26660.0
901506,76,38,2024-08-15,2024-08-19,Chennai,Beauty & Personal Care,COD,1,510.0
901507,390,7,2024-08-28,2024-09-01,Mumbai,Fashion & Apparel,COD,1,2150.0
901508,237,47,2024-10-26,2024-10-31,Hyderabad,Accessories,Prepaid,3,2670.0
901509,127,24,2024-05-26,2024-05-30,Hyderabad,Electronics,Prepaid,1,11450.0
901510,503,39,2024-04-07,2024-04-12,Chennai,Beauty & Personal Care,Prepaid,1,780.0
901511,223,7,2025-02-14,2025-02-18,Pune,Fashion & Apparel,Prepaid,2,4300.0
901512,28,33,2024-04-21,2024-04-23,Mumbai,Beauty & Personal Care,Prepaid,1,740.0
901513,262,29,2024-09-14,2024-09-20,Hyderabad,Home & Kitchen,COD,2,4900.0
901514,489,9,2024-09-24,2024-09-30,Delhi NCR,Footwear,Prepaid,1,3370.0
901515,447,20,2024-08-26,2024-08-31,Bangalore,Electronics,COD,2,25620.0
901516,128,8,2024-05-29,2024-06-03,Mumbai,Fashion & Apparel,COD,1,1870.0
901517,175,1,2024-11-04,2024-11-09,Mumbai,Fashion & Apparel,COD,1,1110.0
901518,224,39,2024-04-16,2024-04-21,Kochi,Beauty & Personal Care,Prepaid,2,1560.0
901519,389,9,2024-11-08,2024-11-11,Bangalore,Footwear,Prepaid,1,3370.0
901520,75,32,2024-07-04,2024-07-09,Hyderabad,Home & Kitchen,COD,2,3980.0
901521,77,13,2025-03-12,2025-03-16,Delhi NCR,Footwear,Prepaid,1,3000.0
901522,190,12,2024-08-25,2024-08-31,Delhi NCR,Footwear,Prepaid,1,2600.0
901523,192,5,2025-01-30,2025-02-04,Bangalore,Fashion & Apparel,COD,1,1960.0
901524,542,11,2024-07-01,2024-07-06,Delhi NCR,Footwear,Prepaid,1,2560.0
901525,200,9,2025-01-29,2025-02-03,Delhi NCR,Footwear,COD,1,3370.0
901526,262,3,2025-02-26,2025-03-02,Hyderabad,Fashion & Apparel,COD,2,3540.0
901527,442,1,2025-01-07,2025-01-09,Kochi,Fashion & Apparel,COD,1,1110.0
901528,183,16,2024-10-28,2024-10-30,Hyderabad,Footwear,Prepaid,1,3900.0
901529,406,35,2024-08-25,2024-08-28,Pune,Beauty & Personal Care,Prepaid,1,590.0
901530,339,20,2024-05-16,2024-05-22,Delhi NCR,Electronics,COD,1,12810.0
901531,448,44,2025-03-14,2025-03-19,Pune,Accessories,COD,2,2260.0
901532,210,1,2024-08-29,2024-09-04,Chennai,Fashion & Apparel,Prepaid,1,1110.0
901533,483,37,2024-11-03,2024-11-08,Bangalore,Beauty & Personal Care,Prepaid,1,810.0
901534,246,36,2024-09-30,2024-10-05,Pune,Beauty & Personal Care,Prepaid,1,1130.0
901535,547,22,2024-11-10,2024-11-13,Bangalore,Electronics,Prepaid,1,13330.0
901536,251,43,2024-12-06,2024-12-10,Delhi NCR,Accessories,COD,1,910.0
901537,4,2,2025-03-04,2025-03-09,Chennai,Fashion & Apparel,COD,1,1190.0
901538,308,13,2024-10-30,2024-11-01,Kochi,Footwear,Prepaid,2,6000.0
901539,183,48,2024-09-03,2024-09-09,Hyderabad,Accessories,COD,1,1560.0
901540,322,6,2024-04-27,2024-05-02,Bangalore,Fashion & Apparel,Prepaid,1,1510.0
901541,359,3,2025-01-17,2025-01-20,Pune,Fashion & Apparel,Prepaid,2,3540.0
901542,19,9,2025-03-14,2025-03-16,Kochi,Footwear,Prepaid,1,3370.0
901543,312,20,2024-06-30,2024-07-02,Chennai,Electronics,Prepaid,1,12810.0
901544,235,20,2025-03-02,2025-03-06,Hyderabad,Electronics,COD,2,25620.0
901545,484,22,2025-03-17,2025-03-19,Mumbai,Electronics,COD,1,13330.0
901546,548,28,2024-07-08,2024-07-13,Delhi NCR,Home & Kitchen,Prepaid,1,3170.0
901547,484,33,2024-10-27,2024-11-01,Mumbai,Beauty & Personal Care,COD,2,1480.0
901548,60,34,2024-05-04,2024-05-06,Bangalore,Beauty & Personal Care,Prepaid,1,410.0
901549,75,5,2024-04-13,2024-04-15,Hyderabad,Fashion & Apparel,Prepaid,1,1960.0
901550,541,2,2024-12-18,2024-12-24,Bangalore,Fashion & Apparel,COD,1,1190.0
901551,460,1,2024-12-04,2024-12-09,Delhi NCR,Fashion & Apparel,Prepaid,1,1110.0
901552,446,36,2025-03-24,2025-03-30,Pune,Beauty & Personal Care,COD,1,1130.0
901553,128,2,2025-02-23,2025-02-27,Mumbai,Fashion & Apparel,Prepaid,1,1190.0
901554,257,16,2024-11-10,2024-11-16,Hyderabad,Footwear,Prepaid,1,3900.0
901555,251,39,2024-05-27,2024-05-29,Delhi NCR,Beauty & Personal Care,Prepaid,3,2340.0
901556,54,27,2025-03-13,2025-03-19,Chennai,Home & Kitchen,Prepaid,2,2160.0
901557,221,16,2024-06-03,2024-06-08,Hyderabad,Footwear,COD,1,3900.0
901558,497,18,2025-01-02,2025-01-08,Mumbai,Electronics,Prepaid,1,13140.0
901559,12,38,2025-03-15,2025-03-18,Pune,Beauty & Personal Care,COD,1,510.0
901560,325,39,2024-12-19,2024-12-23,Bangalore,Beauty & Personal Care,Prepaid,1,780.0
901561,296,43,2025-01-05,2025-01-11,Bangalore,Accessories,Prepaid,1,910.0
901562,118,47,2024-06-23,2024-06-25,Delhi NCR,Accessories,COD,1,890.0
901563,232,15,2024-10-07,2024-10-10,Bangalore,Footwear,COD,1,3740.0
901564,264,8,2024-05-04,2024-05-10,Mumbai,Fashion & Apparel,Prepaid,2,3740.0
901565,17,27,2024-05-24,2024-05-29,Kochi,Home & Kitchen,COD,1,1080.0
901566,492,48,2024-04-04,2024-04-10,Chennai,Accessories,Prepaid,1,1560.0
901567,576,42,2024-11-02,2024-11-04,Chennai,Accessories,Prepaid,1,810.0
901568,508,9,2024-05-27,2024-05-29,Mumbai,Footwear,Prepaid,1,3370.0
901569,168,16,2024-04-15,2024-04-21,Bangalore,Footwear,COD,1,3900.0
901570,47,43,2024-08-30,2024-09-01,Kochi,Accessories,COD,1,910.0
901571,416,16,2025-01-30,2025-02-04,Hyderabad,Footwear,Prepaid,1,3900.0
901572,362,12,2024-07-18,2024-07-22,Hyderabad,Footwear,Prepaid,1,2600.0
901573,544,24,2024-08-05,2024-08-11,Bangalore,Electronics,COD,2,22900.0
901574,557,30,2024-04-22,2024-04-24,Mumbai,Home & Kitchen,Prepaid,1,2550.0
901575,554,34,2025-01-20,2025-01-24,Bangalore,Beauty & Personal Care,COD,1,410.0
901576,41,31,2024-11-06,2024-11-11,Mumbai,Home & Kitchen,Prepaid,2,3480.0
901577,478,40,2024-06-18,2024-06-21,Mumbai,Beauty & Personal Care,COD,1,540.0
901578,179,44,2024-07-08,2024-07-11,Hyderabad,Accessories,Prepaid,1,1130.0
901579,113,18,2024-06-05,2024-06-07,Kochi,Electronics,Prepaid,1,13140.0
901580,119,6,2024-11-09,2024-11-14,Delhi NCR,Fashion & Apparel,Prepaid,1,1510.0
901581,401,8,2024-10-27,2024-10-31,Kochi,Fashion & Apparel,COD,1,1870.0
901582,568,3,2024-07-05,2024-07-09,Kochi,Fashion & Apparel,COD,1,1770.0
901583,67,41,2025-01-18,2025-01-21,Pune,Accessories,COD,1,1390.0
901584,248,22,2024-11-23,2024-11-25,Hyderabad,Electronics,Prepaid,1,13330.0
901585,138,1,2024-10-23,2024-10-29,Chennai,Fashion & Apparel,Prepaid,1,1110.0
901586,95,47,2024-07-09,2024-07-14,Mumbai,Accessories,COD,1,890.0
901587,43,26,2024-05-21,2024-05-27,Chennai,Home & Kitchen,COD,2,4500.0
901588,324,10,2025-01-03,2025-01-05,Mumbai,Footwear,COD,1,3700.0
901589,421,47,2025-01-07,2025-01-09,Mumbai,Accessories,Prepaid,1,890.0
901590,546,28,2024-10-12,2024-10-15,Bangalore,Home & Kitchen,Prepaid,1,3170.0
901591,535,45,2024-07-04,2024-07-06,Bangalore,Accessories,Prepaid,1,1290.0
901592,126,33,2024-10-14,2024-10-18,Mumbai,Beauty & Personal Care,Prepaid,2,1480.0
901593,189,31,2024-12-27,2024-12-29,Bangalore,Home & Kitchen,Prepaid,1,1740.0
901594,520,35,2024-09-21,2024-09-24,Bangalore,Beauty & Personal Care,Prepaid,1,590.0
901595,288,11,2025-01-14,2025-01-20,Pune,Footwear,COD,1,2560.0
901596,441,14,2025-01-04,2025-01-09,Hyderabad,Footwear,COD,1,2370.0
901597,423,44,2024-04-26,2024-04-29,Bangalore,Accessories,Prepaid,1,1130.0
901598,509,31,2025-02-07,2025-02-13,Mumbai,Home & Kitchen,Prepaid,2,3480.0
901599,447,4,2024-12-10,2024-12-13,Bangalore,Fashion & Apparel,COD,1,970.0
901600,467,41,2024-04-18,2024-04-24,Hyderabad,Accessories,Prepaid,1,1390.0
901601,452,16,2024-12-07,2024-12-11,Bangalore,Footwear,Prepaid,1,3900.0
901602,321,48,2024-11-25,2024-11-27,Chennai,Accessories,Prepaid,1,1560.0
901603,130,28,2024-12-03,2024-12-06,Hyderabad,Home & Kitchen,COD,1,3170.0
901604,492,38,2024-10-26,2024-10-31,Chennai,Beauty & Personal Care,Prepaid,1,510.0
901605,206,35,2025-01-09,2025-01-12,Chennai,Beauty & Personal Care,COD,2,1180.0
901606,208,14,2024-04-27,2024-05-02,Bangalore,Footwear,Prepaid,2,4740.0
901607,224,3,2024-06-10,2024-06-12,Kochi,Fashion & Apparel,COD,2,3540.0
901608,87,19,2025-01-24,2025-01-30,Pune,Electronics,COD,1,10800.0
901609,315,26,2024-09-23,2024-09-27,Kochi,Home & Kitchen,COD,2,4500.0
901610,500,38,2024-09-28,2024-10-01,Delhi NCR,Beauty & Personal Care,Prepaid,1,510.0
901611,71,22,2024-12-11,2024-12-15,Chennai,Electronics,Prepaid,1,13330.0
901612,162,44,2024-04-14,2024-04-17,Pune,Accessories,COD,1,1130.0
901613,258,18,2024-09-19,2024-09-22,Delhi NCR,Electronics,Prepaid,1,13140.0
901614,289,35,2024-07-08,2024-07-14,Delhi NCR,Beauty & Personal Care,Prepaid,2,1180.0
901615,272,31,2024-05-10,2024-05-14,Delhi NCR,Home & Kitchen,COD,1,1740.0
901616,521,15,2024-09-30,2024-10-06,Chennai,Footwear,Prepaid,1,3740.0
901617,377,32,2025-03-22,2025-03-28,Delhi NCR,Home & Kitchen,Prepaid,1,1990.0
901618,202,39,2025-01-03,2025-01-07,Mumbai,Beauty & Personal Care,COD,1,780.0
901619,134,19,2024-10-18,2024-10-22,Delhi NCR,Electronics,Prepaid,1,10800.0
901620,79,38,2025-01-04,2025-01-06,Pune,Beauty & Personal Care,Prepaid,3,1530.0
901621,292,10,2024-07-21,2024-07-24,Mumbai,Footwear,Prepaid,1,3700.0
901622,219,26,2024-06-16,2024-06-19,Hyderabad,Home & Kitchen,Prepaid,2,4500.0
901623,200,36,2025-03-07,2025-03-11,Delhi NCR,Beauty & Personal Care,Prepaid,1,1130.0
901624,247,6,2024-10-29,2024-11-02,Delhi NCR,Fashion & Apparel,Prepaid,1,1510.0
901625,584,35,2024-04-10,2024-04-15,Delhi NCR,Beauty & Personal Care,Prepaid,2,1180.0
901626,292,28,2024-06-11,2024-06-17,Mumbai,Home & Kitchen,Prepaid,1,3170.0
901627,32,16,2024-08-02,2024-08-04,Mumbai,Footwear,COD,3,11700.0
901628,86,34,2024-10-21,2024-10-26,Mumbai,Beauty & Personal Care,COD,1,410.0
901629,303,48,2024-04-17,2024-04-21,Mumbai,Accessories,Prepaid,1,1560.0
901630,430,34,2025-01-21,2025-01-25,Chennai,Beauty & Personal Care,COD,2,820.0
901631,152,8,2024-12-28,2025-01-02,Hyderabad,Fashion & Apparel,COD,1,1870.0
901632,321,39,2024-04-03,2024-04-05,Chennai,Beauty & Personal Care,COD,1,780.0
901633,291,23,2025-02-06,2025-02-10,Hyderabad,Electronics,Prepaid,3,38340.0
901634,503,44,2024-07-11,2024-07-14,Chennai,Accessories,COD,3,3390.0
901635,130,9,2024-04-13,2024-04-16,Hyderabad,Footwear,COD,2,6740.0
901636,226,40,2024-05-20,2024-05-26,Bangalore,Beauty & Personal Care,Prepaid,1,540.0
901637,173,46,2024-09-10,2024-09-15,Mumbai,Accessories,COD,1,1320.0
901638,451,40,2024-09-23,2024-09-29,Bangalore,Beauty & Personal Care,Prepaid,1,540.0
901639,291,45,2025-03-12,2025-03-14,Hyderabad,Accessories,COD,1,1290.0
901640,114,7,2024-08-13,2024-08-18,Delhi NCR,Fashion & Apparel,COD,1,2150.0
901641,301,25,2024-10-02,2024-10-06,Bangalore,Home & Kitchen,COD,2,6300.0
901642,474,46,2024-07-31,2024-08-02,Hyderabad,Accessories,Prepaid,2,2640.0
901643,295,30,2024-10-31,2024-11-05,Delhi NCR,Home & Kitchen,Prepaid,1,2550.0
901644,475,38,2024-04-27,2024-04-30,Bangalore,Beauty & Personal Care,COD,3,1530.0
901645,389,22,2024-07-23,2024-07-29,Bangalore,Electronics,COD,1,13330.0
901646,48,10,2025-03-03,2025-03-05,Delhi NCR,Footwear,Prepaid,1,3700.0
901647,247,42,2024-06-15,2024-06-19,Delhi NCR,Accessories,COD,2,1620.0
901648,529,24,2024-07-07,2024-07-11,Pune,Electronics,Prepaid,1,11450.0
901649,382,15,2024-05-29,2024-06-03,Pune,Footwear,Prepaid,2,7480.0
901650,114,29,2024-12-26,2025-01-01,Delhi NCR,Home & Kitchen,COD,1,2450.0
901651,269,39,2024-06-02,2024-06-04,Pune,Beauty & Personal Care,COD,1,780.0
901652,553,30,2024-11-30,2024-12-04,Hyderabad,Home & Kitchen,Prepaid,1,2550.0
901653,129,25,2025-03-29,2025-04-03,Bangalore,Home & Kitchen,COD,2,6300.0
901654,511,16,2024-06-14,2024-06-20,Bangalore,Footwear,COD,2,7800.0
901655,360,18,2024-04-05,2024-04-07,Delhi NCR,Electronics,COD,2,26280.0
901656,127,12,2025-03-27,2025-04-02,Hyderabad,Footwear,Prepaid,1,2600.0
901657,345,2,2024-10-24,2024-10-28,Bangalore,Fashion & Apparel,COD,1,1190.0
901658,260,3,2025-03-04,2025-03-09,Pune,Fashion & Apparel,COD,1,1770.0
901659,587,4,2024-09-30,2024-10-03,Hyderabad,Fashion & Apparel,Prepaid,1,970.0
901660,525,25,2024-12-07,2024-12-13,Pune,Home & Kitchen,Prepaid,1,3150.0
901661,177,22,2024-10-24,2024-10-27,Delhi NCR,Electronics,Prepaid,1,13330.0
901662,289,19,2025-03-14,2025-03-17,Delhi NCR,Electronics,Prepaid,2,21600.0
901663,195,5,2024-05-31,2024-06-05,Mumbai,Fashion & Apparel,COD,1,1960.0
901664,111,25,2024-11-07,2024-11-12,Bangalore,Home & Kitchen,COD,1,3150.0
901665,73,17,2024-06-16,2024-06-18,Chennai,Electronics,Prepaid,2,27580.0
901666,312,21,2024-08-27,2024-08-30,Chennai,Electronics,Prepaid,1,9950.0
901667,576,30,2024-07-10,2024-07-12,Chennai,Home & Kitchen,Prepaid,1,2550.0
901668,83,37,2025-01-05,2025-01-10,Delhi NCR,Beauty & Personal Care,Prepaid,2,1620.0
901669,439,4,2024-07-25,2024-07-31,Hyderabad,Fashion & Apparel,COD,1,970.0
901670,274,37,2024-10-23,2024-10-29,Mumbai,Beauty & Personal Care,Prepaid,1,810.0
901671,368,18,2024-04-04,2024-04-09,Kochi,Electronics,COD,1,13140.0
901672,394,48,2024-11-20,2024-11-24,Delhi NCR,Accessories,Prepaid,1,1560.0
901673,514,39,2024-06-16,2024-06-19,Chennai,Beauty & Personal Care,Prepaid,1,780.0
901674,299,19,2025-03-08,2025-03-12,Kochi,Electronics,Prepaid,3,32400.0
901675,566,35,2024-07-20,2024-07-25,Pune,Beauty & Personal Care,Prepaid,2,1180.0
901676,468,40,2025-03-17,2025-03-22,Chennai,Beauty & Personal Care,COD,1,540.0
901677,428,27,2024-11-26,2024-12-02,Hyderabad,Home & Kitchen,COD,1,1080.0
901678,189,33,2024-08-31,2024-09-06,Bangalore,Beauty & Personal Care,Prepaid,1,740.0
901679,105,38,2025-01-30,2025-02-02,Mumbai,Beauty & Personal Care,COD,1,510.0
901680,463,21,2024-09-14,2024-09-16,Kochi,Electronics,Prepaid,1,9950.0
901681,532,2,2024-08-19,2024-08-23,Pune,Fashion & Apparel,Prepaid,1,1190.0
901682,558,33,2024-11-10,2024-11-15,Kochi,Beauty & Personal Care,Prepaid,1,740.0
901683,290,1,2024-09-19,2024-09-23,Delhi NCR,Fashion & Apparel,Prepaid,1,1110.0
901684,331,46,2025-02-19,2025-02-21,Bangalore,Accessories,Prepaid,1,1320.0
901685,532,39,2024-08-31,2024-09-03,Pune,Beauty & Personal Care,COD,1,780.0
901686,428,6,2024-12-11,2024-12-17,Hyderabad,Fashion & Apparel,Prepaid,1,1510.0
901687,127,40,2024-08-06,2024-08-11,Hyderabad,Beauty & Personal Care,Prepaid,1,540.0
901688,586,31,2024-07-04,2024-07-10,Bangalore,Home & Kitchen,Prepaid,1,1740.0
901689,22,33,2025-01-09,2025-01-12,Chennai,Beauty & Personal Care,Prepaid,1,740.0
901690,68,27,2024-12-30,2025-01-02,Bangalore,Home & Kitchen,COD,1,1080.0
901691,368,46,2025-02-20,2025-02-24,Kochi,Accessories,COD,1,1320.0
901692,98,2,2024-12-05,2024-12-11,Bangalore,Fashion & Apparel,Prepaid,1,1190.0
901693,478,3,2024-04-11,2024-04-15,Mumbai,Fashion & Apparel,Prepaid,1,1770.0
901694,452,3,2024-04-12,2024-04-15,Bangalore,Fashion & Apparel,Prepaid,1,1770.0
901695,252,39,2024-08-17,2024-08-21,Kochi,Beauty & Personal Care,COD,1,780.0
901696,485,42,2024-06-27,2024-07-01,Hyderabad,Accessories,Prepaid,2,1620.0
901697,61,26,2024-04-09,2024-04-12,Mumbai,Home & Kitchen,Prepaid,1,2250.0
901698,186,19,2024-08-09,2024-08-12,Hyderabad,Electronics,Prepaid,1,10800.0
901699,509,13,2024-06-11,2024-06-13,Mumbai,Footwear,Prepaid,1,3000.0
901700,243,20,2024-08-13,2024-08-19,Chennai,Electronics,COD,1,12810.0
901701,50,44,2024-07-04,2024-07-09,Kochi,Accessories,COD,2,2260.0
901702,140,8,2025-03-18,2025-03-23,Mumbai,Fashion & Apparel,COD,1,1870.0
901703,288,2,2024-06-25,2024-06-29,Pune,Fashion & Apparel,Prepaid,1,1190.0
901704,85,29,2024-08-15,2024-08-21,Pune,Home & Kitchen,Prepaid,1,2450.0
901705,110,36,2024-08-20,2024-08-25,Pune,Beauty & Personal Care,COD,1,1130.0
901706,355,30,2024-05-11,2024-05-16,Delhi NCR,Home & Kitchen,Prepaid,1,2550.0
901707,154,16,2024-12-28,2025-01-03,Chennai,Footwear,Prepaid,1,3900.0
901708,278,23,2024-05-23,2024-05-29,Mumbai,Electronics,COD,1,12780.0
901709,507,38,2025-02-22,2025-02-27,Bangalore,Beauty & Personal Care,Prepaid,1,510.0
901710,133,37,2024-05-28,2024-05-30,Kochi,Beauty & Personal Care,Prepaid,1,810.0
901711,492,24,2024-08-28,2024-09-02,Chennai,Electronics,Prepaid,1,11450.0
901712,451,32,2024-10-02,2024-10-06,Bangalore,Home & Kitchen,Prepaid,1,1990.0
901713,390,28,2025-03-18,2025-03-24,Mumbai,Home & Kitchen,Prepaid,1,3170.0
901714,90,21,2024-07-26,2024-07-29,Pune,Electronics,Prepaid,1,9950.0
901715,496,29,2024-05-27,2024-06-02,Hyderabad,Home & Kitchen,COD,1,2450.0
901716,32,22,2024-08-03,2024-08-08,Mumbai,Electronics,COD,1,13330.0
901717,272,35,2024-08-10,2024-08-14,Delhi NCR,Beauty & Personal Care,Prepaid,1,590.0
901718,113,45,2024-12-15,2024-12-19,Kochi,Accessories,Prepaid,1,1290.0
901719,266,2,2025-02-05,2025-02-10,Delhi NCR,Fashion & Apparel,COD,1,1190.0
901720,516,1,2024-04-16,2024-04-19,Mumbai,Fashion & Apparel,COD,1,1110.0
901721,168,19,2024-04-19,2024-04-21,Bangalore,Electronics,COD,1,10800.0
901722,211,34,2024-09-07,2024-09-10,Bangalore,Beauty & Personal Care,Prepaid,1,410.0
901723,539,15,2024-07-07,2024-07-11,Mumbai,Footwear,Prepaid,2,7480.0
901724,559,5,2025-02-09,2025-02-12,Kochi,Fashion & Apparel,Prepaid,1,1960.0
901725,387,16,2025-01-02,2025-01-07,Delhi NCR,Footwear,COD,1,3900.0
901726,103,14,2024-05-21,2024-05-23,Bangalore,Footwear,COD,1,2370.0
901727,41,22,2024-06-08,2024-06-10,Mumbai,Electronics,Prepaid,1,13330.0
901728,87,27,2024-11-23,2024-11-25,Pune,Home & Kitchen,Prepaid,1,1080.0
901729,296,48,2024-07-01,2024-07-06,Bangalore,Accessories,COD,1,1560.0
901730,286,23,2024-11-22,2024-11-25,Mumbai,Electronics,Prepaid,1,12780.0
901731,115,15,2024-12-20,2024-12-25,Kochi,Footwear,Prepaid,1,3740.0
901732,199,47,2025-02-07,2025-02-10,Bangalore,Accessories,Prepaid,3,2670.0
901733,253,31,2024-06-30,2024-07-02,Bangalore,Home & Kitchen,Prepaid,1,1740.0
901734,260,40,2024-11-25,2024-11-27,Pune,Beauty & Personal Care,COD,1,540.0
901735,518,48,2024-05-10,2024-05-12,Bangalore,Accessories,Prepaid,1,1560.0
901736,44,17,2024-08-10,2024-08-16,Chennai,Electronics,COD,2,27580.0
901737,589,39,2024-06-10,2024-06-14,Bangalore,Beauty & Personal Care,Prepaid,1,780.0
901738,518,6,2024-12-09,2024-12-15,Bangalore,Fashion & Apparel,COD,1,1510.0
901739,241,17,2025-03-11,2025-03-17,Pune,Electronics,COD,1,13790.0
901740,340,17,2024-11-17,2024-11-22,Delhi NCR,Electronics,Prepaid,1,13790.0
901741,577,41,2024-08-17,2024-08-20,Kochi,Accessories,COD,2,2780.0
901742,136,21,2024-11-14,2024-11-19,Bangalore,Electronics,Prepaid,1,9950.0
901743,309,14,2024-04-11,2024-04-14,Mumbai,Footwear,Prepaid,1,2370.0
901744,66,16,2024-11-23,2024-11-26,Delhi NCR,Footwear,Prepaid,1,3900.0
901745,582,9,2024-07-17,2024-07-23,Hyderabad,Footwear,COD,1,3370.0
901746,583,4,2024-09-22,2024-09-27,Bangalore,Fashion & Apparel,COD,2,1940.0
901747,540,10,2024-09-14,2024-09-16,Delhi NCR,Footwear,Prepaid,1,3700.0
901748,405,42,2024-06-02,2024-06-07,Pune,Accessories,Prepaid,2,1620.0
901749,274,40,2025-03-11,2025-03-14,Mumbai,Beauty & Personal Care,COD,1,540.0
901750,547,12,2024-04-09,2024-04-14,Bangalore,Footwear,Prepaid,1,2600.0
901751,328,30,2024-10-18,2024-10-24,Delhi NCR,Home & Kitchen,Prepaid,1,2550.0
901752,161,30,2025-01-12,2025-01-14,Bangalore,Home & Kitchen,COD,1,2550.0
901753,121,24,2025-01-30,2025-02-04,Bangalore,Electronics,COD,2,22900.0
901754,262,30,2024-09-04,2024-09-08,Hyderabad,Home & Kitchen,COD,1,2550.0
901755,381,25,2025-03-29,2025-04-02,Mumbai,Home & Kitchen,Prepaid,2,6300.0
901756,346,1,2025-01-18,2025-01-21,Bangalore,Fashion & Apparel,COD,1,1110.0
901757,481,5,2024-07-21,2024-07-26,Pune,Fashion & Apparel,COD,1,1960.0
901758,472,43,2024-12-17,2024-12-22,Bangalore,Accessories,COD,1,910.0
901759,119,38,2024-05-19,2024-05-25,Delhi NCR,Beauty & Personal Care,COD,2,1020.0
901760,412,32,2024-06-09,2024-06-15,Bangalore,Home & Kitchen,COD,1,1990.0
901761,586,18,2024-04-28,2024-05-02,Bangalore,Electronics,COD,3,39420.0
901762,396,23,2025-01-24,2025-01-26,Delhi NCR,Electronics,Prepaid,1,12780.0
901763,214,13,2024-04-03,2024-04-06,Bangalore,Footwear,Prepaid,1,3000.0
901764,250,3,2025-01-24,2025-01-27,Delhi NCR,Fashion & Apparel,Prepaid,1,1770.0
901765,404,17,2024-04-05,2024-04-07,Hyderabad,Electronics,COD,1,13790.0
901766,351,13,2025-01-05,2025-01-11,Pune,Footwear,Prepaid,1,3000.0
901767,31,24,2024-09-20,2024-09-25,Mumbai,Electronics,Prepaid,1,11450.0
901768,394,3,2024-05-22,2024-05-25,Delhi NCR,Fashion & Apparel,Prepaid,1,1770.0
901769,132,23,2024-04-07,2024-04-11,Chennai,Electronics,COD,1,12780.0
901770,250,13,2024-04-19,2024-04-21,Delhi NCR,Footwear,Prepaid,2,6000.0
901771,62,24,2024-07-17,2024-07-22,Pune,Electronics,COD,1,11450.0
901772,152,26,2024-05-18,2024-05-23,Hyderabad,Home & Kitchen,Prepaid,3,6750.0
901773,138,17,2024-04-09,2024-04-11,Chennai,Electronics,Prepaid,1,13790.0
901774,83,45,2024-05-22,2024-05-26,Delhi NCR,Accessories,Prepaid,1,1290.0
901775,22,7,2024-09-21,2024-09-26,Chennai,Fashion & Apparel,COD,2,4300.0
901776,455,24,2025-01-17,2025-01-20,Mumbai,Electronics,COD,2,22900.0
901777,49,12,2024-04-20,2024-04-23,Hyderabad,Footwear,COD,1,2600.0
901778,523,7,2024-04-02,2024-04-07,Bangalore,Fashion & Apparel,COD,2,4300.0
901779,456,15,2024-11-14,2024-11-20,Bangalore,Footwear,COD,1,3740.0
901780,440,20,2024-08-16,2024-08-19,Kochi,Electronics,Prepaid,1,12810.0
901781,348,4,2024-04-26,2024-05-01,Kochi,Fashion & Apparel,Prepaid,1,970.0
901782,7,3,2024-04-16,2024-04-18,Mumbai,Fashion & Apparel,Prepaid,1,1770.0
901783,238,16,2024-11-28,2024-12-01,Delhi NCR,Footwear,Prepaid,1,3900.0
901784,418,15,2024-07-27,2024-07-29,Hyderabad,Footwear,Prepaid,1,3740.0
901785,528,11,2024-06-29,2024-07-01,Bangalore,Footwear,COD,1,2560.0
901786,530,27,2024-12-19,2024-12-25,Delhi NCR,Home & Kitchen,Prepaid,1,1080.0
901787,79,1,2024-11-25,2024-11-30,Pune,Fashion & Apparel,COD,1,1110.0
901788,215,29,2024-06-27,2024-06-29,Hyderabad,Home & Kitchen,Prepaid,1,2450.0
901789,296,41,2025-01-08,2025-01-13,Bangalore,Accessories,Prepaid,1,1390.0
901790,516,31,2024-12-23,2024-12-25,Mumbai,Home & Kitchen,Prepaid,1,1740.0
901791,161,5,2025-03-02,2025-03-05,Bangalore,Fashion & Apparel,Prepaid,1,1960.0
901792,30,30,2024-06-19,2024-06-22,Pune,Home & Kitchen,Prepaid,2,5100.0
901793,362,16,2024-06-21,2024-06-24,Hyderabad,Footwear,Prepaid,1,3900.0
901794,87,2,2024-08-02,2024-08-04,Pune,Fashion & Apparel,COD,1,1190.0
901795,508,6,2024-08-23,2024-08-28,Mumbai,Fashion & Apparel,Prepaid,2,3020.0
901796,474,3,2024-09-21,2024-09-23,Hyderabad,Fashion & Apparel,COD,2,3540.0
901797,101,29,2024-07-14,2024-07-17,Bangalore,Home & Kitchen,COD,1,2450.0
901798,114,22,2024-04-13,2024-04-17,Delhi NCR,Electronics,COD,1,13330.0
901799,476,28,2024-08-19,2024-08-24,Mumbai,Home & Kitchen,COD,1,3170.0
901800,498,13,2024-09-20,2024-09-24,Mumbai,Footwear,Prepaid,1,3000.0
901801,119,43,2024-11-28,2024-11-30,Delhi NCR,Accessories,Prepaid,2,1820.0
901802,515,12,2024-04-20,2024-04-25,Bangalore,Footwear,Prepaid,1,2600.0
901803,524,21,2025-02-21,2025-02-23,Pune,Electronics,Prepaid,2,19900.0
901804,404,45,2024-04-28,2024-05-03,Hyderabad,Accessories,Prepaid,1,1290.0
901805,280,39,2024-04-03,2024-04-08,Hyderabad,Beauty & Personal Care,COD,3,2340.0
901806,509,32,2024-07-05,2024-07-08,Mumbai,Home & Kitchen,Prepaid,1,1990.0
901807,38,24,2024-12-16,2024-12-18,Bangalore,Electronics,COD,1,11450.0
901808,333,38,2024-08-05,2024-08-11,Hyderabad,Beauty & Personal Care,Prepaid,1,510.0
901809,538,8,2024-04-07,2024-04-11,Bangalore,Fashion & Apparel,COD,1,1870.0
901810,385,18,2024-05-01,2024-05-06,Hyderabad,Electronics,COD,1,13140.0
901811,238,12,2024-10-29,2024-11-04,Delhi NCR,Footwear,COD,1,2600.0
901812,404,14,2024-07-04,2024-07-10,Hyderabad,Footwear,Prepaid,1,2370.0
901813,142,42,2024-06-04,2024-06-08,Chennai,Accessories,Prepaid,1,810.0
901814,260,34,2024-11-10,2024-11-15,Pune,Beauty & Personal Care,COD,1,410.0
901815,248,5,2025-03-17,2025-03-21,Hyderabad,Fashion & Apparel,COD,3,5880.0
901816,220,43,2024-10-17,2024-10-22,Chennai,Accessories,Prepaid,2,1820.0
901817,203,4,2024-05-21,2024-05-26,Hyderabad,Fashion & Apparel,Prepaid,1,970.0
901818,293,2,2024-10-16,2024-10-21,Delhi NCR,Fashion & Apparel,COD,1,1190.0
901819,295,35,2024-12-26,2024-12-30,Delhi NCR,Beauty & Personal Care,COD,2,1180.0
901820,432,15,2024-11-17,2024-11-22,Hyderabad,Footwear,Prepaid,1,3740.0
901821,56,29,2024-11-24,2024-11-29,Pune,Home & Kitchen,Prepaid,1,2450.0
901822,182,15,2024-04-11,2024-04-17,Kochi,Footwear,Prepaid,1,3740.0
901823,423,26,2024-05-05,2024-05-09,Bangalore,Home & Kitchen,COD,2,4500.0
901824,584,43,2024-07-27,2024-07-29,Delhi NCR,Accessories,Prepaid,1,910.0
901825,488,15,2024-09-20,2024-09-22,Hyderabad,Footwear,COD,1,3740.0
901826,94,42,2025-03-27,2025-03-29,Delhi NCR,Accessories,COD,1,810.0
901827,98,21,2024-11-24,2024-11-28,Bangalore,Electronics,COD,1,9950.0
901828,363,2,2025-01-08,2025-01-14,Hyderabad,Fashion & Apparel,Prepaid,2,2380.0
901829,412,12,2025-02-10,2025-02-14,Bangalore,Footwear,Prepaid,1,2600.0
901830,259,3,2024-04-12,2024-04-16,Bangalore,Fashion & Apparel,Prepaid,1,1770.0
901831,205,15,2025-01-24,2025-01-29,Chennai,Footwear,Prepaid,1,3740.0
901832,135,30,2025-01-11,2025-01-17,Hyderabad,Home & Kitchen,Prepaid,1,2550.0
901833,116,31,2024-07-21,2024-07-24,Mumbai,Home & Kitchen,Prepaid,1,1740.0
901834,265,41,2024-05-17,2024-05-20,Chennai,Accessories,Prepaid,2,2780.0
901835,590,37,2024-06-13,2024-06-15,Mumbai,Beauty & Personal Care,Prepaid,1,810.0
901836,425,34,2024-10-16,2024-10-22,Hyderabad,Beauty & Personal Care,Prepaid,1,410.0
901837,250,23,2024-04-12,2024-04-16,Delhi NCR,Electronics,Prepaid,1,12780.0
901838,504,24,2024-08-12,2024-08-16,Pune,Electronics,Prepaid,1,11450.0
901839,534,6,2024-12-26,2024-12-28,Mumbai,Fashion & Apparel,COD,1,1510.0
901840,360,26,2024-10-20,2024-10-25,Delhi NCR,Home & Kitchen,Prepaid,1,2250.0
901841,362,27,2024-11-12,2024-11-18,Hyderabad,Home & Kitchen,Prepaid,2,2160.0
901842,466,29,2024-04-19,2024-04-21,Hyderabad,Home & Kitchen,Prepaid,1,2450.0
901843,209,19,2024-10-03,2024-10-05,Bangalore,Electronics,Prepaid,1,10800.0
901844,170,36,2024-07-09,2024-07-15,Bangalore,Beauty & Personal Care,Prepaid,1,1130.0
901845,132,19,2025-01-24,2025-01-28,Chennai,Electronics,COD,1,10800.0
901846,515,17,2025-01-04,2025-01-08,Bangalore,Electronics,Prepaid,1,13790.0
901847,590,32,2024-05-20,2024-05-23,Mumbai,Home & Kitchen,Prepaid,3,5970.0
901848,183,33,2025-02-21,2025-02-27,Hyderabad,Beauty & Personal Care,Prepaid,1,740.0
901849,71,29,2025-02-10,2025-02-16,Chennai,Home & Kitchen,COD,1,2450.0
901850,565,20,2024-05-19,2024-05-21,Pune,Electronics,COD,1,12810.0
901851,77,47,2024-04-18,2024-04-22,Delhi NCR,Accessories,Prepaid,1,890.0
901852,454,12,2024-06-07,2024-06-09,Mumbai,Footwear,COD,1,2600.0
901853,250,32,2024-08-30,2024-09-02,Delhi NCR,Home & Kitchen,COD,1,1990.0
901854,535,29,2024-08-09,2024-08-14,Bangalore,Home & Kitchen,COD,1,2450.0
901855,37,9,2024-10-02,2024-10-05,Kochi,Footwear,Prepaid,1,3370.0
901856,216,42,2024-10-04,2024-10-06,Delhi NCR,Accessories,Prepaid,2,1620.0
901857,188,8,2024-12-11,2024-12-17,Delhi NCR,Fashion & Apparel,Prepaid,1,1870.0
901858,82,1,2024-08-27,2024-08-29,Hyderabad,Fashion & Apparel,Prepaid,1,1110.0
901859,417,12,2024-12-20,2024-12-24,Mumbai,Footwear,Prepaid,1,2600.0
901860,57,46,2025-03-25,2025-03-27,Delhi NCR,Accessories,Prepaid,1,1320.0
901861,109,32,2024-07-15,2024-07-21,Mumbai,Home & Kitchen,Prepaid,2,3980.0
901862,180,33,2025-01-02,2025-01-05,Pune,Beauty & Personal Care,COD,1,740.0
901863,209,29,2024-05-25,2024-05-29,Bangalore,Home & Kitchen,COD,1,2450.0
901864,433,44,2024-09-06,2024-09-08,Pune,Accessories,COD,1,1130.0
901865,476,7,2025-01-15,2025-01-18,Mumbai,Fashion & Apparel,Prepaid,2,4300.0
901866,409,22,2024-08-27,2024-08-30,Mumbai,Electronics,Prepaid,1,13330.0
901867,514,22,2024-04-17,2024-04-23,Chennai,Electronics,Prepaid,1,13330.0
901868,368,25,2024-09-11,2024-09-16,Kochi,Home & Kitchen,COD,1,3150.0
901869,189,7,2025-01-30,2025-02-02,Bangalore,Fashion & Apparel,Prepaid,2,4300.0
901870,407,34,2025-01-01,2025-01-04,Mumbai,Beauty & Personal Care,COD,1,410.0
901871,328,47,2025-03-19,2025-03-25,Delhi NCR,Accessories,Prepaid,1,890.0
901872,553,7,2024-09-23,2024-09-25,Hyderabad,Fashion & Apparel,Prepaid,1,2150.0
901873,565,10,2024-04-06,2024-04-11,Pune,Footwear,Prepaid,1,3700.0
901874,59,1,2024-04-03,2024-04-09,Delhi NCR,Fashion & Apparel,Prepaid,1,1110.0
901875,259,16,2024-08-10,2024-08-12,Bangalore,Footwear,Prepaid,1,3900.0
901876,463,36,2024-07-09,2024-07-14,Kochi,Beauty & Personal Care,Prepaid,2,2260.0
901877,111,21,2024-04-17,2024-04-21,Bangalore,Electronics,COD,3,29850.0
901878,87,38,2024-12-30,2025-01-02,Pune,Beauty & Personal Care,Prepaid,1,510.0
901879,251,41,2024-11-13,2024-11-15,Delhi NCR,Accessories,COD,1,1390.0
901880,53,38,2024-06-11,2024-06-16,Kochi,Beauty & Personal Care,COD,1,510.0
901881,127,45,2024-05-23,2024-05-26,Hyderabad,Accessories,COD,1,1290.0
901882,159,34,2024-06-18,2024-06-24,Bangalore,Beauty & Personal Care,Prepaid,1,410.0
901883,581,20,2025-01-27,2025-02-01,Bangalore,Electronics,Prepaid,2,25620.0
901884,466,40,2024-12-27,2024-12-29,Hyderabad,Beauty & Personal Care,Prepaid,2,1080.0
901885,226,29,2025-03-28,2025-04-02,Bangalore,Home & Kitchen,Prepaid,1,2450.0
901886,565,18,2024-11-22,2024-11-26,Pune,Electronics,Prepaid,1,13140.0
901887,150,4,2024-07-18,2024-07-21,Kochi,Fashion & Apparel,COD,1,970.0
901888,268,21,2024-10-24,2024-10-26,Delhi NCR,Electronics,Prepaid,1,9950.0
901889,1,46,2025-03-29,2025-04-02,Delhi NCR,Accessories,Prepaid,1,1320.0
901890,388,11,2025-01-15,2025-01-21,Mumbai,Footwear,Prepaid,2,5120.0
901891,450,31,2024-11-23,2024-11-27,Pune,Home & Kitchen,COD,1,1740.0
901892,402,7,2024-09-11,2024-09-14,Chennai,Fashion & Apparel,COD,1,2150.0
901893,198,29,2024-08-13,2024-08-18,Delhi NCR,Home & Kitchen,Prepaid,1,2450.0
901894,543,31,2024-07-06,2024-07-10,Chennai,Home & Kitchen,COD,1,1740.0
901895,273,27,2024-04-01,2024-04-04,Hyderabad,Home & Kitchen,Prepaid,1,1080.0
901896,268,25,2024-11-27,2024-12-03,Delhi NCR,Home & Kitchen,COD,1,3150.0
901897,528,19,2025-03-09,2025-03-13,Bangalore,Electronics,COD,1,10800.0
901898,512,27,2024-04-21,2024-04-25,Kochi,Home & Kitchen,COD,1,1080.0
901899,242,11,2024-08-10,2024-08-15,Kochi,Footwear,Prepaid,1,2560.0
901900,30,46,2024-08-17,2024-08-22,Pune,Accessories,Prepaid,1,1320.0
901901,48,9,2024-04-27,2024-04-29,Delhi NCR,Footwear,COD,1,3370.0
901902,571,42,2025-03-27,2025-04-02,Delhi NCR,Accessories,Prepaid,1,810.0
901903,78,23,2024-08-24,2024-08-29,Chennai,Electronics,COD,2,25560.0
901904,597,39,2024-06-25,2024-07-01,Mumbai,Beauty & Personal Care,Prepaid,1,780.0
901905,107,19,2025-01-29,2025-02-01,Chennai,Electronics,Prepaid,2,21600.0
901906,14,15,2024-05-15,2024-05-19,Mumbai,Footwear,Prepaid,1,3740.0
901907,152,1,2024-04-28,2024-05-02,Hyderabad,Fashion & Apparel,Prepaid,1,1110.0
901908,222,33,2024-06-15,2024-06-17,Bangalore,Beauty & Personal Care,Prepaid,1,740.0
901909,69,44,2024-07-17,2024-07-19,Bangalore,Accessories,COD,2,2260.0
901910,271,30,2024-07-27,2024-08-01,Chennai,Home & Kitchen,COD,1,2550.0
901911,396,2,2024-09-25,2024-10-01,Delhi NCR,Fashion & Apparel,COD,1,1190.0
901912,50,16,2024-05-27,2024-06-01,Kochi,Footwear,Prepaid,1,3900.0
901913,232,1,2024-11-02,2024-11-04,Bangalore,Fashion & Apparel,Prepaid,1,1110.0
901914,426,45,2024-12-28,2025-01-02,Bangalore,Accessories,COD,1,1290.0
901915,212,24,2024-07-12,2024-07-14,Bangalore,Electronics,COD,1,11450.0
901916,43,28,2024-08-09,2024-08-14,Chennai,Home & Kitchen,Prepaid,1,3170.0
901917,570,30,2024-06-22,2024-06-24,Hyderabad,Home & Kitchen,Prepaid,1,2550.0
901918,281,44,2024-11-19,2024-11-22,Mumbai,Accessories,COD,2,2260.0
901919,97,5,2024-10-25,2024-10-27,Mumbai,Fashion & Apparel,Prepaid,1,1960.0
901920,362,10,2024-11-24,2024-11-29,Hyderabad,Footwear,COD,1,3700.0
901921,458,37,2025-02-11,2025-02-14,Bangalore,Beauty & Personal Care,COD,1,810.0
901922,132,23,2024-11-05,2024-11-10,Chennai,Electronics,Prepaid,1,12780.0
901923,367,30,2025-02-22,2025-02-27,Mumbai,Home & Kitchen,Prepaid,1,2550.0
901924,374,48,2024-11-07,2024-11-11,Chennai,Accessories,Prepaid,1,1560.0
901925,257,25,2025-01-06,2025-01-11,Hyderabad,Home & Kitchen,Prepaid,2,6300.0
901926,384,15,2024-08-05,2024-08-11,Chennai,Footwear,Prepaid,1,3740.0
901927,422,31,2024-06-24,2024-06-26,Bangalore,Home & Kitchen,COD,2,3480.0
901928,466,16,2024-10-11,2024-10-16,Hyderabad,Footwear,COD,1,3900.0
901929,486,16,2025-02-14,2025-02-20,Pune,Footwear,Prepaid,1,3900.0
901930,415,33,2024-05-01,2024-05-04,Mumbai,Beauty & Personal Care,Prepaid,2,1480.0
901931,594,44,2024-09-09,2024-09-11,Hyderabad,Accessories,Prepaid,2,2260.0
901932,19,5,2024-11-05,2024-11-09,Kochi,Fashion & Apparel,Prepaid,2,3920.0
901933,59,8,2024-07-27,2024-07-29,Delhi NCR,Fashion & Apparel,COD,1,1870.0
901934,492,35,2025-01-16,2025-01-21,Chennai,Beauty & Personal Care,Prepaid,1,590.0
901935,557,18,2025-01-19,2025-01-22,Mumbai,Electronics,Prepaid,1,13140.0
901936,329,31,2024-11-24,2024-11-29,Hyderabad,Home & Kitchen,COD,1,1740.0
901937,213,21,2024-11-12,2024-11-15,Bangalore,Electronics,COD,1,9950.0
901938,597,42,2024-11-01,2024-11-03,Mumbai,Accessories,COD,2,1620.0
901939,499,41,2024-07-25,2024-07-31,Mumbai,Accessories,Prepaid,1,1390.0
901940,23,36,2024-10-26,2024-10-31,Pune,Beauty & Personal Care,Prepaid,1,1130.0
901941,217,21,2024-09-27,2024-10-02,Mumbai,Electronics,Prepaid,1,9950.0
901942,298,37,2024-06-07,2024-06-11,Mumbai,Beauty & Personal Care,COD,1,810.0
901943,160,16,2024-10-20,2024-10-23,Pune,Footwear,Prepaid,1,3900.0
901944,178,16,2024-10-27,2024-11-02,Chennai,Footwear,COD,1,3900.0
901945,141,9,2024-08-09,2024-08-11,Bangalore,Footwear,COD,1,3370.0
901946,460,11,2024-10-11,2024-10-14,Delhi NCR,Footwear,Prepaid,2,5120.0
901947,324,9,2025-02-25,2025-03-01,Mumbai,Footwear,Prepaid,1,3370.0
901948,436,6,2024-09-05,2024-09-08,Mumbai,Fashion & Apparel,Prepaid,2,3020.0
901949,553,47,2025-01-25,2025-01-29,Hyderabad,Accessories,COD,1,890.0
901950,538,2,2024-07-30,2024-08-02,Bangalore,Fashion & Apparel,Prepaid,1,1190.0
901951,423,7,2024-07-26,2024-08-01,Bangalore,Fashion & Apparel,COD,1,2150.0
901952,180,46,2024-09-01,2024-09-03,Pune,Accessories,COD,1,1320.0
901953,218,45,2024-07-15,2024-07-19,Bangalore,Accessories,Prepaid,2,2580.0
901954,95,37,2025-03-29,2025-04-02,Mumbai,Beauty & Personal Care,Prepaid,1,810.0
901955,354,22,2024-07-30,2024-08-05,Chennai,Electronics,COD,1,13330.0
901956,273,11,2024-06-05,2024-06-10,Hyderabad,Footwear,Prepaid,1,2560.0
901957,146,21,2024-11-20,2024-11-26,Hyderabad,Electronics,COD,2,19900.0
901958,147,28,2024-09-01,2024-09-06,Mumbai,Home & Kitchen,Prepaid,1,3170.0
901959,214,7,2024-11-06,2024-11-09,Bangalore,Fashion & Apparel,Prepaid,1,2150.0
901960,501,42,2024-06-16,2024-06-21,Kochi,Accessories,Prepaid,1,810.0
901961,21,31,2024-10-03,2024-10-07,Mumbai,Home & Kitchen,Prepaid,1,1740.0
901962,384,6,2024-06-16,2024-06-18,Chennai,Fashion & Apparel,Prepaid,2,3020.0
901963,468,38,2024-11-18,2024-11-24,Chennai,Beauty & Personal Care,COD,1,510.0
901964,101,34,2024-10-19,2024-10-24,Bangalore,Beauty & Personal Care,COD,1,410.0
901965,558,3,2024-07-09,2024-07-13,Kochi,Fashion & Apparel,Prepaid,1,1770.0
901966,80,26,2024-04-09,2024-04-11,Mumbai,Home & Kitchen,Prepaid,1,2250.0
901967,154,32,2024-09-05,2024-09-09,Chennai,Home & Kitchen,Prepaid,2,3980.0
901968,118,28,2024-11-05,2024-11-08,Delhi NCR,Home & Kitchen,Prepaid,1,3170.0
901969,227,27,2025-01-15,2025-01-17,Bangalore,Home & Kitchen,COD,2,2160.0
901970,571,40,2025-03-15,2025-03-20,Delhi NCR,Beauty & Personal Care,COD,2,1080.0
901971,9,24,2024-09-12,2024-09-17,Bangalore,Electronics,COD,2,22900.0
901972,306,29,2025-01-27,2025-01-29,Chennai,Home & Kitchen,Prepaid,1,2450.0
901973,192,25,2024-05-03,2024-05-07,Bangalore,Home & Kitchen,COD,1,3150.0
901974,268,11,2024-10-24,2024-10-27,Delhi NCR,Footwear,Prepaid,1,2560.0
901975,343,13,2024-06-13,2024-06-18,Chennai,Footwear,COD,1,3000.0
901976,390,25,2024-06-13,2024-06-16,Mumbai,Home & Kitchen,COD,1,3150.0
901977,38,39,2024-11-07,2024-11-11,Bangalore,Beauty & Personal Care,COD,1,780.0
901978,320,23,2024-05-19,2024-05-22,Bangalore,Electronics,COD,1,12780.0
901979,532,22,2025-03-05,2025-03-07,Pune,Electronics,COD,1,13330.0
901980,46,16,2024-07-25,2024-07-30,Bangalore,Footwear,Prepaid,1,3900.0
901981,364,4,2024-07-28,2024-08-01,Hyderabad,Fashion & Apparel,COD,1,970.0
901982,518,31,2024-04-12,2024-04-15,Bangalore,Home & Kitchen,COD,2,3480.0
901983,416,36,2024-11-14,2024-11-20,Hyderabad,Beauty & Personal Care,Prepaid,1,1130.0
901984,500,39,2024-06-28,2024-07-04,Delhi NCR,Beauty & Personal Care,COD,1,780.0
901985,199,7,2024-08-24,2024-08-26,Bangalore,Fashion & Apparel,Prepaid,1,2150.0
901986,252,46,2025-01-16,2025-01-21,Kochi,Accessories,Prepaid,1,1320.0
901987,456,24,2024-04-07,2024-04-10,Bangalore,Electronics,Prepaid,1,11450.0
901988,8,35,2024-08-01,2024-08-05,Delhi NCR,Beauty & Personal Care,Prepaid,1,590.0
901989,502,9,2025-03-16,2025-03-20,Mumbai,Footwear,COD,3,10110.0
901990,60,39,2024-07-15,2024-07-21,Bangalore,Beauty & Personal Care,Prepaid,2,1560.0
901991,223,31,2025-01-16,2025-01-22,Pune,Home & Kitchen,COD,2,3480.0
901992,422,6,2025-03-24,2025-03-29,Bangalore,Fashion & Apparel,Prepaid,1,1510.0
901993,248,13,2024-06-20,2024-06-25,Hyderabad,Footwear,Prepaid,1,3000.0
901994,180,7,2025-02-18,2025-02-23,Pune,Fashion & Apparel,COD,1,2150.0
901995,342,16,2024-11-27,2024-12-01,Hyderabad,Footwear,COD,1,3900.0
901996,192,9,2024-09-11,2024-09-17,Bangalore,Footwear,Prepaid,1,3370.0
901997,272,20,2024-12-09,2024-12-13,Delhi NCR,Electronics,Prepaid,1,12810.0
901998,319,30,2025-01-24,2025-01-26,Chennai,Home & Kitchen,Prepaid,2,5100.0
901999,183,15,2025-03-15,2025-03-17,Hyderabad,Footwear,COD,1,3740.0
902000,373,36,2024-04-03,2024-04-07,Mumbai,Beauty & Personal Care,Prepaid,2,2260.0
902001,413,45,2025-02-24,2025-03-01,Delhi NCR,Accessories,COD,1,1290.0
902002,143,34,2025-02-23,2025-03-01,Bangalore,Beauty & Personal Care,Prepaid,1,410.0
902003,255,10,2025-02-12,2025-02-15,Kochi,Footwear,COD,1,3700.0
902004,565,24,2024-05-14,2024-05-20,Pune,Electronics,COD,1,11450.0
902005,455,24,2024-12-22,2024-12-27,Mumbai,Electronics,Prepaid,2,22900.0
902006,248,3,2024-12-14,2024-12-19,Hyderabad,Fashion & Apparel,COD,1,1770.0
902007,275,15,2024-07-18,2024-07-20,Pune,Footwear,Prepaid,2,7480.0
902008,256,11,2024-08-13,2024-08-16,Bangalore,Footwear,Prepaid,1,2560.0
902009,334,10,2024-07-03,2024-07-08,Kochi,Footwear,Prepaid,1,3700.0
902010,360,20,2024-08-05,2024-08-07,Delhi NCR,Electronics,Prepaid,1,12810.0
902011,361,33,2025-03-24,2025-03-29,Chennai,Beauty & Personal Care,COD,1,740.0
902012,458,6,2024-12-29,2025-01-01,Bangalore,Fashion & Apparel,COD,2,3020.0
902013,276,22,2024-06-06,2024-06-10,Bangalore,Electronics,Prepaid,2,26660.0
902014,441,30,2024-08-24,2024-08-30,Hyderabad,Home & Kitchen,Prepaid,1,2550.0
902015,596,38,2024-05-07,2024-05-11,Mumbai,Beauty & Personal Care,COD,1,510.0
902016,403,38,2024-04-23,2024-04-25,Mumbai,Beauty & Personal Care,Prepaid,1,510.0
902017,493,33,2024-07-07,2024-07-09,Mumbai,Beauty & Personal Care,Prepaid,1,740.0
902018,106,11,2024-04-29,2024-05-03,Delhi NCR,Footwear,Prepaid,2,5120.0
902019,30,2,2024-04-28,2024-05-01,Pune,Fashion & Apparel,Prepaid,1,1190.0
902020,227,30,2025-02-02,2025-02-05,Bangalore,Home & Kitchen,COD,1,2550.0
902021,188,45,2024-05-21,2024-05-24,Delhi NCR,Accessories,COD,1,1290.0
902022,482,14,2024-07-09,2024-07-13,Bangalore,Footwear,COD,1,2370.0
902023,542,18,2024-06-08,2024-06-14,Delhi NCR,Electronics,COD,1,13140.0
902024,9,20,2025-03-27,2025-03-29,Bangalore,Electronics,COD,1,12810.0
902025,50,1,2025-02-06,2025-02-09,Kochi,Fashion & Apparel,Prepaid,1,1110.0
902026,439,20,2024-09-30,2024-10-02,Hyderabad,Electronics,Prepaid,1,12810.0
902027,100,48,2024-12-24,2024-12-29,Delhi NCR,Accessories,COD,1,1560.0
902028,109,8,2025-01-25,2025-01-29,Mumbai,Fashion & Apparel,Prepaid,1,1870.0
902029,263,39,2025-02-21,2025-02-24,Bangalore,Beauty & Personal Care,Prepaid,2,1560.0
902030,230,46,2024-12-02,2024-12-05,Bangalore,Accessories,Prepaid,1,1320.0
902031,594,47,2024-12-22,2024-12-24,Hyderabad,Accessories,COD,1,890.0
902032,166,48,2024-10-02,2024-10-08,Bangalore,Accessories,Prepaid,1,1560.0
902033,72,46,2025-02-09,2025-02-15,Mumbai,Accessories,COD,1,1320.0
902034,121,47,2024-07-24,2024-07-28,Bangalore,Accessories,Prepaid,1,890.0
902035,257,27,2024-11-11,2024-11-17,Hyderabad,Home & Kitchen,Prepaid,1,1080.0
902036,442,13,2024-11-17,2024-11-21,Kochi,Footwear,Prepaid,1,3000.0
902037,166,37,2025-03-22,2025-03-28,Bangalore,Beauty & Personal Care,Prepaid,1,810.0
902038,56,39,2024-05-01,2024-05-04,Pune,Beauty & Personal Care,Prepaid,1,780.0
902039,480,28,2024-11-21,2024-11-26,Mumbai,Home & Kitchen,COD,1,3170.0
902040,505,40,2024-05-11,2024-05-17,Mumbai,Beauty & Personal Care,COD,1,540.0
902041,389,40,2024-06-02,2024-06-07,Bangalore,Beauty & Personal Care,COD,1,540.0
902042,490,15,2024-12-22,2024-12-24,Delhi NCR,Footwear,COD,2,7480.0
902043,373,47,2024-05-03,2024-05-07,Mumbai,Accessories,Prepaid,1,890.0
902044,147,36,2024-12-16,2024-12-19,Mumbai,Beauty & Personal Care,COD,2,2260.0
902045,135,45,2024-12-01,2024-12-07,Hyderabad,Accessories,Prepaid,1,1290.0
902046,539,27,2024-04-28,2024-05-01,Mumbai,Home & Kitchen,Prepaid,2,2160.0
902047,443,24,2024-09-06,2024-09-10,Hyderabad,Electronics,COD,1,11450.0
902048,55,23,2024-06-25,2024-06-27,Delhi NCR,Electronics,Prepaid,1,12780.0
902049,407,38,2024-11-12,2024-11-14,Mumbai,Beauty & Personal Care,COD,1,510.0
902050,432,4,2025-03-04,2025-03-07,Hyderabad,Fashion & Apparel,COD,1,970.0
902051,103,10,2025-01-06,2025-01-11,Bangalore,Footwear,COD,1,3700.0
902052,591,48,2024-06-29,2024-07-01,Hyderabad,Accessories,COD,2,3120.0
902053,568,35,2024-06-28,2024-06-30,Kochi,Beauty & Personal Care,Prepaid,1,590.0
902054,517,27,2024-11-17,2024-11-19,Chennai,Home & Kitchen,COD,2,2160.0
902055,390,21,2024-08-18,2024-08-22,Mumbai,Electronics,Prepaid,1,9950.0
902056,252,20,2024-12-07,2024-12-12,Kochi,Electronics,COD,1,12810.0
902057,531,13,2024-12-12,2024-12-17,Kochi,Footwear,Prepaid,1,3000.0
902058,541,37,2024-08-07,2024-08-13,Bangalore,Beauty & Personal Care,Prepaid,1,810.0
902059,268,22,2024-09-15,2024-09-18,Delhi NCR,Electronics,Prepaid,1,13330.0
902060,67,2,2025-01-23,2025-01-29,Pune,Fashion & Apparel,COD,1,1190.0
902061,135,32,2024-08-28,2024-08-30,Hyderabad,Home & Kitchen,Prepaid,1,1990.0
902062,84,27,2024-06-22,2024-06-28,Kochi,Home & Kitchen,Prepaid,1,1080.0
902063,536,12,2025-01-30,2025-02-01,Chennai,Footwear,Prepaid,1,2600.0
902064,581,44,2024-12-07,2024-12-13,Bangalore,Accessories,Prepaid,1,1130.0
902065,240,41,2024-10-17,2024-10-23,Chennai,Accessories,COD,1,1390.0
902066,519,38,2024-09-20,2024-09-22,Delhi NCR,Beauty & Personal Care,COD,1,510.0
902067,345,23,2024-05-03,2024-05-09,Bangalore,Electronics,Prepaid,1,12780.0
902068,262,17,2024-07-04,2024-07-08,Hyderabad,Electronics,Prepaid,2,27580.0
902069,13,43,2025-02-18,2025-02-21,Kochi,Accessories,Prepaid,2,1820.0
902070,151,27,2024-06-19,2024-06-22,Pune,Home & Kitchen,Prepaid,1,1080.0
902071,475,26,2024-10-30,2024-11-05,Bangalore,Home & Kitchen,COD,2,4500.0
902072,206,47,2025-03-10,2025-03-13,Chennai,Accessories,COD,1,890.0
902073,541,35,2024-08-16,2024-08-22,Bangalore,Beauty & Personal Care,Prepaid,1,590.0
902074,509,18,2024-04-12,2024-04-16,Mumbai,Electronics,Prepaid,2,26280.0
902075,328,3,2025-01-04,2025-01-08,Delhi NCR,Fashion & Apparel,COD,1,1770.0
902076,33,1,2024-07-05,2024-07-10,Bangalore,Fashion & Apparel,COD,2,2220.0
902077,591,33,2025-02-18,2025-02-20,Hyderabad,Beauty & Personal Care,Prepaid,1,740.0
902078,133,41,2024-09-13,2024-09-18,Kochi,Accessories,COD,2,2780.0
902079,437,28,2024-11-14,2024-11-17,Bangalore,Home & Kitchen,COD,1,3170.0
902080,78,23,2024-05-13,2024-05-16,Chennai,Electronics,COD,1,12780.0
902081,438,15,2024-12-06,2024-12-10,Hyderabad,Footwear,Prepaid,1,3740.0
902082,107,11,2025-01-27,2025-01-30,Chennai,Footwear,Prepaid,2,5120.0
902083,505,26,2024-06-10,2024-06-13,Mumbai,Home & Kitchen,Prepaid,1,2250.0
902084,156,14,2024-10-09,2024-10-11,Bangalore,Footwear,Prepaid,1,2370.0
902085,154,30,2024-10-04,2024-10-08,Chennai,Home & Kitchen,COD,1,2550.0
902086,172,29,2024-04-11,2024-04-17,Mumbai,Home & Kitchen,Prepaid,1,2450.0
902087,216,31,2024-05-07,2024-05-13,Delhi NCR,Home & Kitchen,COD,1,1740.0
902088,220,26,2024-08-24,2024-08-27,Chennai,Home & Kitchen,Prepaid,1,2250.0
902089,122,30,2025-02-03,2025-02-05,Mumbai,Home & Kitchen,COD,1,2550.0
902090,62,2,2024-10-29,2024-11-03,Pune,Fashion & Apparel,Prepaid,1,1190.0
902091,46,9,2024-09-10,2024-09-15,Bangalore,Footwear,Prepaid,2,6740.0
902092,511,30,2025-03-18,2025-03-20,Bangalore,Home & Kitchen,Prepaid,1,2550.0
902093,183,48,2025-02-27,2025-03-05,Hyderabad,Accessories,Prepaid,2,3120.0
902094,70,36,2024-09-13,2024-09-18,Pune,Beauty & Personal Care,Prepaid,1,1130.0
902095,287,17,2024-05-17,2024-05-23,Pune,Electronics,Prepaid,1,13790.0
902096,153,4,2024-12-08,2024-12-10,Bangalore,Fashion & Apparel,COD,1,970.0
902097,70,46,2024-12-13,2024-12-17,Pune,Accessories,COD,2,2640.0
902098,99,41,2024-12-14,2024-12-18,Delhi NCR,Accessories,Prepaid,1,1390.0
902099,279,43,2025-01-09,2025-01-12,Delhi NCR,Accessories,COD,2,1820.0
902100,423,33,2024-05-11,2024-05-16,Bangalore,Beauty & Personal Care,COD,1,740.0
902101,344,34,2024-08-22,2024-08-24,Mumbai,Beauty & Personal Care,COD,2,820.0
902102,63,45,2024-09-22,2024-09-27,Mumbai,Accessories,COD,1,1290.0
902103,574,36,2025-01-07,2025-01-11,Mumbai,Beauty & Personal Care,Prepaid,1,1130.0
902104,291,4,2025-01-26,2025-01-29,Hyderabad,Fashion & Apparel,COD,1,970.0
902105,538,14,2024-11-23,2024-11-25,Bangalore,Footwear,Prepaid,3,7110.0
902106,536,19,2024-10-09,2024-10-14,Chennai,Electronics,Prepaid,2,21600.0
902107,455,23,2024-12-15,2024-12-17,Mumbai,Electronics,Prepaid,1,12780.0
902108,600,34,2024-07-09,2024-07-13,Mumbai,Beauty & Personal Care,Prepaid,2,820.0
902109,380,36,2024-06-14,2024-06-20,Chennai,Beauty & Personal Care,COD,1,1130.0
902110,7,38,2025-01-09,2025-01-14,Mumbai,Beauty & Personal Care,COD,1,510.0
902111,353,22,2025-01-24,2025-01-28,Bangalore,Electronics,COD,1,13330.0
902112,56,34,2025-02-01,2025-02-03,Pune,Beauty & Personal Care,Prepaid,1,410.0
902113,153,37,2024-09-01,2024-09-06,Bangalore,Beauty & Personal Care,Prepaid,1,810.0
902114,207,48,2024-11-01,2024-11-03,Kochi,Accessories,Prepaid,1,1560.0
902115,451,36,2024-06-01,2024-06-06,Bangalore,Beauty & Personal Care,Prepaid,1,1130.0
902116,377,2,2024-09-30,2024-10-04,Delhi NCR,Fashion & Apparel,Prepaid,1,1190.0
902117,196,26,2024-07-29,2024-07-31,Mumbai,Home & Kitchen,COD,1,2250.0
902118,237,34,2024-12-27,2024-12-30,Hyderabad,Beauty & Personal Care,COD,2,820.0
902119,319,31,2024-09-08,2024-09-10,Chennai,Home & Kitchen,COD,1,1740.0
902120,170,23,2024-12-02,2024-12-06,Bangalore,Electronics,Prepaid,1,12780.0
902121,282,32,2024-10-14,2024-10-17,Hyderabad,Home & Kitchen,COD,1,1990.0
902122,68,31,2024-12-17,2024-12-19,Bangalore,Home & Kitchen,COD,1,1740.0
902123,243,24,2024-06-06,2024-06-10,Chennai,Electronics,Prepaid,1,11450.0
902124,150,16,2024-06-17,2024-06-19,Kochi,Footwear,Prepaid,1,3900.0
902125,173,13,2024-10-13,2024-10-16,Mumbai,Footwear,Prepaid,2,6000.0
902126,291,38,2024-12-18,2024-12-24,Hyderabad,Beauty & Personal Care,Prepaid,1,510.0
902127,112,27,2025-03-29,2025-04-01,Kochi,Home & Kitchen,Prepaid,2,2160.0
902128,431,30,2024-05-30,2024-06-05,Pune,Home & Kitchen,Prepaid,1,2550.0
902129,227,38,2025-02-07,2025-02-10,Bangalore,Beauty & Personal Care,Prepaid,1,510.0
902130,111,37,2024-07-15,2024-07-19,Bangalore,Beauty & Personal Care,COD,1,810.0
902131,524,3,2024-07-02,2024-07-06,Pune,Fashion & Apparel,COD,2,3540.0
902132,391,25,2024-12-24,2024-12-26,Pune,Home & Kitchen,COD,1,3150.0
902133,561,3,2025-02-10,2025-02-14,Pune,Fashion & Apparel,Prepaid,1,1770.0
902134,489,1,2024-12-05,2024-12-09,Delhi NCR,Fashion & Apparel,COD,1,1110.0
902135,36,35,2024-10-18,2024-10-21,Pune,Beauty & Personal Care,COD,1,590.0
902136,113,9,2024-06-03,2024-06-06,Kochi,Footwear,Prepaid,1,3370.0
902137,57,12,2024-10-10,2024-10-12,Delhi NCR,Footwear,Prepaid,1,2600.0
902138,87,36,2024-08-17,2024-08-20,Pune,Beauty & Personal Care,Prepaid,1,1130.0
902139,587,19,2024-12-27,2024-12-30,Hyderabad,Electronics,COD,1,10800.0
902140,212,48,2024-08-13,2024-08-19,Bangalore,Accessories,Prepaid,1,1560.0
902141,216,43,2024-08-01,2024-08-05,Delhi NCR,Accessories,Prepaid,1,910.0
902142,181,15,2024-08-02,2024-08-05,Kochi,Footwear,COD,2,7480.0
902143,489,46,2024-06-25,2024-06-28,Delhi NCR,Accessories,Prepaid,2,2640.0
902144,472,28,2024-08-05,2024-08-07,Bangalore,Home & Kitchen,Prepaid,2,6340.0
902145,45,35,2024-08-02,2024-08-06,Hyderabad,Beauty & Personal Care,Prepaid,2,1180.0
902146,99,9,2025-03-28,2025-03-30,Delhi NCR,Footwear,COD,1,3370.0
902147,339,19,2025-01-13,2025-01-16,Delhi NCR,Electronics,COD,2,21600.0
902148,504,37,2025-03-03,2025-03-06,Pune,Beauty & Personal Care,COD,1,810.0
902149,524,29,2024-07-02,2024-07-05,Pune,Home & Kitchen,Prepaid,1,2450.0
902150,192,25,2024-05-24,2024-05-28,Bangalore,Home & Kitchen,Prepaid,1,3150.0
902151,427,22,2024-06-25,2024-06-30,Bangalore,Electronics,COD,1,13330.0
902152,151,8,2024-05-08,2024-05-10,Pune,Fashion & Apparel,Prepaid,1,1870.0
902153,126,15,2024-04-20,2024-04-25,Mumbai,Footwear,Prepaid,1,3740.0
902154,401,36,2024-05-31,2024-06-04,Kochi,Beauty & Personal Care,COD,1,1130.0
902155,197,38,2025-02-06,2025-02-11,Hyderabad,Beauty & Personal Care,Prepaid,1,510.0
902156,225,5,2024-08-14,2024-08-17,Bangalore,Fashion & Apparel,Prepaid,2,3920.0
902157,489,21,2024-06-23,2024-06-25,Delhi NCR,Electronics,COD,1,9950.0
902158,346,27,2024-04-20,2024-04-26,Bangalore,Home & Kitchen,COD,1,1080.0
902159,334,16,2025-02-22,2025-02-26,Kochi,Footwear,Prepaid,1,3900.0
902160,103,43,2024-10-20,2024-10-23,Bangalore,Accessories,Prepaid,2,1820.0
902161,381,16,2024-07-07,2024-07-09,Mumbai,Footwear,COD,2,7800.0
902162,396,2,2024-12-19,2024-12-21,Delhi NCR,Fashion & Apparel,COD,1,1190.0
902163,383,47,2024-07-28,2024-07-30,Mumbai,Accessories,Prepaid,1,890.0
902164,465,46,2024-11-30,2024-12-03,Bangalore,Accessories,COD,1,1320.0
902165,244,22,2024-12-18,2024-12-21,Mumbai,Electronics,Prepaid,1,13330.0
902166,305,38,2024-11-15,2024-11-19,Bangalore,Beauty & Personal Care,COD,1,510.0
902167,438,3,2024-11-10,2024-11-13,Hyderabad,Fashion & Apparel,Prepaid,1,1770.0
902168,395,4,2024-09-16,2024-09-20,Delhi NCR,Fashion & Apparel,COD,1,970.0
902169,480,13,2024-09-09,2024-09-11,Mumbai,Footwear,Prepaid,1,3000.0
902170,9,7,2024-05-04,2024-05-09,Bangalore,Fashion & Apparel,Prepaid,1,2150.0
902171,78,38,2024-07-24,2024-07-29,Chennai,Beauty & Personal Care,COD,2,1020.0
902172,396,31,2024-05-04,2024-05-10,Delhi NCR,Home & Kitchen,Prepaid,1,1740.0
902173,436,39,2024-11-28,2024-12-02,Mumbai,Beauty & Personal Care,COD,1,780.0
902174,290,47,2024-10-15,2024-10-18,Delhi NCR,Accessories,Prepaid,1,890.0
902175,240,20,2024-09-29,2024-10-04,Chennai,Electronics,COD,1,12810.0
902176,314,32,2024-07-18,2024-07-22,Kochi,Home & Kitchen,COD,1,1990.0
902177,291,38,2024-06-17,2024-06-22,Hyderabad,Beauty & Personal Care,COD,1,510.0
902178,234,28,2024-09-01,2024-09-07,Bangalore,Home & Kitchen,Prepaid,1,3170.0
902179,72,35,2024-05-15,2024-05-20,Mumbai,Beauty & Personal Care,Prepaid,1,590.0
902180,516,10,2024-12-22,2024-12-27,Mumbai,Footwear,COD,2,7400.0
902181,5,45,2024-11-12,2024-11-14,Mumbai,Accessories,COD,2,2580.0
902182,33,42,2024-04-01,2024-04-06,Bangalore,Accessories,Prepaid,1,810.0
902183,59,11,2024-12-17,2024-12-23,Delhi NCR,Footwear,Prepaid,1,2560.0
902184,595,43,2024-05-08,2024-05-14,Delhi NCR,Accessories,COD,1,910.0
902185,559,4,2024-12-18,2024-12-24,Kochi,Fashion & Apparel,COD,2,1940.0
902186,410,31,2024-07-23,2024-07-28,Bangalore,Home & Kitchen,COD,1,1740.0
902187,65,21,2024-05-04,2024-05-08,Pune,Electronics,COD,1,9950.0
902188,384,4,2024-08-09,2024-08-11,Chennai,Fashion & Apparel,COD,1,970.0
902189,369,9,2025-02-03,2025-02-06,Delhi NCR,Footwear,Prepaid,1,3370.0
902190,591,13,2024-08-11,2024-08-17,Hyderabad,Footwear,Prepaid,1,3000.0
902191,244,33,2024-06-21,2024-06-24,Mumbai,Beauty & Personal Care,Prepaid,1,740.0
902192,16,6,2024-06-10,2024-06-13,Delhi NCR,Fashion & Apparel,Prepaid,2,3020.0
902193,163,32,2024-07-02,2024-07-08,Mumbai,Home & Kitchen,Prepaid,1,1990.0
902194,593,14,2024-05-08,2024-05-10,Pune,Footwear,Prepaid,1,2370.0
902195,432,43,2025-01-08,2025-01-12,Hyderabad,Accessories,COD,1,910.0
902196,191,16,2025-03-05,2025-03-09,Pune,Footwear,Prepaid,1,3900.0
902197,81,28,2024-04-08,2024-04-10,Chennai,Home & Kitchen,Prepaid,1,3170.0
902198,425,24,2025-01-07,2025-01-10,Hyderabad,Electronics,Prepaid,2,22900.0
902199,52,1,2024-08-13,2024-08-18,Kochi,Fashion & Apparel,COD,2,2220.0
902200,101,28,2024-05-03,2024-05-06,Bangalore,Home & Kitchen,COD,1,3170.0
902201,260,42,2024-07-28,2024-07-30,Pune,Accessories,COD,1,810.0
902202,531,36,2024-07-31,2024-08-04,Kochi,Beauty & Personal Care,Prepaid,1,1130.0
902203,530,27,2024-12-12,2024-12-17,Delhi NCR,Home & Kitchen,COD,2,2160.0
902204,419,13,2024-11-24,2024-11-27,Delhi NCR,Footwear,COD,1,3000.0
902205,435,22,2024-05-29,2024-05-31,Bangalore,Electronics,COD,1,13330.0
902206,166,33,2025-02-03,2025-02-05,Bangalore,Beauty & Personal Care,Prepaid,1,740.0
902207,394,6,2024-06-12,2024-06-15,Delhi NCR,Fashion & Apparel,COD,2,3020.0
902208,300,10,2024-11-27,2024-11-30,Mumbai,Footwear,COD,1,3700.0
902209,421,46,2025-03-09,2025-03-15,Mumbai,Accessories,Prepaid,1,1320.0
902210,229,47,2024-09-02,2024-09-04,Hyderabad,Accessories,Prepaid,1,890.0
902211,494,8,2025-03-15,2025-03-21,Bangalore,Fashion & Apparel,Prepaid,1,1870.0
902212,63,22,2024-08-31,2024-09-02,Mumbai,Electronics,Prepaid,1,13330.0
902213,479,44,2024-12-31,2025-01-04,Chennai,Accessories,COD,1,1130.0
902214,39,26,2024-12-05,2024-12-11,Pune,Home & Kitchen,Prepaid,1,2250.0
902215,585,24,2024-09-21,2024-09-25,Bangalore,Electronics,Prepaid,1,11450.0
902216,564,10,2024-08-10,2024-08-15,Mumbai,Footwear,Prepaid,1,3700.0
902217,354,8,2024-11-17,2024-11-19,Chennai,Fashion & Apparel,Prepaid,2,3740.0
902218,346,44,2025-02-21,2025-02-27,Bangalore,Accessories,COD,1,1130.0
902219,242,43,2024-12-28,2025-01-01,Kochi,Accessories,Prepaid,1,910.0
902220,499,13,2025-02-06,2025-02-12,Mumbai,Footwear,COD,1,3000.0
902221,109,23,2024-10-26,2024-10-29,Mumbai,Electronics,Prepaid,1,12780.0
902222,359,35,2024-10-31,2024-11-04,Pune,Beauty & Personal Care,COD,1,590.0
902223,278,42,2024-12-22,2024-12-26,Mumbai,Accessories,COD,1,810.0
902224,19,14,2024-12-24,2024-12-30,Kochi,Footwear,Prepaid,1,2370.0
902225,45,47,2025-02-24,2025-02-27,Hyderabad,Accessories,Prepaid,1,890.0
902226,490,46,2024-12-28,2025-01-01,Delhi NCR,Accessories,COD,2,2640.0
902227,230,34,2024-08-05,2024-08-08,Bangalore,Beauty & Personal Care,COD,1,410.0
902228,432,21,2024-12-17,2024-12-23,Hyderabad,Electronics,COD,1,9950.0
902229,12,30,2024-05-17,2024-05-20,Pune,Home & Kitchen,COD,2,5100.0
902230,83,32,2024-11-29,2024-12-04,Delhi NCR,Home & Kitchen,Prepaid,1,1990.0
902231,425,19,2025-02-16,2025-02-18,Hyderabad,Electronics,COD,1,10800.0
902232,229,34,2024-07-13,2024-07-17,Hyderabad,Beauty & Personal Care,COD,2,820.0
902233,566,14,2025-02-12,2025-02-18,Pune,Footwear,Prepaid,1,2370.0
902234,252,12,2024-06-15,2024-06-18,Kochi,Footwear,COD,1,2600.0
902235,91,3,2024-06-22,2024-06-26,Bangalore,Fashion & Apparel,COD,1,1770.0
902236,291,17,2025-01-02,2025-01-06,Hyderabad,Electronics,COD,2,27580.0
902237,189,30,2024-04-01,2024-04-07,Bangalore,Home & Kitchen,Prepaid,1,2550.0
902238,363,9,2024-10-22,2024-10-26,Hyderabad,Footwear,Prepaid,1,3370.0
902239,273,41,2024-05-07,2024-05-11,Hyderabad,Accessories,COD,1,1390.0
902240,105,33,2024-11-20,2024-11-23,Mumbai,Beauty & Personal Care,Prepaid,1,740.0
902241,6,11,2024-12-22,2024-12-25,Kochi,Footwear,COD,1,2560.0
902242,30,18,2024-11-08,2024-11-14,Pune,Electronics,COD,2,26280.0
902243,174,21,2025-01-13,2025-01-19,Bangalore,Electronics,Prepaid,1,9950.0
902244,192,46,2024-07-15,2024-07-17,Bangalore,Accessories,Prepaid,2,2640.0
902245,111,2,2024-05-22,2024-05-28,Bangalore,Fashion & Apparel,Prepaid,1,1190.0
902246,240,34,2025-03-20,2025-03-23,Chennai,Beauty & Personal Care,COD,1,410.0
902247,426,28,2025-02-16,2025-02-21,Bangalore,Home & Kitchen,Prepaid,1,3170.0
902248,213,15,2024-04-12,2024-04-15,Bangalore,Footwear,Prepaid,1,3740.0
902249,587,9,2024-07-12,2024-07-18,Hyderabad,Footwear,COD,1,3370.0
902250,47,30,2025-03-25,2025-03-29,Kochi,Home & Kitchen,Prepaid,2,5100.0
902251,217,15,2025-01-03,2025-01-09,Mumbai,Footwear,Prepaid,1,3740.0
902252,587,35,2024-06-23,2024-06-25,Hyderabad,Beauty & Personal Care,Prepaid,1,590.0
902253,555,47,2024-09-14,2024-09-16,Chennai,Accessories,Prepaid,1,890.0
902254,237,15,2025-02-26,2025-03-02,Hyderabad,Footwear,Prepaid,1,3740.0
902255,426,12,2025-01-25,2025-01-31,Bangalore,Footwear,Prepaid,2,5200.0
902256,584,45,2024-11-09,2024-11-11,Delhi NCR,Accessories,COD,1,1290.0
902257,473,24,2024-11-07,2024-11-11,Chennai,Electronics,Prepaid,2,22900.0
902258,362,10,2024-04-08,2024-04-14,Hyderabad,Footwear,COD,1,3700.0
902259,331,21,2024-08-29,2024-09-03,Bangalore,Electronics,Prepaid,1,9950.0
902260,86,43,2024-08-11,2024-08-15,Mumbai,Accessories,COD,2,1820.0
902261,137,31,2024-04-14,2024-04-20,Chennai,Home & Kitchen,Prepaid,1,1740.0
902262,54,14,2025-02-02,2025-02-08,Chennai,Footwear,Prepaid,2,4740.0
902263,444,26,2024-11-18,2024-11-20,Mumbai,Home & Kitchen,Prepaid,1,2250.0
902264,70,34,2024-12-17,2024-12-21,Pune,Beauty & Personal Care,COD,1,410.0
902265,9,37,2024-04-26,2024-05-02,Bangalore,Beauty & Personal Care,COD,1,810.0
902266,587,6,2024-07-06,2024-07-12,Hyderabad,Fashion & Apparel,COD,1,1510.0
902267,571,10,2024-04-25,2024-04-27,Delhi NCR,Footwear,Prepaid,2,7400.0
902268,100,42,2025-01-01,2025-01-07,Delhi NCR,Accessories,COD,2,1620.0
902269,484,28,2024-12-09,2024-12-11,Mumbai,Home & Kitchen,Prepaid,1,3170.0
902270,427,40,2025-02-27,2025-03-04,Bangalore,Beauty & Personal Care,COD,1,540.0
902271,374,33,2024-12-26,2024-12-30,Chennai,Beauty & Personal Care,Prepaid,1,740.0
902272,307,34,2024-05-21,2024-05-27,Hyderabad,Beauty & Personal Care,COD,2,820.0
902273,475,38,2025-01-07,2025-01-11,Bangalore,Beauty & Personal Care,COD,1,510.0
902274,296,24,2024-09-26,2024-10-01,Bangalore,Electronics,COD,1,11450.0
902275,103,30,2024-12-28,2025-01-02,Bangalore,Home & Kitchen,Prepaid,1,2550.0
902276,460,45,2024-12-12,2024-12-17,Delhi NCR,Accessories,COD,1,1290.0
902277,252,44,2024-09-16,2024-09-20,Kochi,Accessories,COD,1,1130.0
902278,34,48,2024-04-10,2024-04-13,Bangalore,Accessories,Prepaid,2,3120.0
902279,261,41,2024-12-02,2024-12-06,Bangalore,Accessories,Prepaid,1,1390.0
902280,412,15,2024-05-14,2024-05-17,Bangalore,Footwear,COD,1,3740.0
902281,463,35,2025-02-01,2025-02-05,Kochi,Beauty & Personal Care,COD,1,590.0
902282,20,19,2025-03-29,2025-04-02,Pune,Electronics,COD,1,10800.0
902283,216,45,2024-05-28,2024-06-03,Delhi NCR,Accessories,Prepaid,1,1290.0
902284,135,36,2025-02-14,2025-02-16,Hyderabad,Beauty & Personal Care,COD,1,1130.0
902285,426,17,2025-01-19,2025-01-25,Bangalore,Electronics,Prepaid,1,13790.0
902286,155,46,2024-06-29,2024-07-04,Chennai,Accessories,COD,1,1320.0
902287,422,8,2024-08-01,2024-08-03,Bangalore,Fashion & Apparel,Prepaid,1,1870.0
902288,255,41,2025-01-13,2025-01-18,Kochi,Accessories,Prepaid,1,1390.0
902289,80,25,2024-06-15,2024-06-17,Mumbai,Home & Kitchen,COD,1,3150.0
902290,176,41,2025-02-28,2025-03-03,Kochi,Accessories,COD,1,1390.0
902291,239,21,2025-03-26,2025-04-01,Kochi,Electronics,COD,3,29850.0
902292,479,35,2024-10-23,2024-10-25,Chennai,Beauty & Personal Care,Prepaid,1,590.0
902293,397,22,2024-06-14,2024-06-20,Bangalore,Electronics,Prepaid,1,13330.0
902294,53,29,2025-03-11,2025-03-13,Kochi,Home & Kitchen,COD,2,4900.0
902295,403,9,2024-06-25,2024-07-01,Mumbai,Footwear,Prepaid,1,3370.0
902296,221,25,2024-12-11,2024-12-17,Hyderabad,Home & Kitchen,COD,1,3150.0
902297,425,39,2024-12-04,2024-12-09,Hyderabad,Beauty & Personal Care,Prepaid,1,780.0
902298,116,46,2024-06-03,2024-06-09,Mumbai,Accessories,Prepaid,1,1320.0
902299,594,21,2025-01-28,2025-02-02,Hyderabad,Electronics,Prepaid,2,19900.0
902300,419,42,2024-08-25,2024-08-28,Delhi NCR,Accessories,Prepaid,1,810.0
902301,415,20,2024-04-25,2024-05-01,Mumbai,Electronics,Prepaid,1,12810.0
902302,187,1,2024-07-19,2024-07-23,Chennai,Fashion & Apparel,Prepaid,2,2220.0
902303,11,27,2024-04-08,2024-04-14,Hyderabad,Home & Kitchen,Prepaid,1,1080.0
902304,48,29,2024-12-23,2024-12-28,Delhi NCR,Home & Kitchen,Prepaid,3,7350.0
902305,516,15,2024-08-17,2024-08-19,Mumbai,Footwear,Prepaid,1,3740.0
902306,485,48,2024-10-26,2024-10-30,Hyderabad,Accessories,Prepaid,1,1560.0
902307,35,39,2024-05-20,2024-05-26,Delhi NCR,Beauty & Personal Care,Prepaid,1,780.0
902308,410,26,2024-05-29,2024-06-04,Bangalore,Home & Kitchen,Prepaid,1,2250.0
902309,86,6,2024-10-11,2024-10-13,Mumbai,Fashion & Apparel,Prepaid,1,1510.0
902310,275,14,2024-08-11,2024-08-15,Pune,Footwear,COD,1,2370.0
902311,386,41,2024-11-21,2024-11-24,Kochi,Accessories,Prepaid,1,1390.0
902312,369,27,2024-12-23,2024-12-29,Delhi NCR,Home & Kitchen,Prepaid,2,2160.0
902313,597,32,2024-11-14,2024-11-18,Mumbai,Home & Kitchen,Prepaid,1,1990.0
902314,84,27,2024-07-17,2024-07-23,Kochi,Home & Kitchen,COD,2,2160.0
902315,229,9,2024-05-31,2024-06-04,Hyderabad,Footwear,Prepaid,1,3370.0
902316,542,15,2024-07-24,2024-07-26,Delhi NCR,Footwear,Prepaid,2,7480.0
902317,544,20,2025-02-02,2025-02-04,Bangalore,Electronics,COD,1,12810.0
902318,533,12,2024-10-01,2024-10-06,Delhi NCR,Footwear,Prepaid,1,2600.0
902319,374,5,2025-01-04,2025-01-10,Chennai,Fashion & Apparel,COD,2,3920.0
902320,48,22,2025-03-17,2025-03-23,Delhi NCR,Electronics,Prepaid,1,13330.0
902321,92,34,2024-07-12,2024-07-17,Hyderabad,Beauty & Personal Care,Prepaid,1,410.0
902322,31,9,2024-10-10,2024-10-14,Mumbai,Footwear,Prepaid,1,3370.0
902323,429,48,2024-09-03,2024-09-09,Bangalore,Accessories,Prepaid,1,1560.0
902324,487,47,2024-05-01,2024-05-07,Delhi NCR,Accessories,Prepaid,2,1780.0
902325,183,5,2024-07-27,2024-08-02,Hyderabad,Fashion & Apparel,COD,1,1960.0
902326,150,6,2025-02-05,2025-02-11,Kochi,Fashion & Apparel,Prepaid,1,1510.0
902327,525,27,2024-11-25,2024-11-30,Pune,Home & Kitchen,Prepaid,1,1080.0
902328,258,26,2024-12-18,2024-12-22,Delhi NCR,Home & Kitchen,Prepaid,1,2250.0
902329,264,39,2024-09-28,2024-09-30,Mumbai,Beauty & Personal Care,Prepaid,1,780.0
902330,376,19,2025-03-13,2025-03-19,Hyderabad,Electronics,COD,1,10800.0
902331,512,39,2024-07-21,2024-07-23,Kochi,Beauty & Personal Care,Prepaid,2,1560.0
902332,580,24,2024-10-12,2024-10-17,Delhi NCR,Electronics,Prepaid,1,11450.0
902333,90,42,2024-12-13,2024-12-17,Pune,Accessories,COD,1,810.0
902334,444,29,2025-01-17,2025-01-23,Mumbai,Home & Kitchen,COD,1,2450.0
902335,147,40,2024-11-21,2024-11-25,Mumbai,Beauty & Personal Care,Prepaid,1,540.0
902336,287,39,2024-06-18,2024-06-23,Pune,Beauty & Personal Care,COD,1,780.0
902337,115,7,2024-07-17,2024-07-22,Kochi,Fashion & Apparel,Prepaid,3,6450.0
902338,419,32,2025-01-05,2025-01-07,Delhi NCR,Home & Kitchen,Prepaid,1,1990.0
902339,591,47,2024-07-31,2024-08-02,Hyderabad,Accessories,Prepaid,1,890.0
902340,247,1,2024-04-27,2024-04-29,Delhi NCR,Fashion & Apparel,COD,1,1110.0
902341,589,9,2025-03-20,2025-03-23,Bangalore,Footwear,Prepaid,1,3370.0
902342,538,3,2024-06-12,2024-06-14,Bangalore,Fashion & Apparel,COD,1,1770.0
902343,246,20,2024-06-26,2024-07-02,Pune,Electronics,Prepaid,1,12810.0
902344,96,4,2024-10-12,2024-10-14,Mumbai,Fashion & Apparel,Prepaid,2,1940.0
902345,577,35,2024-04-27,2024-04-30,Kochi,Beauty & Personal Care,Prepaid,1,590.0
902346,444,29,2024-05-28,2024-06-03,Mumbai,Home & Kitchen,COD,1,2450.0
902347,475,26,2024-07-24,2024-07-30,Bangalore,Home & Kitchen,Prepaid,1,2250.0
902348,116,14,2025-03-16,2025-03-20,Mumbai,Footwear,Prepaid,1,2370.0
902349,434,29,2024-07-08,2024-07-11,Chennai,Home & Kitchen,Prepaid,2,4900.0
902350,555,40,2024-12-12,2024-12-18,Chennai,Beauty & Personal Care,COD,1,540.0
902351,231,22,2024-07-04,2024-07-07,Bangalore,Electronics,COD,1,13330.0
902352,149,32,2024-07-22,2024-07-26,Mumbai,Home & Kitchen,COD,1,1990.0
902353,82,3,2025-01-13,2025-01-17,Hyderabad,Fashion & Apparel,COD,2,3540.0
902354,503,23,2024-05-20,2024-05-22,Chennai,Electronics,Prepaid,1,12780.0
902355,252,16,2024-04-23,2024-04-25,Kochi,Footwear,COD,1,3900.0
902356,36,15,2024-12-06,2024-12-12,Pune,Footwear,Prepaid,2,7480.0
902357,353,1,2024-10-11,2024-10-16,Bangalore,Fashion & Apparel,Prepaid,3,3330.0
902358,176,21,2024-07-27,2024-07-29,Kochi,Electronics,Prepaid,1,9950.0
902359,277,42,2024-06-21,2024-06-26,Bangalore,Accessories,Prepaid,1,810.0
902360,118,43,2025-01-15,2025-01-19,Delhi NCR,Accessories,Prepaid,1,910.0
902361,371,42,2024-07-14,2024-07-18,Bangalore,Accessories,Prepaid,1,810.0
902362,372,45,2024-12-24,2024-12-26,Bangalore,Accessories,COD,1,1290.0
902363,455,5,2024-12-22,2024-12-28,Mumbai,Fashion & Apparel,Prepaid,1,1960.0
902364,65,2,2024-12-31,2025-01-02,Pune,Fashion & Apparel,Prepaid,2,2380.0
902365,223,44,2024-06-04,2024-06-08,Pune,Accessories,COD,1,1130.0
902366,101,18,2025-03-14,2025-03-17,Bangalore,Electronics,COD,1,13140.0
902367,88,35,2024-08-26,2024-08-28,Chennai,Beauty & Personal Care,COD,1,590.0
902368,338,27,2024-07-29,2024-07-31,Bangalore,Home & Kitchen,Prepaid,2,2160.0
902369,357,23,2025-01-07,2025-01-11,Mumbai,Electronics,Prepaid,1,12780.0
902370,72,23,2024-08-23,2024-08-26,Mumbai,Electronics,Prepaid,1,12780.0
902371,133,29,2024-05-04,2024-05-06,Kochi,Home & Kitchen,COD,2,4900.0
902372,473,5,2025-02-22,2025-02-24,Chennai,Fashion & Apparel,COD,1,1960.0
902373,458,1,2024-12-05,2024-12-10,Bangalore,Fashion & Apparel,COD,1,1110.0
902374,317,21,2024-07-14,2024-07-19,Mumbai,Electronics,Prepaid,2,19900.0
902375,483,38,2024-10-21,2024-10-23,Bangalore,Beauty & Personal Care,COD,1,510.0
902376,423,9,2024-08-26,2024-09-01,Bangalore,Footwear,Prepaid,1,3370.0
902377,103,35,2025-01-03,2025-01-06,Bangalore,Beauty & Personal Care,COD,1,590.0
902378,261,29,2024-06-04,2024-06-08,Bangalore,Home & Kitchen,COD,1,2450.0
902379,578,35,2024-06-25,2024-06-29,Delhi NCR,Beauty & Personal Care,Prepaid,1,590.0
902380,400,11,2025-02-03,2025-02-09,Chennai,Footwear,Prepaid,1,2560.0
902381,130,19,2024-09-04,2024-09-08,Hyderabad,Electronics,Prepaid,2,21600.0
902382,211,15,2024-08-01,2024-08-03,Bangalore,Footwear,Prepaid,1,3740.0
902383,113,22,2025-01-27,2025-01-29,Kochi,Electronics,Prepaid,1,13330.0
902384,42,12,2024-05-31,2024-06-03,Pune,Footwear,Prepaid,1,2600.0
902385,61,20,2024-11-19,2024-11-22,Mumbai,Electronics,COD,2,25620.0
902386,183,21,2024-04-19,2024-04-25,Hyderabad,Electronics,Prepaid,1,9950.0
902387,51,23,2025-01-30,2025-02-01,Kochi,Electronics,Prepaid,1,12780.0
902388,486,47,2024-07-29,2024-07-31,Pune,Accessories,COD,1,890.0
902389,218,10,2024-09-02,2024-09-04,Bangalore,Footwear,COD,1,3700.0
902390,91,31,2024-05-02,2024-05-06,Bangalore,Home & Kitchen,Prepaid,1,1740.0
902391,203,28,2025-01-14,2025-01-17,Hyderabad,Home & Kitchen,Prepaid,1,3170.0
902392,153,11,2025-03-12,2025-03-14,Bangalore,Footwear,Prepaid,2,5120.0
902393,600,4,2024-05-04,2024-05-10,Mumbai,Fashion & Apparel,COD,1,970.0
902394,521,25,2024-08-06,2024-08-10,Chennai,Home & Kitchen,COD,3,9450.0
902395,518,48,2024-10-07,2024-10-10,Bangalore,Accessories,Prepaid,1,1560.0
902396,71,10,2024-10-31,2024-11-06,Chennai,Footwear,COD,1,3700.0
902397,30,2,2024-06-22,2024-06-24,Pune,Fashion & Apparel,Prepaid,2,2380.0
902398,159,5,2024-08-17,2024-08-23,Bangalore,Fashion & Apparel,Prepaid,1,1960.0
902399,124,42,2025-03-06,2025-03-11,Chennai,Accessories,Prepaid,1,810.0
902400,349,17,2024-11-10,2024-11-13,Hyderabad,Electronics,Prepaid,1,13790.0
902401,188,34,2025-03-06,2025-03-11,Delhi NCR,Beauty & Personal Care,Prepaid,1,410.0
902402,254,46,2024-06-06,2024-06-12,Bangalore,Accessories,Prepaid,1,1320.0
902403,144,23,2024-10-18,2024-10-21,Kochi,Electronics,COD,2,25560.0
902404,457,15,2025-01-04,2025-01-08,Pune,Footwear,Prepaid,1,3740.0
902405,137,5,2025-01-20,2025-01-22,Chennai,Fashion & Apparel,COD,1,1960.0
902406,174,7,2024-07-08,2024-07-14,Bangalore,Fashion & Apparel,COD,1,2150.0
902407,600,38,2025-02-05,2025-02-09,Mumbai,Beauty & Personal Care,COD,1,510.0
902408,397,9,2025-02-22,2025-02-25,Bangalore,Footwear,COD,2,6740.0
902409,391,39,2025-02-18,2025-02-24,Pune,Beauty & Personal Care,Prepaid,2,1560.0
902410,388,45,2024-05-14,2024-05-18,Mumbai,Accessories,Prepaid,1,1290.0
902411,545,32,2024-04-11,2024-04-14,Mumbai,Home & Kitchen,Prepaid,1,1990.0
902412,68,42,2024-04-26,2024-05-01,Bangalore,Accessories,Prepaid,1,810.0
902413,50,46,2024-04-10,2024-04-14,Kochi,Accessories,COD,1,1320.0
902414,269,40,2025-01-14,2025-01-16,Pune,Beauty & Personal Care,COD,1,540.0
902415,426,24,2024-10-30,2024-11-04,Bangalore,Electronics,Prepaid,1,11450.0
902416,226,25,2024-05-19,2024-05-21,Bangalore,Home & Kitchen,COD,1,3150.0
902417,415,38,2024-07-17,2024-07-23,Mumbai,Beauty & Personal Care,Prepaid,1,510.0
902418,460,17,2024-12-02,2024-12-06,Delhi NCR,Electronics,COD,1,13790.0
902419,193,39,2024-05-17,2024-05-20,Bangalore,Beauty & Personal Care,COD,1,780.0
902420,173,44,2024-06-11,2024-06-14,Mumbai,Accessories,COD,1,1130.0
902421,36,43,2024-07-17,2024-07-22,Pune,Accessories,Prepaid,1,910.0
902422,506,36,2024-06-24,2024-06-30,Pune,Beauty & Personal Care,COD,1,1130.0
902423,392,5,2025-02-06,2025-02-10,Bangalore,Fashion & Apparel,Prepaid,1,1960.0
902424,550,48,2024-11-01,2024-11-05,Mumbai,Accessories,COD,1,1560.0
902425,535,9,2024-06-17,2024-06-19,Bangalore,Footwear,COD,1,3370.0
902426,453,24,2024-10-17,2024-10-20,Mumbai,Electronics,Prepaid,3,34350.0
902427,570,8,2024-06-28,2024-07-01,Hyderabad,Fashion & Apparel,COD,1,1870.0
902428,242,13,2024-12-14,2024-12-19,Kochi,Footwear,COD,1,3000.0
902429,99,47,2024-09-08,2024-09-14,Delhi NCR,Accessories,Prepaid,1,890.0
902430,70,2,2024-07-12,2024-07-18,Pune,Fashion & Apparel,Prepaid,1,1190.0
902431,153,25,2024-05-30,2024-06-04,Bangalore,Home & Kitchen,Prepaid,1,3150.0
902432,292,32,2024-10-15,2024-10-18,Mumbai,Home & Kitchen,COD,1,1990.0
902433,37,42,2024-04-18,2024-04-22,Kochi,Accessories,COD,3,2430.0
902434,523,37,2025-01-08,2025-01-11,Bangalore,Beauty & Personal Care,COD,1,810.0
902435,263,15,2024-10-26,2024-10-30,Bangalore,Footwear,COD,2,7480.0
902436,474,3,2024-07-29,2024-07-31,Hyderabad,Fashion & Apparel,COD,1,1770.0
902437,16,40,2024-04-21,2024-04-27,Delhi NCR,Beauty & Personal Care,Prepaid,1,540.0
902438,68,25,2024-06-04,2024-06-09,Bangalore,Home & Kitchen,Prepaid,1,3150.0
902439,22,19,2024-12-24,2024-12-28,Chennai,Electronics,Prepaid,2,21600.0
902440,312,41,2024-04-26,2024-05-02,Chennai,Accessories,Prepaid,1,1390.0
902441,218,19,2024-06-17,2024-06-20,Bangalore,Electronics,Prepaid,1,10800.0
902442,372,17,2025-02-11,2025-02-17,Bangalore,Electronics,Prepaid,1,13790.0
902443,264,26,2024-11-24,2024-11-28,Mumbai,Home & Kitchen,Prepaid,2,4500.0
902444,157,45,2024-08-28,2024-09-03,Pune,Accessories,Prepaid,2,2580.0
902445,134,47,2025-01-30,2025-02-05,Delhi NCR,Accessories,COD,1,890.0
902446,314,24,2024-11-27,2024-12-02,Kochi,Electronics,COD,2,22900.0
902447,142,12,2025-02-20,2025-02-25,Chennai,Footwear,Prepaid,2,5200.0
902448,32,31,2024-04-14,2024-04-16,Mumbai,Home & Kitchen,Prepaid,1,1740.0
902449,90,24,2024-04-13,2024-04-18,Pune,Electronics,COD,1,11450.0
902450,13,25,2024-09-30,2024-10-02,Kochi,Home & Kitchen,Prepaid,1,3150.0
902451,34,15,2024-09-17,2024-09-19,Bangalore,Footwear,Prepaid,1,3740.0
902452,299,36,2025-03-24,2025-03-27,Kochi,Beauty & Personal Care,COD,1,1130.0
902453,357,35,2024-09-26,2024-10-01,Mumbai,Beauty & Personal Care,Prepaid,1,590.0
902454,579,5,2024-08-21,2024-08-25,Hyderabad,Fashion & Apparel,Prepaid,2,3920.0
902455,103,10,2025-02-01,2025-02-06,Bangalore,Footwear,Prepaid,2,7400.0
902456,152,29,2025-01-19,2025-01-23,Hyderabad,Home & Kitchen,COD,2,4900.0
902457,297,20,2024-12-18,2024-12-20,Delhi NCR,Electronics,Prepaid,2,25620.0
902458,274,16,2024-06-20,2024-06-24,Mumbai,Footwear,Prepaid,1,3900.0
902459,5,15,2024-06-14,2024-06-19,Mumbai,Footwear,Prepaid,1,3740.0
902460,262,12,2024-05-31,2024-06-04,Hyderabad,Footwear,COD,1,2600.0
902461,210,9,2024-12-29,2025-01-01,Chennai,Footwear,Prepaid,1,3370.0
902462,413,36,2024-12-29,2025-01-01,Delhi NCR,Beauty & Personal Care,Prepaid,1,1130.0
902463,388,47,2025-01-09,2025-01-12,Mumbai,Accessories,COD,2,1780.0
902464,40,17,2024-10-03,2024-10-07,Mumbai,Electronics,COD,1,13790.0
902465,34,47,2025-01-10,2025-01-16,Bangalore,Accessories,Prepaid,1,890.0
902466,509,10,2024-08-22,2024-08-24,Mumbai,Footwear,COD,2,7400.0
902467,468,19,2025-03-16,2025-03-20,Chennai,Electronics,COD,2,21600.0
902468,373,6,2024-09-28,2024-10-01,Mumbai,Fashion & Apparel,COD,1,1510.0
902469,274,23,2024-10-26,2024-10-29,Mumbai,Electronics,COD,1,12780.0
902470,201,32,2024-09-01,2024-09-05,Hyderabad,Home & Kitchen,Prepaid,1,1990.0
902471,275,35,2024-10-09,2024-10-14,Pune,Beauty & Personal Care,COD,2,1180.0
902472,69,22,2024-06-02,2024-06-04,Bangalore,Electronics,COD,1,13330.0
902473,104,20,2024-12-22,2024-12-25,Mumbai,Electronics,Prepaid,1,12810.0
902474,384,36,2025-03-02,2025-03-08,Chennai,Beauty & Personal Care,Prepaid,1,1130.0
902475,13,38,2024-10-28,2024-11-03,Kochi,Beauty & Personal Care,Prepaid,1,510.0
902476,467,35,2024-04-19,2024-04-21,Hyderabad,Beauty & Personal Care,Prepaid,2,1180.0
902477,280,12,2024-08-21,2024-08-24,Hyderabad,Footwear,COD,1,2600.0
902478,371,36,2025-02-08,2025-02-12,Bangalore,Beauty & Personal Care,COD,1,1130.0
902479,484,43,2025-02-28,2025-03-03,Mumbai,Accessories,Prepaid,1,910.0
902480,67,28,2024-12-28,2024-12-31,Pune,Home & Kitchen,Prepaid,1,3170.0
902481,492,31,2025-01-17,2025-01-23,Chennai,Home & Kitchen,Prepaid,1,1740.0
902482,387,38,2025-02-24,2025-02-27,Delhi NCR,Beauty & Personal Care,COD,1,510.0
902483,347,36,2025-02-18,2025-02-22,Bangalore,Beauty & Personal Care,Prepaid,1,1130.0
902484,254,10,2024-10-05,2024-10-09,Bangalore,Footwear,Prepaid,1,3700.0
902485,135,15,2025-02-18,2025-02-23,Hyderabad,Footwear,COD,1,3740.0
902486,303,38,2024-11-16,2024-11-20,Mumbai,Beauty & Personal Care,Prepaid,2,1020.0
902487,151,3,2025-02-17,2025-02-23,Pune,Fashion & Apparel,COD,1,1770.0
902488,47,6,2024-07-24,2024-07-28,Kochi,Fashion & Apparel,Prepaid,1,1510.0
902489,210,39,2024-07-12,2024-07-18,Chennai,Beauty & Personal Care,Prepaid,2,1560.0
902490,560,16,2025-02-06,2025-02-09,Kochi,Footwear,COD,1,3900.0
902491,22,39,2025-03-09,2025-03-12,Chennai,Beauty & Personal Care,COD,1,780.0
902492,118,44,2024-10-12,2024-10-17,Delhi NCR,Accessories,COD,2,2260.0
902493,541,37,2024-09-08,2024-09-12,Bangalore,Beauty & Personal Care,Prepaid,1,810.0
902494,155,41,2024-10-15,2024-10-17,Chennai,Accessories,Prepaid,1,1390.0
902495,387,32,2024-07-27,2024-07-29,Delhi NCR,Home & Kitchen,Prepaid,1,1990.0
902496,183,46,2024-08-06,2024-08-09,Hyderabad,Accessories,COD,1,1320.0
902497,451,48,2025-01-31,2025-02-06,Bangalore,Accessories,Prepaid,1,1560.0
902498,94,35,2024-07-03,2024-07-05,Delhi NCR,Beauty & Personal Care,COD,1,590.0
902499,232,19,2024-10-01,2024-10-05,Bangalore,Electronics,Prepaid,2,21600.0
902500,301,38,2024-09-20,2024-09-25,Bangalore,Beauty & Personal Care,COD,2,1020.0
902501,183,33,2024-10-19,2024-10-23,Hyderabad,Beauty & Personal Care,COD,1,740.0
902502,444,40,2024-11-06,2024-11-10,Mumbai,Beauty & Personal Care,Prepaid,1,540.0
902503,586,5,2024-10-10,2024-10-14,Bangalore,Fashion & Apparel,COD,1,1960.0
902504,585,36,2024-04-10,2024-04-15,Bangalore,Beauty & Personal Care,COD,1,1130.0
902505,511,34,2024-07-28,2024-08-03,Bangalore,Beauty & Personal Care,COD,2,820.0
902506,405,44,2025-03-25,2025-03-30,Pune,Accessories,Prepaid,1,1130.0
902507,577,17,2024-11-22,2024-11-26,Kochi,Electronics,Prepaid,1,13790.0
902508,459,27,2024-12-24,2024-12-28,Hyderabad,Home & Kitchen,Prepaid,1,1080.0
902509,130,26,2024-10-09,2024-10-12,Hyderabad,Home & Kitchen,Prepaid,1,2250.0
902510,174,5,2024-08-08,2024-08-12,Bangalore,Fashion & Apparel,Prepaid,2,3920.0
902511,384,37,2024-07-19,2024-07-21,Chennai,Beauty & Personal Care,Prepaid,1,810.0
902512,545,47,2024-06-23,2024-06-26,Mumbai,Accessories,COD,2,1780.0
902513,104,19,2024-09-27,2024-10-01,Mumbai,Electronics,Prepaid,2,21600.0
902514,188,41,2024-04-01,2024-04-07,Delhi NCR,Accessories,Prepaid,1,1390.0
902515,285,18,2024-07-24,2024-07-29,Chennai,Electronics,Prepaid,1,13140.0
902516,435,40,2025-03-12,2025-03-17,Bangalore,Beauty & Personal Care,Prepaid,1,540.0
902517,285,32,2025-02-16,2025-02-21,Chennai,Home & Kitchen,Prepaid,1,1990.0
902518,289,47,2024-07-27,2024-07-29,Delhi NCR,Accessories,COD,1,890.0
902519,521,4,2024-06-27,2024-07-01,Chennai,Fashion & Apparel,COD,1,970.0
902520,213,39,2025-02-22,2025-02-28,Bangalore,Beauty & Personal Care,COD,1,780.0
902521,557,38,2024-08-13,2024-08-16,Mumbai,Beauty & Personal Care,COD,1,510.0
902522,12,23,2025-03-26,2025-03-31,Pune,Electronics,COD,2,25560.0
902523,547,47,2024-08-09,2024-08-14,Bangalore,Accessories,COD,1,890.0
902524,415,17,2024-04-02,2024-04-05,Mumbai,Electronics,Prepaid,2,27580.0
902525,211,43,2024-05-02,2024-05-05,Bangalore,Accessories,Prepaid,1,910.0
902526,260,9,2025-01-14,2025-01-19,Pune,Footwear,Prepaid,2,6740.0
902527,490,22,2024-12-18,2024-12-20,Delhi NCR,Electronics,Prepaid,1,13330.0
902528,106,6,2024-09-18,2024-09-21,Delhi NCR,Fashion & Apparel,COD,2,3020.0
902529,156,16,2024-10-27,2024-11-02,Bangalore,Footwear,COD,1,3900.0
902530,589,15,2025-01-23,2025-01-25,Bangalore,Footwear,Prepaid,1,3740.0
902531,189,44,2024-08-21,2024-08-26,Bangalore,Accessories,Prepaid,2,2260.0
902532,90,44,2025-01-25,2025-01-31,Pune,Accessories,COD,1,1130.0
902533,205,27,2024-05-09,2024-05-14,Chennai,Home & Kitchen,Prepaid,1,1080.0
902534,382,38,2024-08-04,2024-08-06,Pune,Beauty & Personal Care,Prepaid,1,510.0
902535,384,47,2024-11-23,2024-11-28,Chennai,Accessories,Prepaid,1,890.0
902536,327,26,2024-11-17,2024-11-23,Delhi NCR,Home & Kitchen,Prepaid,1,2250.0
902537,200,19,2025-02-17,2025-02-22,Delhi NCR,Electronics,COD,2,21600.0
902538,139,3,2025-01-11,2025-01-16,Delhi NCR,Fashion & Apparel,Prepaid,1,1770.0
902539,29,7,2024-07-29,2024-07-31,Mumbai,Fashion & Apparel,Prepaid,3,6450.0
902540,414,31,2024-06-12,2024-06-17,Delhi NCR,Home & Kitchen,Prepaid,1,1740.0
902541,36,21,2025-01-07,2025-01-13,Pune,Electronics,Prepaid,2,19900.0
902542,353,41,2025-02-16,2025-02-19,Bangalore,Accessories,Prepaid,2,2780.0
902543,535,14,2024-06-02,2024-06-08,Bangalore,Footwear,COD,2,4740.0
902544,172,11,2024-12-04,2024-12-07,Mumbai,Footwear,COD,1,2560.0
902545,62,14,2025-03-17,2025-03-23,Pune,Footwear,Prepaid,3,7110.0
902546,578,26,2024-05-07,2024-05-10,Delhi NCR,Home & Kitchen,COD,2,4500.0
902547,471,24,2024-04-26,2024-04-30,Hyderabad,Electronics,Prepaid,1,11450.0
902548,495,1,2024-05-15,2024-05-20,Kochi,Fashion & Apparel,COD,1,1110.0
902549,60,42,2025-03-04,2025-03-09,Bangalore,Accessories,Prepaid,1,810.0
902550,182,39,2025-01-29,2025-02-04,Kochi,Beauty & Personal Care,Prepaid,1,780.0
902551,63,11,2024-04-04,2024-04-10,Mumbai,Footwear,Prepaid,1,2560.0
902552,227,18,2025-01-16,2025-01-21,Bangalore,Electronics,Prepaid,1,13140.0
902553,301,43,2024-12-13,2024-12-15,Bangalore,Accessories,Prepaid,1,910.0
902554,373,11,2024-11-01,2024-11-04,Mumbai,Footwear,COD,1,2560.0
902555,43,42,2024-07-26,2024-07-30,Chennai,Accessories,Prepaid,1,810.0
902556,209,39,2024-09-26,2024-09-30,Bangalore,Beauty & Personal Care,COD,1,780.0
902557,499,34,2024-09-12,2024-09-17,Mumbai,Beauty & Personal Care,COD,1,410.0
902558,229,48,2024-10-11,2024-10-14,Hyderabad,Accessories,Prepaid,1,1560.0
902559,353,21,2024-08-13,2024-08-19,Bangalore,Electronics,Prepaid,2,19900.0
902560,37,1,2024-11-17,2024-11-21,Kochi,Fashion & Apparel,Prepaid,1,1110.0
902561,144,38,2024-04-04,2024-04-07,Kochi,Beauty & Personal Care,Prepaid,1,510.0
902562,54,36,2025-02-20,2025-02-24,Chennai,Beauty & Personal Care,Prepaid,2,2260.0
902563,409,30,2024-12-28,2025-01-02,Mumbai,Home & Kitchen,Prepaid,1,2550.0
902564,165,18,2024-04-05,2024-04-11,Chennai,Electronics,Prepaid,2,26280.0
902565,290,4,2024-12-31,2025-01-04,Delhi NCR,Fashion & Apparel,Prepaid,1,970.0
902566,354,16,2025-03-28,2025-03-31,Chennai,Footwear,Prepaid,1,3900.0
902567,420,19,2024-04-04,2024-04-06,Chennai,Electronics,Prepaid,1,10800.0
902568,323,7,2024-06-29,2024-07-04,Chennai,Fashion & Apparel,Prepaid,1,2150.0
902569,551,15,2024-11-16,2024-11-18,Hyderabad,Footwear,COD,1,3740.0
902570,1,30,2024-06-05,2024-06-07,Delhi NCR,Home & Kitchen,COD,1,2550.0
902571,195,24,2025-01-03,2025-01-05,Mumbai,Electronics,Prepaid,1,11450.0
902572,199,16,2024-12-22,2024-12-28,Bangalore,Footwear,Prepaid,1,3900.0
902573,331,12,2025-01-14,2025-01-16,Bangalore,Footwear,COD,1,2600.0
902574,27,32,2024-12-15,2024-12-19,Bangalore,Home & Kitchen,Prepaid,2,3980.0
902575,232,3,2024-06-15,2024-06-18,Bangalore,Fashion & Apparel,COD,1,1770.0
902576,193,33,2024-05-10,2024-05-12,Bangalore,Beauty & Personal Care,Prepaid,3,2220.0
902577,414,31,2024-11-28,2024-11-30,Delhi NCR,Home & Kitchen,Prepaid,1,1740.0
902578,86,30,2025-02-04,2025-02-10,Mumbai,Home & Kitchen,Prepaid,1,2550.0
902579,75,29,2024-12-04,2024-12-09,Hyderabad,Home & Kitchen,Prepaid,1,2450.0
902580,254,41,2024-05-03,2024-05-08,Bangalore,Accessories,Prepaid,1,1390.0
902581,275,37,2024-04-22,2024-04-27,Pune,Beauty & Personal Care,Prepaid,1,810.0
902582,395,3,2024-10-23,2024-10-26,Delhi NCR,Fashion & Apparel,Prepaid,2,3540.0
902583,163,12,2025-01-01,2025-01-03,Mumbai,Footwear,Prepaid,2,5200.0
902584,35,25,2025-02-04,2025-02-08,Delhi NCR,Home & Kitchen,Prepaid,2,6300.0
902585,261,19,2024-12-26,2024-12-31,Bangalore,Electronics,COD,1,10800.0
902586,479,10,2025-03-09,2025-03-15,Chennai,Footwear,COD,3,11100.0
902587,27,15,2025-03-24,2025-03-28,Bangalore,Footwear,Prepaid,1,3740.0
902588,167,6,2024-10-04,2024-10-08,Chennai,Fashion & Apparel,COD,1,1510.0
902589,193,18,2024-11-28,2024-12-03,Bangalore,Electronics,COD,1,13140.0
902590,480,35,2024-11-12,2024-11-14,Mumbai,Beauty & Personal Care,Prepaid,1,590.0
902591,344,3,2025-01-13,2025-01-15,Mumbai,Fashion & Apparel,Prepaid,1,1770.0
902592,355,18,2024-07-11,2024-07-15,Delhi NCR,Electronics,COD,1,13140.0
902593,169,39,2024-09-03,2024-09-05,Hyderabad,Beauty & Personal Care,Prepaid,1,780.0
902594,234,37,2024-05-31,2024-06-04,Bangalore,Beauty & Personal Care,COD,1,810.0
902595,397,28,2024-06-09,2024-06-12,Bangalore,Home & Kitchen,Prepaid,1,3170.0
902596,54,13,2024-05-09,2024-05-14,Chennai,Footwear,COD,2,6000.0
902597,68,13,2024-09-10,2024-09-16,Bangalore,Footwear,COD,1,3000.0
902598,41,6,2024-06-23,2024-06-29,Mumbai,Fashion & Apparel,COD,1,1510.0
902599,584,1,2024-11-07,2024-11-13,Delhi NCR,Fashion & Apparel,COD,1,1110.0
902600,429,40,2024-10-06,2024-10-09,Bangalore,Beauty & Personal Care,COD,2,1080.0
902601,91,48,2024-06-14,2024-06-16,Bangalore,Accessories,Prepaid,1,1560.0
902602,193,20,2024-11-17,2024-11-19,Bangalore,Electronics,Prepaid,1,12810.0
902603,567,1,2024-05-08,2024-05-13,Mumbai,Fashion & Apparel,Prepaid,1,1110.0
902604,511,26,2024-08-25,2024-08-28,Bangalore,Home & Kitchen,Prepaid,1,2250.0
902605,500,6,2024-12-27,2025-01-01,Delhi NCR,Fashion & Apparel,Prepaid,1,1510.0
902606,361,22,2024-06-08,2024-06-12,Chennai,Electronics,COD,1,13330.0
902607,200,23,2024-07-09,2024-07-13,Delhi NCR,Electronics,COD,1,12780.0
902608,100,28,2024-07-25,2024-07-29,Delhi NCR,Home & Kitchen,COD,2,6340.0
902609,338,13,2024-11-24,2024-11-28,Bangalore,Footwear,COD,1,3000.0
902610,144,11,2024-05-04,2024-05-06,Kochi,Footwear,COD,1,2560.0
902611,184,19,2024-12-18,2024-12-20,Mumbai,Electronics,Prepaid,1,10800.0
902612,458,6,2025-02-05,2025-02-08,Bangalore,Fashion & Apparel,COD,1,1510.0
902613,188,18,2024-11-29,2024-12-01,Delhi NCR,Electronics,Prepaid,1,13140.0
902614,491,25,2024-07-28,2024-07-30,Delhi NCR,Home & Kitchen,Prepaid,1,3150.0
902615,179,25,2024-08-18,2024-08-22,Hyderabad,Home & Kitchen,COD,1,3150.0
902616,148,5,2024-12-03,2024-12-09,Hyderabad,Fashion & Apparel,Prepaid,2,3920.0
902617,331,23,2024-05-24,2024-05-30,Bangalore,Electronics,COD,1,12780.0
902618,113,29,2025-01-24,2025-01-30,Kochi,Home & Kitchen,COD,2,4900.0
902619,200,44,2025-03-12,2025-03-15,Delhi NCR,Accessories,COD,2,2260.0
902620,499,7,2024-06-20,2024-06-22,Mumbai,Fashion & Apparel,Prepaid,1,2150.0
902621,7,30,2024-04-27,2024-04-29,Mumbai,Home & Kitchen,Prepaid,1,2550.0
902622,247,46,2024-04-09,2024-04-14,Delhi NCR,Accessories,Prepaid,1,1320.0
902623,231,47,2024-07-12,2024-07-14,Bangalore,Accessories,Prepaid,1,890.0
902624,185,18,2025-01-25,2025-01-29,Bangalore,Electronics,COD,1,13140.0
902625,554,25,2024-09-16,2024-09-21,Bangalore,Home & Kitchen,Prepaid,1,3150.0
902626,559,7,2024-10-16,2024-10-21,Kochi,Fashion & Apparel,COD,1,2150.0
902627,501,27,2024-07-22,2024-07-24,Kochi,Home & Kitchen,Prepaid,1,1080.0
902628,76,26,2025-03-05,2025-03-09,Chennai,Home & Kitchen,COD,1,2250.0
902629,21,33,2025-03-09,2025-03-12,Mumbai,Beauty & Personal Care,Prepaid,1,740.0
902630,78,3,2024-08-11,2024-08-16,Chennai,Fashion & Apparel,Prepaid,1,1770.0
902631,193,13,2024-11-11,2024-11-15,Bangalore,Footwear,COD,1,3000.0
902632,161,41,2024-05-31,2024-06-03,Bangalore,Accessories,Prepaid,1,1390.0
902633,306,40,2024-05-01,2024-05-07,Chennai,Beauty & Personal Care,Prepaid,1,540.0
902634,41,29,2024-12-06,2024-12-12,Mumbai,Home & Kitchen,Prepaid,1,2450.0
902635,519,43,2024-04-16,2024-04-22,Delhi NCR,Accessories,COD,1,910.0
902636,343,24,2025-03-29,2025-04-01,Chennai,Electronics,COD,1,11450.0
902637,37,10,2024-10-10,2024-10-16,Kochi,Footwear,Prepaid,1,3700.0
902638,204,18,2024-09-11,2024-09-16,Chennai,Electronics,COD,2,26280.0
902639,350,41,2024-07-17,2024-07-20,Hyderabad,Accessories,Prepaid,2,2780.0
902640,445,38,2024-11-10,2024-11-12,Chennai,Beauty & Personal Care,Prepaid,1,510.0
902641,135,2,2024-12-30,2025-01-05,Hyderabad,Fashion & Apparel,Prepaid,1,1190.0
902642,303,44,2024-06-26,2024-06-30,Mumbai,Accessories,Prepaid,1,1130.0
902643,50,10,2024-11-21,2024-11-26,Kochi,Footwear,Prepaid,1,3700.0
902644,10,28,2024-06-11,2024-06-16,Pune,Home & Kitchen,Prepaid,1,3170.0
902645,91,38,2024-11-22,2024-11-27,Bangalore,Beauty & Personal Care,COD,2,1020.0
902646,52,14,2025-01-17,2025-01-23,Kochi,Footwear,Prepaid,1,2370.0
902647,334,9,2024-06-26,2024-07-01,Kochi,Footwear,Prepaid,2,6740.0
902648,546,10,2024-05-20,2024-05-23,Bangalore,Footwear,COD,2,7400.0
902649,522,26,2024-06-09,2024-06-12,Hyderabad,Home & Kitchen,COD,2,4500.0
902650,161,20,2025-03-02,2025-03-08,Bangalore,Electronics,COD,1,12810.0
902651,126,29,2025-03-08,2025-03-12,Mumbai,Home & Kitchen,Prepaid,1,2450.0
902652,266,33,2024-10-16,2024-10-18,Delhi NCR,Beauty & Personal Care,COD,1,740.0
902653,253,5,2024-06-06,2024-06-09,Bangalore,Fashion & Apparel,COD,1,1960.0
902654,102,37,2024-06-27,2024-07-02,Delhi NCR,Beauty & Personal Care,Prepaid,1,810.0
902655,168,8,2024-09-10,2024-09-14,Bangalore,Fashion & Apparel,COD,1,1870.0
902656,103,48,2024-07-22,2024-07-27,Bangalore,Accessories,Prepaid,3,4680.0
902657,11,25,2024-10-28,2024-11-03,Hyderabad,Home & Kitchen,COD,1,3150.0
902658,219,41,2024-06-06,2024-06-09,Hyderabad,Accessories,COD,1,1390.0
902659,324,18,2025-01-23,2025-01-25,Mumbai,Electronics,Prepaid,1,13140.0
902660,90,24,2024-06-21,2024-06-26,Pune,Electronics,COD,1,11450.0
902661,523,4,2025-03-04,2025-03-09,Bangalore,Fashion & Apparel,Prepaid,2,1940.0
902662,155,30,2024-04-20,2024-04-22,Chennai,Home & Kitchen,COD,1,2550.0
902663,145,14,2025-02-24,2025-02-28,Bangalore,Footwear,COD,1,2370.0
902664,349,22,2024-06-29,2024-07-03,Hyderabad,Electronics,Prepaid,2,26660.0
902665,589,24,2024-06-15,2024-06-20,Bangalore,Electronics,Prepaid,3,34350.0
902666,204,36,2024-08-18,2024-08-20,Chennai,Beauty & Personal Care,Prepaid,1,1130.0
902667,248,47,2025-03-29,2025-04-04,Hyderabad,Accessories,Prepaid,1,890.0
902668,368,33,2024-10-25,2024-10-28,Kochi,Beauty & Personal Care,COD,2,1480.0
902669,9,19,2024-10-20,2024-10-26,Bangalore,Electronics,Prepaid,1,10800.0
902670,36,44,2024-04-23,2024-04-28,Pune,Accessories,Prepaid,2,2260.0
902671,376,22,2025-03-01,2025-03-04,Hyderabad,Electronics,Prepaid,1,13330.0
902672,376,48,2025-02-04,2025-02-07,Hyderabad,Accessories,COD,1,1560.0
902673,401,39,2024-12-24,2024-12-27,Kochi,Beauty & Personal Care,Prepaid,1,780.0
902674,336,39,2024-09-07,2024-09-13,Chennai,Beauty & Personal Care,COD,1,780.0
902675,290,35,2024-09-30,2024-10-05,Delhi NCR,Beauty & Personal Care,Prepaid,2,1180.0
902676,121,8,2024-05-07,2024-05-12,Bangalore,Fashion & Apparel,Prepaid,2,3740.0
902677,114,11,2024-12-23,2024-12-28,Delhi NCR,Footwear,Prepaid,1,2560.0
902678,200,44,2024-04-28,2024-05-04,Delhi NCR,Accessories,COD,1,1130.0
902679,312,44,2024-05-07,2024-05-12,Chennai,Accessories,COD,1,1130.0
902680,29,1,2024-05-18,2024-05-20,Mumbai,Fashion & Apparel,Prepaid,1,1110.0
902681,219,29,2025-01-26,2025-02-01,Hyderabad,Home & Kitchen,Prepaid,1,2450.0
902682,155,46,2024-08-31,2024-09-04,Chennai,Accessories,COD,1,1320.0
902683,34,37,2024-12-12,2024-12-16,Bangalore,Beauty & Personal Care,Prepaid,2,1620.0
902684,13,35,2024-08-27,2024-08-30,Kochi,Beauty & Personal Care,COD,1,590.0
902685,246,15,2024-04-17,2024-04-23,Pune,Footwear,COD,1,3740.0
902686,303,37,2024-07-02,2024-07-07,Mumbai,Beauty & Personal Care,COD,1,810.0
902687,524,8,2024-05-14,2024-05-20,Pune,Fashion & Apparel,COD,1,1870.0
902688,37,30,2025-03-30,2025-04-03,Kochi,Home & Kitchen,Prepaid,1,2550.0
902689,375,26,2024-04-14,2024-04-20,Delhi NCR,Home & Kitchen,COD,3,6750.0
902690,235,11,2024-10-03,2024-10-06,Hyderabad,Footwear,Prepaid,1,2560.0
902691,251,39,2024-11-15,2024-11-20,Delhi NCR,Beauty & Personal Care,Prepaid,1,780.0
902692,363,44,2025-02-10,2025-02-16,Hyderabad,Accessories,Prepaid,1,1130.0
902693,402,42,2024-07-17,2024-07-19,Chennai,Accessories,COD,2,1620.0
902694,475,47,2024-09-05,2024-09-10,Bangalore,Accessories,Prepaid,1,890.0
902695,261,11,2024-04-06,2024-04-11,Bangalore,Footwear,COD,1,2560.0
902696,134,14,2024-09-27,2024-10-03,Delhi NCR,Footwear,COD,1,2370.0
902697,378,39,2024-08-03,2024-08-07,Kochi,Beauty & Personal Care,Prepaid,2,1560.0
902698,255,28,2025-03-19,2025-03-23,Kochi,Home & Kitchen,Prepaid,1,3170.0
902699,295,18,2025-03-03,2025-03-05,Delhi NCR,Electronics,COD,1,13140.0
902700,319,41,2024-04-07,2024-04-09,Chennai,Accessories,COD,1,1390.0
902701,498,43,2024-11-26,2024-11-29,Mumbai,Accessories,COD,3,2730.0
902702,110,21,2025-02-27,2025-03-02,Pune,Electronics,Prepaid,1,9950.0
902703,300,43,2025-02-17,2025-02-22,Mumbai,Accessories,Prepaid,1,910.0
902704,47,37,2024-06-19,2024-06-22,Kochi,Beauty & Personal Care,Prepaid,1,810.0
902705,289,32,2024-10-18,2024-10-22,Delhi NCR,Home & Kitchen,COD,1,1990.0
902706,464,10,2024-07-21,2024-07-23,Bangalore,Footwear,Prepaid,1,3700.0
902707,456,21,2024-12-15,2024-12-18,Bangalore,Electronics,COD,1,9950.0
902708,525,25,2024-10-31,2024-11-02,Pune,Home & Kitchen,Prepaid,1,3150.0
902709,38,40,2025-01-08,2025-01-12,Bangalore,Beauty & Personal Care,Prepaid,1,540.0
902710,279,12,2024-07-22,2024-07-25,Delhi NCR,Footwear,Prepaid,1,2600.0
902711,70,38,2024-07-14,2024-07-18,Pune,Beauty & Personal Care,Prepaid,1,510.0
902712,321,38,2024-08-07,2024-08-09,Chennai,Beauty & Personal Care,COD,1,510.0
902713,347,1,2025-03-07,2025-03-12,Bangalore,Fashion & Apparel,COD,1,1110.0
902714,155,10,2024-06-15,2024-06-20,Chennai,Footwear,Prepaid,1,3700.0
902715,131,12,2025-03-12,2025-03-17,Bangalore,Footwear,Prepaid,2,5200.0
902716,18,4,2024-09-23,2024-09-27,Hyderabad,Fashion & Apparel,COD,1,970.0
902717,218,17,2024-06-12,2024-06-16,Bangalore,Electronics,Prepaid,1,13790.0
902718,63,11,2025-01-07,2025-01-12,Mumbai,Footwear,Prepaid,1,2560.0
902719,241,25,2025-01-20,2025-01-26,Pune,Home & Kitchen,COD,1,3150.0
902720,79,32,2025-03-06,2025-03-09,Pune,Home & Kitchen,Prepaid,1,1990.0
902721,579,22,2024-12-02,2024-12-06,Hyderabad,Electronics,Prepaid,1,13330.0
902722,498,38,2024-07-20,2024-07-25,Mumbai,Beauty & Personal Care,Prepaid,1,510.0
902723,351,13,2025-03-09,2025-03-13,Pune,Footwear,Prepaid,2,6000.0
902724,45,20,2025-01-15,2025-01-21,Hyderabad,Electronics,COD,2,25620.0
902725,448,41,2025-03-09,2025-03-13,Pune,Accessories,Prepaid,1,1390.0
902726,58,11,2024-04-18,2024-04-22,Chennai,Footwear,Prepaid,1,2560.0
902727,324,34,2024-06-17,2024-06-22,Mumbai,Beauty & Personal Care,Prepaid,1,410.0
902728,68,26,2024-10-06,2024-10-12,Bangalore,Home & Kitchen,COD,1,2250.0
902729,261,38,2024-05-29,2024-06-01,Bangalore,Beauty & Personal Care,Prepaid,1,510.0
902730,248,48,2024-09-05,2024-09-11,Hyderabad,Accessories,Prepaid,2,3120.0
902731,212,35,2024-04-09,2024-04-12,Bangalore,Beauty & Personal Care,Prepaid,1,590.0
902732,146,32,2025-01-07,2025-01-09,Hyderabad,Home & Kitchen,Prepaid,1,1990.0
902733,473,25,2025-02-28,2025-03-05,Chennai,Home & Kitchen,Prepaid,1,3150.0
902734,253,13,2024-10-16,2024-10-18,Bangalore,Footwear,COD,2,6000.0
902735,309,11,2025-03-30,2025-04-05,Mumbai,Footwear,Prepaid,1,2560.0
902736,496,18,2025-01-26,2025-01-30,Hyderabad,Electronics,COD,1,13140.0
902737,390,26,2024-12-31,2025-01-06,Mumbai,Home & Kitchen,Prepaid,2,4500.0
902738,573,14,2024-07-07,2024-07-12,Mumbai,Footwear,COD,2,4740.0
902739,560,26,2024-12-25,2024-12-31,Kochi,Home & Kitchen,Prepaid,1,2250.0
902740,99,35,2024-07-07,2024-07-13,Delhi NCR,Beauty & Personal Care,Prepaid,2,1180.0
902741,597,35,2024-09-08,2024-09-11,Mumbai,Beauty & Personal Care,Prepaid,1,590.0
902742,340,48,2024-08-04,2024-08-10,Delhi NCR,Accessories,Prepaid,1,1560.0
902743,381,19,2024-08-30,2024-09-01,Mumbai,Electronics,COD,1,10800.0
902744,160,13,2024-09-14,2024-09-16,Pune,Footwear,COD,1,3000.0
902745,567,21,2025-03-15,2025-03-20,Mumbai,Electronics,COD,2,19900.0
902746,262,41,2024-11-09,2024-11-11,Hyderabad,Accessories,Prepaid,1,1390.0
902747,212,40,2024-04-26,2024-04-29,Bangalore,Beauty & Personal Care,COD,1,540.0
902748,7,16,2024-08-01,2024-08-06,Mumbai,Footwear,COD,1,3900.0
902749,123,7,2024-04-10,2024-04-15,Pune,Fashion & Apparel,COD,1,2150.0
902750,590,4,2024-09-17,2024-09-20,Mumbai,Fashion & Apparel,COD,1,970.0
902751,81,4,2024-06-03,2024-06-09,Chennai,Fashion & Apparel,Prepaid,2,1940.0
902752,405,13,2024-06-28,2024-07-03,Pune,Footwear,COD,1,3000.0
902753,304,23,2024-06-21,2024-06-23,Pune,Electronics,COD,1,12780.0
902754,455,33,2024-04-22,2024-04-27,Mumbai,Beauty & Personal Care,Prepaid,1,740.0
902755,518,4,2024-04-08,2024-04-10,Bangalore,Fashion & Apparel,COD,1,970.0
902756,197,39,2024-06-03,2024-06-08,Hyderabad,Beauty & Personal Care,Prepaid,1,780.0
902757,407,36,2024-04-13,2024-04-18,Mumbai,Beauty & Personal Care,COD,1,1130.0
902758,512,20,2024-11-30,2024-12-03,Kochi,Electronics,COD,1,12810.0
902759,178,43,2024-04-22,2024-04-28,Chennai,Accessories,COD,1,910.0
902760,546,47,2025-03-13,2025-03-16,Bangalore,Accessories,Prepaid,1,890.0
902761,418,9,2025-01-09,2025-01-13,Hyderabad,Footwear,COD,1,3370.0
902762,431,16,2024-11-30,2024-12-05,Pune,Footwear,Prepaid,2,7800.0
902763,1,5,2024-10-17,2024-10-22,Delhi NCR,Fashion & Apparel,COD,1,1960.0
902764,597,35,2025-01-25,2025-01-30,Mumbai,Beauty & Personal Care,Prepaid,1,590.0
902765,201,16,2024-06-07,2024-06-13,Hyderabad,Footwear,Prepaid,1,3900.0
902766,464,42,2025-02-21,2025-02-23,Bangalore,Accessories,COD,2,1620.0
902767,152,8,2024-12-02,2024-12-04,Hyderabad,Fashion & Apparel,COD,1,1870.0
902768,77,26,2024-05-10,2024-05-12,Delhi NCR,Home & Kitchen,COD,1,2250.0
902769,258,43,2024-10-06,2024-10-08,Delhi NCR,Accessories,COD,1,910.0
902770,473,4,2024-08-26,2024-09-01,Chennai,Fashion & Apparel,Prepaid,1,970.0
902771,2,28,2025-02-04,2025-02-09,Mumbai,Home & Kitchen,COD,3,9510.0
902772,210,39,2025-01-30,2025-02-04,Chennai,Beauty & Personal Care,Prepaid,1,780.0
902773,437,26,2024-07-27,2024-07-29,Bangalore,Home & Kitchen,Prepaid,1,2250.0
902774,366,36,2024-08-06,2024-08-08,Delhi NCR,Beauty & Personal Care,Prepaid,1,1130.0
902775,32,9,2025-02-10,2025-02-14,Mumbai,Footwear,COD,1,3370.0
902776,158,34,2024-09-04,2024-09-09,Mumbai,Beauty & Personal Care,COD,1,410.0
902777,122,8,2024-04-08,2024-04-13,Mumbai,Fashion & Apparel,Prepaid,1,1870.0
902778,323,18,2024-06-10,2024-06-12,Chennai,Electronics,COD,1,13140.0
902779,155,39,2024-06-26,2024-06-28,Chennai,Beauty & Personal Care,COD,2,1560.0
902780,455,36,2025-01-01,2025-01-03,Mumbai,Beauty & Personal Care,Prepaid,1,1130.0
902781,500,43,2025-01-30,2025-02-01,Delhi NCR,Accessories,Prepaid,1,910.0
902782,80,40,2024-10-30,2024-11-02,Mumbai,Beauty & Personal Care,Prepaid,1,540.0
902783,131,12,2025-02-02,2025-02-06,Bangalore,Footwear,COD,1,2600.0
902784,591,22,2024-05-08,2024-05-10,Hyderabad,Electronics,COD,1,13330.0
902785,127,48,2024-12-10,2024-12-12,Hyderabad,Accessories,COD,1,1560.0
902786,161,30,2024-06-03,2024-06-08,Bangalore,Home & Kitchen,COD,1,2550.0
902787,4,5,2024-04-22,2024-04-27,Chennai,Fashion & Apparel,COD,1,1960.0
902788,295,48,2024-12-10,2024-12-12,Delhi NCR,Accessories,Prepaid,2,3120.0
902789,591,23,2024-11-29,2024-12-03,Hyderabad,Electronics,Prepaid,1,12780.0
902790,571,22,2024-07-15,2024-07-19,Delhi NCR,Electronics,COD,2,26660.0
902791,381,13,2025-02-20,2025-02-23,Mumbai,Footwear,Prepaid,1,3000.0
902792,332,33,2024-11-18,2024-11-20,Mumbai,Beauty & Personal Care,Prepaid,1,740.0
902793,170,32,2024-11-24,2024-11-26,Bangalore,Home & Kitchen,COD,1,1990.0
902794,444,35,2024-04-22,2024-04-24,Mumbai,Beauty & Personal Care,Prepaid,1,590.0
902795,118,45,2025-03-01,2025-03-06,Delhi NCR,Accessories,COD,2,2580.0
902796,249,26,2024-10-15,2024-10-21,Pune,Home & Kitchen,COD,2,4500.0
902797,359,20,2025-01-22,2025-01-25,Pune,Electronics,Prepaid,1,12810.0
902798,165,32,2024-11-18,2024-11-21,Chennai,Home & Kitchen,COD,1,1990.0
902799,392,14,2025-03-15,2025-03-21,Bangalore,Footwear,Prepaid,1,2370.0
902800,397,45,2024-08-18,2024-08-20,Bangalore,Accessories,COD,1,1290.0
902801,315,40,2024-09-18,2024-09-21,Kochi,Beauty & Personal Care,COD,2,1080.0
902802,292,13,2024-10-08,2024-10-14,Mumbai,Footwear,COD,1,3000.0
902803,225,11,2024-04-21,2024-04-25,Bangalore,Footwear,COD,2,5120.0
902804,507,4,2024-06-17,2024-06-19,Bangalore,Fashion & Apparel,Prepaid,2,1940.0
902805,492,16,2025-03-12,2025-03-14,Chennai,Footwear,COD,1,3900.0
902806,20,45,2024-07-20,2024-07-25,Pune,Accessories,Prepaid,1,1290.0
902807,47,42,2024-04-12,2024-04-16,Kochi,Accessories,Prepaid,1,810.0
902808,179,38,2024-05-30,2024-06-01,Hyderabad,Beauty & Personal Care,COD,1,510.0
902809,9,25,2024-09-19,2024-09-25,Bangalore,Home & Kitchen,Prepaid,1,3150.0
902810,61,36,2024-09-18,2024-09-20,Mumbai,Beauty & Personal Care,Prepaid,1,1130.0
902811,181,30,2025-02-23,2025-02-26,Kochi,Home & Kitchen,COD,1,2550.0
902812,531,8,2024-04-28,2024-05-01,Kochi,Fashion & Apparel,COD,1,1870.0
902813,568,18,2025-01-10,2025-01-14,Kochi,Electronics,Prepaid,1,13140.0
902814,358,35,2025-01-12,2025-01-18,Pune,Beauty & Personal Care,Prepaid,1,590.0
902815,595,38,2024-05-15,2024-05-21,Delhi NCR,Beauty & Personal Care,Prepaid,1,510.0
902816,544,11,2024-09-11,2024-09-16,Bangalore,Footwear,Prepaid,1,2560.0
902817,242,17,2024-09-26,2024-10-01,Kochi,Electronics,Prepaid,2,27580.0
902818,64,29,2025-03-14,2025-03-18,Hyderabad,Home & Kitchen,Prepaid,2,4900.0
902819,201,30,2024-04-14,2024-04-17,Hyderabad,Home & Kitchen,Prepaid,1,2550.0
902820,394,18,2024-10-16,2024-10-20,Delhi NCR,Electronics,Prepaid,2,26280.0
902821,590,21,2024-08-20,2024-08-23,Mumbai,Electronics,COD,2,19900.0
902822,192,46,2024-06-17,2024-06-21,Bangalore,Accessories,COD,1,1320.0
902823,332,36,2024-12-03,2024-12-08,Mumbai,Beauty & Personal Care,Prepaid,1,1130.0
902824,257,47,2024-10-04,2024-10-10,Hyderabad,Accessories,Prepaid,1,890.0
902825,349,6,2025-01-31,2025-02-06,Hyderabad,Fashion & Apparel,COD,1,1510.0
902826,474,30,2024-12-13,2024-12-17,Hyderabad,Home & Kitchen,Prepaid,1,2550.0
902827,308,33,2024-12-31,2025-01-05,Kochi,Beauty & Personal Care,COD,1,740.0
902828,257,19,2024-04-09,2024-04-15,Hyderabad,Electronics,Prepaid,2,21600.0
902829,484,48,2025-02-25,2025-03-01,Mumbai,Accessories,Prepaid,1,1560.0
902830,436,22,2024-08-02,2024-08-08,Mumbai,Electronics,Prepaid,1,13330.0
902831,255,39,2024-10-14,2024-10-16,Kochi,Beauty & Personal Care,Prepaid,1,780.0
902832,176,12,2025-01-27,2025-02-02,Kochi,Footwear,Prepaid,1,2600.0
902833,329,44,2024-05-05,2024-05-10,Hyderabad,Accessories,Prepaid,2,2260.0
902834,387,19,2024-07-11,2024-07-13,Delhi NCR,Electronics,COD,1,10800.0
902835,30,1,2024-04-21,2024-04-24,Pune,Fashion & Apparel,Prepaid,1,1110.0
902836,127,34,2025-01-09,2025-01-15,Hyderabad,Beauty & Personal Care,COD,1,410.0
902837,110,38,2024-06-19,2024-06-24,Pune,Beauty & Personal Care,Prepaid,1,510.0
902838,421,45,2024-10-11,2024-10-13,Mumbai,Accessories,COD,2,2580.0
902839,289,8,2025-01-23,2025-01-29,Delhi NCR,Fashion & Apparel,COD,1,1870.0
902840,430,10,2024-04-10,2024-04-14,Chennai,Footwear,Prepaid,1,3700.0
902841,121,22,2024-04-19,2024-04-23,Bangalore,Electronics,COD,2,26660.0
902842,411,46,2024-04-05,2024-04-07,Pune,Accessories,Prepaid,2,2640.0
902843,77,29,2025-01-24,2025-01-30,Delhi NCR,Home & Kitchen,Prepaid,1,2450.0
902844,600,12,2024-12-09,2024-12-11,Mumbai,Footwear,Prepaid,2,5200.0
902845,49,25,2024-06-20,2024-06-25,Hyderabad,Home & Kitchen,COD,1,3150.0
902846,144,47,2024-06-18,2024-06-22,Kochi,Accessories,COD,1,890.0
902847,132,32,2024-11-07,2024-11-12,Chennai,Home & Kitchen,Prepaid,1,1990.0
902848,26,28,2024-04-04,2024-04-08,Hyderabad,Home & Kitchen,Prepaid,1,3170.0
902849,547,28,2025-01-14,2025-01-19,Bangalore,Home & Kitchen,Prepaid,1,3170.0
902850,75,31,2024-07-05,2024-07-11,Hyderabad,Home & Kitchen,COD,1,1740.0
902851,129,32,2024-05-28,2024-06-01,Bangalore,Home & Kitchen,COD,1,1990.0
902852,316,11,2024-05-22,2024-05-27,Bangalore,Footwear,COD,1,2560.0
902853,389,17,2024-11-24,2024-11-26,Bangalore,Electronics,Prepaid,1,13790.0
902854,74,38,2024-09-10,2024-09-13,Hyderabad,Beauty & Personal Care,Prepaid,1,510.0
902855,137,4,2025-03-29,2025-04-04,Chennai,Fashion & Apparel,Prepaid,1,970.0
902856,110,13,2024-10-19,2024-10-22,Pune,Footwear,COD,1,3000.0
902857,349,18,2024-10-20,2024-10-23,Hyderabad,Electronics,Prepaid,1,13140.0
902858,600,23,2025-01-15,2025-01-17,Mumbai,Electronics,Prepaid,1,12780.0
902859,183,15,2024-08-26,2024-08-28,Hyderabad,Footwear,Prepaid,1,3740.0
902860,307,27,2024-10-24,2024-10-30,Hyderabad,Home & Kitchen,COD,1,1080.0
902861,585,28,2025-03-14,2025-03-16,Bangalore,Home & Kitchen,COD,1,3170.0
902862,60,42,2024-09-02,2024-09-06,Bangalore,Accessories,Prepaid,1,810.0
902863,171,10,2025-01-26,2025-01-29,Bangalore,Footwear,COD,1,3700.0
902864,425,3,2024-05-26,2024-05-31,Hyderabad,Fashion & Apparel,COD,2,3540.0
902865,26,12,2024-09-21,2024-09-26,Hyderabad,Footwear,Prepaid,1,2600.0
902866,480,1,2024-08-18,2024-08-24,Mumbai,Fashion & Apparel,Prepaid,1,1110.0
902867,187,13,2025-02-15,2025-02-18,Chennai,Footwear,COD,3,9000.0
902868,350,5,2025-03-17,2025-03-22,Hyderabad,Fashion & Apparel,Prepaid,1,1960.0
902869,11,13,2024-11-15,2024-11-19,Hyderabad,Footwear,COD,3,9000.0
902870,75,46,2024-12-25,2024-12-29,Hyderabad,Accessories,Prepaid,1,1320.0
902871,247,32,2024-05-24,2024-05-30,Delhi NCR,Home & Kitchen,COD,1,1990.0
902872,65,14,2024-11-22,2024-11-25,Pune,Footwear,Prepaid,1,2370.0
902873,490,44,2025-01-11,2025-01-16,Delhi NCR,Accessories,COD,2,2260.0
902874,87,40,2024-05-13,2024-05-17,Pune,Beauty & Personal Care,Prepaid,1,540.0
902875,452,43,2024-06-07,2024-06-10,Bangalore,Accessories,Prepaid,2,1820.0
902876,146,3,2024-11-25,2024-11-30,Hyderabad,Fashion & Apparel,Prepaid,1,1770.0
902877,557,47,2024-07-14,2024-07-16,Mumbai,Accessories,COD,2,1780.0
902878,567,9,2024-11-07,2024-11-11,Mumbai,Footwear,Prepaid,1,3370.0
902879,72,31,2024-12-24,2024-12-30,Mumbai,Home & Kitchen,COD,1,1740.0
902880,357,39,2024-11-17,2024-11-19,Mumbai,Beauty & Personal Care,Prepaid,1,780.0
902881,330,41,2024-12-19,2024-12-23,Hyderabad,Accessories,COD,2,2780.0
902882,401,32,2024-11-21,2024-11-26,Kochi,Home & Kitchen,COD,1,1990.0
902883,524,12,2024-11-27,2024-12-03,Pune,Footwear,Prepaid,2,5200.0
902884,218,46,2024-10-18,2024-10-21,Bangalore,Accessories,COD,1,1320.0
902885,22,40,2024-04-26,2024-04-29,Chennai,Beauty & Personal Care,Prepaid,1,540.0
902886,245,42,2024-05-09,2024-05-13,Mumbai,Accessories,COD,1,810.0
902887,589,28,2025-03-05,2025-03-10,Bangalore,Home & Kitchen,Prepaid,1,3170.0
902888,476,48,2024-12-18,2024-12-20,Mumbai,Accessories,Prepaid,1,1560.0
902889,100,8,2024-08-01,2024-08-04,Delhi NCR,Fashion & Apparel,COD,1,1870.0
902890,26,48,2024-07-18,2024-07-22,Hyderabad,Accessories,COD,1,1560.0
902891,342,14,2025-02-20,2025-02-23,Hyderabad,Footwear,Prepaid,1,2370.0
902892,583,36,2024-04-13,2024-04-15,Bangalore,Beauty & Personal Care,Prepaid,1,1130.0
902893,380,8,2025-03-18,2025-03-20,Chennai,Fashion & Apparel,Prepaid,2,3740.0
902894,594,14,2025-01-06,2025-01-11,Hyderabad,Footwear,Prepaid,1,2370.0
902895,148,26,2024-05-14,2024-05-18,Hyderabad,Home & Kitchen,Prepaid,1,2250.0
902896,414,22,2025-02-26,2025-03-03,Delhi NCR,Electronics,Prepaid,1,13330.0
902897,195,42,2024-04-02,2024-04-06,Mumbai,Accessories,Prepaid,1,810.0
902898,600,16,2024-07-06,2024-07-09,Mumbai,Footwear,COD,1,3900.0
902899,95,24,2024-07-07,2024-07-13,Mumbai,Electronics,Prepaid,1,11450.0
902900,552,41,2024-07-13,2024-07-15,Chennai,Accessories,Prepaid,1,1390.0
902901,76,5,2025-03-10,2025-03-13,Chennai,Fashion & Apparel,Prepaid,1,1960.0
902902,56,19,2024-12-08,2024-12-12,Pune,Electronics,COD,1,10800.0
902903,430,25,2025-03-12,2025-03-17,Chennai,Home & Kitchen,COD,1,3150.0
902904,32,21,2024-04-29,2024-05-02,Mumbai,Electronics,COD,1,9950.0
902905,507,44,2024-10-20,2024-10-26,Bangalore,Accessories,COD,1,1130.0
902906,66,5,2025-01-27,2025-01-30,Delhi NCR,Fashion & Apparel,Prepaid,2,3920.0
902907,560,11,2024-12-03,2024-12-08,Kochi,Footwear,COD,1,2560.0
902908,130,21,2025-01-23,2025-01-26,Hyderabad,Electronics,COD,2,19900.0
902909,25,38,2025-02-23,2025-02-26,Mumbai,Beauty & Personal Care,Prepaid,2,1020.0
902910,331,17,2025-03-27,2025-03-31,Bangalore,Electronics,COD,1,13790.0
902911,98,24,2024-08-13,2024-08-15,Bangalore,Electronics,Prepaid,1,11450.0
902912,91,41,2024-07-08,2024-07-12,Bangalore,Accessories,COD,1,1390.0
902913,57,5,2025-03-03,2025-03-07,Delhi NCR,Fashion & Apparel,COD,1,1960.0
902914,417,3,2024-10-07,2024-10-10,Mumbai,Fashion & Apparel,Prepaid,1,1770.0
902915,98,13,2025-03-14,2025-03-17,Bangalore,Footwear,COD,1,3000.0
902916,495,27,2024-11-02,2024-11-08,Kochi,Home & Kitchen,COD,1,1080.0
902917,551,11,2024-12-11,2024-12-16,Hyderabad,Footwear,Prepaid,1,2560.0
902918,520,4,2024-05-07,2024-05-11,Bangalore,Fashion & Apparel,Prepaid,1,970.0
902919,192,8,2024-12-23,2024-12-29,Bangalore,Fashion & Apparel,COD,1,1870.0
902920,351,44,2024-04-21,2024-04-23,Pune,Accessories,Prepaid,1,1130.0
902921,28,34,2024-09-28,2024-10-01,Mumbai,Beauty & Personal Care,Prepaid,1,410.0
902922,92,12,2024-12-04,2024-12-08,Hyderabad,Footwear,Prepaid,1,2600.0
902923,556,25,2025-01-30,2025-02-03,Pune,Home & Kitchen,Prepaid,1,3150.0
902924,326,27,2024-04-09,2024-04-13,Chennai,Home & Kitchen,Prepaid,2,2160.0
902925,115,11,2025-03-03,2025-03-08,Kochi,Footwear,Prepaid,2,5120.0
902926,389,37,2024-08-09,2024-08-11,Bangalore,Beauty & Personal Care,Prepaid,1,810.0
902927,15,11,2025-02-03,2025-02-08,Bangalore,Footwear,Prepaid,1,2560.0
902928,294,6,2024-09-26,2024-09-28,Hyderabad,Fashion & Apparel,Prepaid,1,1510.0
902929,251,16,2025-01-26,2025-02-01,Delhi NCR,Footwear,Prepaid,1,3900.0
902930,535,38,2024-10-20,2024-10-26,Bangalore,Beauty & Personal Care,COD,1,510.0
902931,225,45,2024-05-27,2024-05-31,Bangalore,Accessories,Prepaid,1,1290.0
902932,541,26,2024-11-23,2024-11-29,Bangalore,Home & Kitchen,COD,2,4500.0
902933,87,46,2024-06-04,2024-06-09,Pune,Accessories,Prepaid,1,1320.0
902934,403,12,2024-04-30,2024-05-02,Mumbai,Footwear,Prepaid,1,2600.0
902935,580,26,2025-01-23,2025-01-27,Delhi NCR,Home & Kitchen,COD,1,2250.0
902936,25,15,2024-05-24,2024-05-28,Mumbai,Footwear,COD,1,3740.0
902937,265,19,2024-07-21,2024-07-26,Chennai,Electronics,Prepaid,1,10800.0
902938,561,36,2025-03-17,2025-03-19,Pune,Beauty & Personal Care,Prepaid,1,1130.0
902939,410,41,2024-04-27,2024-05-03,Bangalore,Accessories,COD,1,1390.0
902940,483,22,2024-12-05,2024-12-07,Bangalore,Electronics,Prepaid,1,13330.0
902941,64,38,2024-12-25,2024-12-30,Hyderabad,Beauty & Personal Care,COD,1,510.0
902942,153,23,2025-02-06,2025-02-08,Bangalore,Electronics,COD,1,12780.0
902943,392,38,2024-07-21,2024-07-23,Bangalore,Beauty & Personal Care,Prepaid,1,510.0
902944,316,39,2024-04-16,2024-04-22,Bangalore,Beauty & Personal Care,COD,1,780.0
902945,218,42,2025-01-07,2025-01-10,Bangalore,Accessories,Prepaid,1,810.0
902946,36,39,2024-12-09,2024-12-13,Pune,Beauty & Personal Care,Prepaid,1,780.0
902947,31,43,2024-07-19,2024-07-25,Mumbai,Accessories,Prepaid,1,910.0
902948,506,7,2024-08-19,2024-08-23,Pune,Fashion & Apparel,COD,1,2150.0
902949,115,13,2025-02-03,2025-02-09,Kochi,Footwear,Prepaid,1,3000.0
902950,32,38,2025-01-18,2025-01-24,Mumbai,Beauty & Personal Care,COD,1,510.0
902951,336,9,2024-12-30,2025-01-04,Chennai,Footwear,Prepaid,3,10110.0
902952,535,9,2024-10-10,2024-10-16,Bangalore,Footwear,Prepaid,2,6740.0
902953,289,20,2024-07-13,2024-07-19,Delhi NCR,Electronics,COD,1,12810.0
902954,551,48,2024-08-05,2024-08-11,Hyderabad,Accessories,COD,1,1560.0
902955,448,8,2025-02-12,2025-02-15,Pune,Fashion & Apparel,Prepaid,1,1870.0
902956,250,45,2025-02-21,2025-02-24,Delhi NCR,Accessories,COD,2,2580.0
902957,85,33,2024-04-22,2024-04-28,Pune,Beauty & Personal Care,COD,3,2220.0
902958,259,5,2024-04-22,2024-04-28,Bangalore,Fashion & Apparel,COD,1,1960.0
902959,405,32,2024-04-11,2024-04-13,Pune,Home & Kitchen,Prepaid,1,1990.0
902960,72,27,2024-06-04,2024-06-09,Mumbai,Home & Kitchen,COD,1,1080.0
902961,449,21,2025-01-16,2025-01-21,Mumbai,Electronics,COD,1,9950.0
902962,321,25,2024-09-19,2024-09-24,Chennai,Home & Kitchen,Prepaid,1,3150.0
902963,252,15,2024-09-23,2024-09-26,Kochi,Footwear,COD,1,3740.0
902964,190,17,2024-07-28,2024-07-30,Delhi NCR,Electronics,Prepaid,1,13790.0
902965,92,42,2024-07-03,2024-07-08,Hyderabad,Accessories,Prepaid,1,810.0
902966,588,13,2024-10-18,2024-10-20,Mumbai,Footwear,COD,1,3000.0
902967,391,41,2025-01-15,2025-01-17,Pune,Accessories,COD,2,2780.0
902968,166,9,2024-10-16,2024-10-18,Bangalore,Footwear,COD,1,3370.0
902969,190,7,2024-12-31,2025-01-05,Delhi NCR,Fashion & Apparel,COD,1,2150.0
902970,124,8,2024-08-21,2024-08-23,Chennai,Fashion & Apparel,Prepaid,1,1870.0
902971,338,15,2024-08-13,2024-08-17,Bangalore,Footwear,COD,1,3740.0
902972,24,15,2024-08-11,2024-08-14,Mumbai,Footwear,COD,1,3740.0
902973,337,33,2024-11-11,2024-11-16,Bangalore,Beauty & Personal Care,COD,1,740.0
902974,491,18,2025-01-05,2025-01-08,Delhi NCR,Electronics,Prepaid,1,13140.0
902975,329,1,2024-06-08,2024-06-12,Hyderabad,Fashion & Apparel,Prepaid,1,1110.0
902976,391,10,2024-06-16,2024-06-19,Pune,Footwear,COD,1,3700.0
902977,178,9,2024-10-12,2024-10-17,Chennai,Footwear,Prepaid,1,3370.0
902978,557,17,2024-10-14,2024-10-18,Mumbai,Electronics,Prepaid,2,27580.0
902979,298,2,2024-06-23,2024-06-26,Mumbai,Fashion & Apparel,COD,1,1190.0
902980,514,13,2024-07-18,2024-07-20,Chennai,Footwear,COD,1,3000.0
902981,449,34,2024-05-07,2024-05-10,Mumbai,Beauty & Personal Care,Prepaid,2,820.0
902982,68,28,2025-02-23,2025-03-01,Bangalore,Home & Kitchen,COD,1,3170.0
902983,374,2,2024-12-11,2024-12-14,Chennai,Fashion & Apparel,COD,1,1190.0
902984,429,46,2025-03-15,2025-03-18,Bangalore,Accessories,Prepaid,1,1320.0
902985,127,40,2024-12-15,2024-12-17,Hyderabad,Beauty & Personal Care,COD,1,540.0
902986,536,29,2024-06-08,2024-06-10,Chennai,Home & Kitchen,COD,1,2450.0
902987,329,29,2024-08-25,2024-08-28,Hyderabad,Home & Kitchen,Prepaid,2,4900.0
902988,189,12,2024-09-11,2024-09-15,Bangalore,Footwear,Prepaid,1,2600.0
902989,249,8,2024-11-06,2024-11-09,Pune,Fashion & Apparel,Prepaid,1,1870.0
902990,578,41,2024-07-31,2024-08-06,Delhi NCR,Accessories,Prepaid,1,1390.0
902991,538,13,2025-02-02,2025-02-04,Bangalore,Footwear,COD,1,3000.0
902992,513,34,2024-05-11,2024-05-14,Chennai,Beauty & Personal Care,Prepaid,1,410.0
902993,115,38,2024-06-05,2024-06-07,Kochi,Beauty & Personal Care,COD,2,1020.0
902994,272,14,2025-03-09,2025-03-15,Delhi NCR,Footwear,Prepaid,1,2370.0
902995,524,20,2024-05-04,2024-05-06,Pune,Electronics,COD,1,12810.0
902996,150,9,2025-02-25,2025-03-02,Kochi,Footwear,Prepaid,1,3370.0
902997,161,16,2024-04-09,2024-04-11,Bangalore,Footwear,Prepaid,1,3900.0
902998,494,32,2024-08-14,2024-08-16,Bangalore,Home & Kitchen,COD,1,1990.0
902999,118,48,2025-01-14,2025-01-16,Delhi NCR,Accessories,COD,1,1560.0
903000,170,27,2024-05-05,2024-05-08,Bangalore,Home & Kitchen,COD,1,1080.0
903001,524,47,2024-11-24,2024-11-28,Pune,Accessories,Prepaid,1,890.0
903002,273,9,2025-01-10,2025-01-15,Hyderabad,Footwear,Prepaid,1,3370.0
903003,567,23,2024-07-11,2024-07-17,Mumbai,Electronics,COD,2,25560.0
903004,186,43,2024-11-29,2024-12-01,Hyderabad,Accessories,Prepaid,1,910.0
903005,564,32,2025-03-21,2025-03-26,Mumbai,Home & Kitchen,COD,1,1990.0
903006,552,43,2024-05-31,2024-06-06,Chennai,Accessories,Prepaid,1,910.0
903007,455,19,2024-10-31,2024-11-06,Mumbai,Electronics,Prepaid,1,10800.0
903008,58,20,2024-08-22,2024-08-28,Chennai,Electronics,Prepaid,3,38430.0
903009,194,4,2025-03-20,2025-03-26,Delhi NCR,Fashion & Apparel,Prepaid,1,970.0
903010,452,34,2024-09-16,2024-09-18,Bangalore,Beauty & Personal Care,Prepaid,1,410.0
903011,328,33,2025-02-14,2025-02-19,Delhi NCR,Beauty & Personal Care,Prepaid,1,740.0
903012,136,26,2024-10-25,2024-10-29,Bangalore,Home & Kitchen,Prepaid,1,2250.0
903013,541,2,2024-09-06,2024-09-10,Bangalore,Fashion & Apparel,COD,1,1190.0
903014,508,8,2024-10-11,2024-10-16,Mumbai,Fashion & Apparel,COD,2,3740.0
903015,118,18,2024-07-16,2024-07-18,Delhi NCR,Electronics,Prepaid,1,13140.0
903016,208,2,2025-02-12,2025-02-17,Bangalore,Fashion & Apparel,Prepaid,1,1190.0
903017,527,13,2024-08-17,2024-08-22,Bangalore,Footwear,Prepaid,1,3000.0
903018,355,1,2024-07-06,2024-07-10,Delhi NCR,Fashion & Apparel,COD,1,1110.0
903019,139,31,2024-06-14,2024-06-20,Delhi NCR,Home & Kitchen,COD,1,1740.0
903020,552,3,2024-06-06,2024-06-10,Chennai,Fashion & Apparel,COD,1,1770.0
903021,197,6,2024-05-22,2024-05-27,Hyderabad,Fashion & Apparel,COD,1,1510.0
903022,465,31,2025-02-05,2025-02-11,Bangalore,Home & Kitchen,COD,2,3480.0
903023,195,13,2024-05-17,2024-05-19,Mumbai,Footwear,Prepaid,3,9000.0
903024,111,4,2024-11-12,2024-11-17,Bangalore,Fashion & Apparel,COD,2,1940.0
903025,582,8,2024-09-21,2024-09-24,Hyderabad,Fashion & Apparel,Prepaid,3,5610.0
903026,311,25,2024-11-08,2024-11-12,Mumbai,Home & Kitchen,Prepaid,1,3150.0
903027,94,25,2024-06-05,2024-06-09,Delhi NCR,Home & Kitchen,Prepaid,1,3150.0
903028,498,13,2024-08-03,2024-08-07,Mumbai,Footwear,COD,2,6000.0
903029,456,27,2024-06-27,2024-07-01,Bangalore,Home & Kitchen,COD,1,1080.0
903030,269,5,2024-08-19,2024-08-22,Pune,Fashion & Apparel,Prepaid,2,3920.0
903031,359,34,2024-05-26,2024-05-30,Pune,Beauty & Personal Care,Prepaid,1,410.0
903032,410,34,2025-01-03,2025-01-09,Bangalore,Beauty & Personal Care,Prepaid,3,1230.0
903033,157,18,2024-07-13,2024-07-17,Pune,Electronics,Prepaid,1,13140.0
903034,345,13,2024-04-26,2024-04-30,Bangalore,Footwear,COD,2,6000.0
903035,222,21,2025-03-18,2025-03-23,Bangalore,Electronics,Prepaid,1,9950.0
903036,470,31,2024-06-22,2024-06-25,Kochi,Home & Kitchen,Prepaid,1,1740.0
903037,128,46,2025-01-16,2025-01-19,Mumbai,Accessories,Prepaid,1,1320.0
903038,575,21,2024-06-16,2024-06-20,Mumbai,Electronics,Prepaid,1,9950.0
903039,441,9,2024-09-21,2024-09-24,Hyderabad,Footwear,COD,1,3370.0
903040,424,3,2024-07-30,2024-08-04,Bangalore,Fashion & Apparel,Prepaid,1,1770.0
903041,450,42,2024-04-19,2024-04-22,Pune,Accessories,COD,1,810.0
903042,597,39,2025-03-24,2025-03-27,Mumbai,Beauty & Personal Care,Prepaid,1,780.0
903043,341,28,2025-02-16,2025-02-21,Hyderabad,Home & Kitchen,COD,1,3170.0
903044,566,28,2025-01-12,2025-01-15,Pune,Home & Kitchen,Prepaid,1,3170.0
903045,54,24,2025-01-27,2025-02-02,Chennai,Electronics,Prepaid,2,22900.0
903046,82,2,2024-12-01,2024-12-06,Hyderabad,Fashion & Apparel,COD,1,1190.0
903047,13,20,2024-12-25,2024-12-28,Kochi,Electronics,COD,1,12810.0
903048,260,41,2024-06-17,2024-06-20,Pune,Accessories,Prepaid,1,1390.0
903049,144,43,2024-10-28,2024-11-01,Kochi,Accessories,COD,1,910.0
903050,588,2,2024-10-11,2024-10-16,Mumbai,Fashion & Apparel,COD,1,1190.0
903051,582,4,2024-10-15,2024-10-21,Hyderabad,Fashion & Apparel,COD,2,1940.0
903052,10,4,2024-04-20,2024-04-25,Pune,Fashion & Apparel,COD,1,970.0
903053,270,8,2024-09-27,2024-10-02,Mumbai,Fashion & Apparel,Prepaid,2,3740.0
903054,502,6,2025-02-19,2025-02-22,Mumbai,Fashion & Apparel,Prepaid,2,3020.0
903055,199,2,2024-05-19,2024-05-24,Bangalore,Fashion & Apparel,Prepaid,2,2380.0
903056,296,8,2024-10-14,2024-10-17,Bangalore,Fashion & Apparel,Prepaid,1,1870.0
903057,368,38,2025-02-13,2025-02-17,Kochi,Beauty & Personal Care,COD,2,1020.0
903058,62,47,2025-02-16,2025-02-19,Pune,Accessories,Prepaid,1,890.0
903059,202,10,2024-12-29,2025-01-04,Mumbai,Footwear,Prepaid,1,3700.0
903060,103,9,2024-06-28,2024-06-30,Bangalore,Footwear,Prepaid,1,3370.0
903061,530,20,2024-04-23,2024-04-25,Delhi NCR,Electronics,COD,1,12810.0
903062,261,21,2025-01-15,2025-01-19,Bangalore,Electronics,COD,2,19900.0
903063,446,20,2025-01-14,2025-01-19,Pune,Electronics,COD,2,25620.0
903064,447,3,2025-03-09,2025-03-14,Bangalore,Fashion & Apparel,Prepaid,1,1770.0
903065,466,37,2025-03-05,2025-03-10,Hyderabad,Beauty & Personal Care,COD,1,810.0
903066,186,11,2024-05-15,2024-05-17,Hyderabad,Footwear,Prepaid,3,7680.0
903067,444,13,2024-11-23,2024-11-25,Mumbai,Footwear,Prepaid,1,3000.0
903068,33,18,2025-03-21,2025-03-26,Bangalore,Electronics,Prepaid,1,13140.0
903069,500,42,2024-07-20,2024-07-23,Delhi NCR,Accessories,Prepaid,2,1620.0
903070,130,7,2025-02-07,2025-02-12,Hyderabad,Fashion & Apparel,Prepaid,1,2150.0
903071,62,27,2024-07-02,2024-07-08,Pune,Home & Kitchen,Prepaid,1,1080.0
903072,538,1,2024-09-04,2024-09-06,Bangalore,Fashion & Apparel,Prepaid,1,1110.0
903073,507,22,2025-02-24,2025-02-28,Bangalore,Electronics,COD,1,13330.0
903074,237,34,2025-03-01,2025-03-07,Hyderabad,Beauty & Personal Care,Prepaid,1,410.0
903075,396,34,2024-12-02,2024-12-06,Delhi NCR,Beauty & Personal Care,COD,2,820.0
903076,272,40,2024-05-28,2024-05-31,Delhi NCR,Beauty & Personal Care,Prepaid,1,540.0
903077,372,20,2024-04-09,2024-04-11,Bangalore,Electronics,Prepaid,1,12810.0
903078,110,9,2024-12-24,2024-12-28,Pune,Footwear,Prepaid,1,3370.0
903079,189,11,2024-12-24,2024-12-30,Bangalore,Footwear,Prepaid,1,2560.0
903080,350,39,2024-12-20,2024-12-24,Hyderabad,Beauty & Personal Care,Prepaid,1,780.0
903081,264,2,2024-04-03,2024-04-08,Mumbai,Fashion & Apparel,COD,1,1190.0
903082,398,44,2025-01-23,2025-01-29,Pune,Accessories,Prepaid,1,1130.0
903083,454,12,2024-09-03,2024-09-05,Mumbai,Footwear,Prepaid,1,2600.0
903084,82,4,2024-10-07,2024-10-11,Hyderabad,Fashion & Apparel,Prepaid,1,970.0
903085,236,1,2024-09-10,2024-09-16,Mumbai,Fashion & Apparel,Prepaid,1,1110.0
903086,36,34,2024-09-18,2024-09-22,Pune,Beauty & Personal Care,Prepaid,1,410.0
903087,427,43,2024-09-27,2024-09-29,Bangalore,Accessories,Prepaid,1,910.0
903088,211,12,2025-03-19,2025-03-24,Bangalore,Footwear,COD,2,5200.0
903089,36,4,2024-12-26,2024-12-28,Pune,Fashion & Apparel,Prepaid,2,1940.0
903090,152,20,2024-05-28,2024-06-03,Hyderabad,Electronics,COD,1,12810.0
903091,359,40,2025-03-11,2025-03-15,Pune,Beauty & Personal Care,COD,1,540.0
903092,339,38,2024-10-25,2024-10-27,Delhi NCR,Beauty & Personal Care,Prepaid,1,510.0
903093,454,44,2025-01-27,2025-02-01,Mumbai,Accessories,COD,1,1130.0
903094,174,2,2024-11-18,2024-11-20,Bangalore,Fashion & Apparel,Prepaid,2,2380.0
903095,541,33,2024-09-14,2024-09-16,Bangalore,Beauty & Personal Care,Prepaid,1,740.0
903096,49,44,2024-08-08,2024-08-10,Hyderabad,Accessories,COD,1,1130.0
903097,270,26,2024-09-28,2024-10-03,Mumbai,Home & Kitchen,Prepaid,1,2250.0
903098,568,17,2025-02-08,2025-02-13,Kochi,Electronics,Prepaid,1,13790.0
903099,391,3,2024-11-15,2024-11-21,Pune,Fashion & Apparel,Prepaid,1,1770.0
903100,37,5,2025-02-28,2025-03-03,Kochi,Fashion & Apparel,COD,1,1960.0
903101,565,30,2024-05-20,2024-05-25,Pune,Home & Kitchen,COD,1,2550.0
903102,379,48,2025-03-22,2025-03-28,Bangalore,Accessories,COD,1,1560.0
903103,60,19,2024-06-10,2024-06-14,Bangalore,Electronics,Prepaid,1,10800.0
903104,516,11,2024-07-27,2024-07-30,Mumbai,Footwear,COD,2,5120.0
903105,543,33,2024-12-18,2024-12-21,Chennai,Beauty & Personal Care,Prepaid,3,2220.0
903106,353,5,2024-10-21,2024-10-24,Bangalore,Fashion & Apparel,COD,2,3920.0
903107,471,21,2025-01-17,2025-01-22,Hyderabad,Electronics,Prepaid,1,9950.0
903108,106,7,2025-01-23,2025-01-25,Delhi NCR,Fashion & Apparel,COD,1,2150.0
903109,303,23,2024-10-05,2024-10-08,Mumbai,Electronics,Prepaid,3,38340.0
903110,1,12,2024-11-17,2024-11-19,Delhi NCR,Footwear,COD,1,2600.0
903111,83,21,2024-04-23,2024-04-26,Delhi NCR,Electronics,COD,1,9950.0
903112,204,44,2024-10-31,2024-11-05,Chennai,Accessories,COD,1,1130.0
903113,261,6,2024-08-22,2024-08-25,Bangalore,Fashion & Apparel,Prepaid,1,1510.0
903114,383,34,2024-06-29,2024-07-01,Mumbai,Beauty & Personal Care,COD,1,410.0
903115,500,7,2024-11-19,2024-11-25,Delhi NCR,Fashion & Apparel,Prepaid,2,4300.0
903116,214,32,2025-01-13,2025-01-19,Bangalore,Home & Kitchen,COD,1,1990.0
903117,382,28,2024-04-10,2024-04-13,Pune,Home & Kitchen,Prepaid,1,3170.0
903118,208,12,2025-01-08,2025-01-10,Bangalore,Footwear,Prepaid,1,2600.0
903119,209,48,2024-08-26,2024-08-30,Bangalore,Accessories,COD,1,1560.0
903120,271,34,2024-10-28,2024-11-01,Chennai,Beauty & Personal Care,Prepaid,1,410.0
903121,162,46,2024-05-09,2024-05-13,Pune,Accessories,Prepaid,1,1320.0
903122,130,46,2025-02-12,2025-02-15,Hyderabad,Accessories,Prepaid,2,2640.0
903123,515,32,2025-03-20,2025-03-22,Bangalore,Home & Kitchen,Prepaid,1,1990.0
903124,568,15,2024-11-26,2024-11-29,Kochi,Footwear,Prepaid,1,3740.0
903125,378,43,2024-08-15,2024-08-17,Kochi,Accessories,Prepaid,1,910.0
903126,474,42,2025-03-03,2025-03-06,Hyderabad,Accessories,Prepaid,1,810.0
903127,469,36,2025-01-30,2025-02-02,Delhi NCR,Beauty & Personal Care,COD,1,1130.0
903128,509,48,2024-07-03,2024-07-07,Mumbai,Accessories,COD,1,1560.0
903129,34,34,2024-12-12,2024-12-14,Bangalore,Beauty & Personal Care,Prepaid,1,410.0
903130,213,31,2024-09-26,2024-09-30,Bangalore,Home & Kitchen,Prepaid,1,1740.0
903131,64,48,2024-07-28,2024-08-03,Hyderabad,Accessories,Prepaid,1,1560.0
903132,306,48,2025-01-17,2025-01-22,Chennai,Accessories,Prepaid,1,1560.0
903133,476,22,2024-12-27,2024-12-31,Mumbai,Electronics,Prepaid,1,13330.0
903134,395,23,2024-10-09,2024-10-11,Delhi NCR,Electronics,COD,1,12780.0
903135,504,40,2025-02-13,2025-02-18,Pune,Beauty & Personal Care,Prepaid,2,1080.0
903136,592,25,2025-03-14,2025-03-16,Mumbai,Home & Kitchen,Prepaid,1,3150.0
903137,291,10,2024-09-03,2024-09-05,Hyderabad,Footwear,COD,2,7400.0
903138,523,39,2024-05-24,2024-05-29,Bangalore,Beauty & Personal Care,Prepaid,1,780.0
903139,294,16,2024-08-21,2024-08-25,Hyderabad,Footwear,COD,2,7800.0
903140,12,16,2024-10-04,2024-10-09,Pune,Footwear,COD,1,3900.0
903141,149,14,2024-11-12,2024-11-15,Mumbai,Footwear,COD,1,2370.0
903142,413,32,2024-11-12,2024-11-16,Delhi NCR,Home & Kitchen,Prepaid,1,1990.0
903143,518,31,2024-08-21,2024-08-23,Bangalore,Home & Kitchen,Prepaid,1,1740.0
903144,89,15,2024-09-19,2024-09-23,Delhi NCR,Footwear,COD,1,3740.0
903145,28,33,2024-04-06,2024-04-12,Mumbai,Beauty & Personal Care,COD,1,740.0
903146,154,19,2025-03-25,2025-03-29,Chennai,Electronics,Prepaid,1,10800.0
903147,583,23,2025-03-10,2025-03-16,Bangalore,Electronics,Prepaid,2,25560.0
903148,136,21,2024-12-27,2025-01-02,Bangalore,Electronics,Prepaid,2,19900.0
903149,230,36,2024-10-20,2024-10-25,Bangalore,Beauty & Personal Care,Prepaid,1,1130.0
903150,75,34,2024-10-24,2024-10-30,Hyderabad,Beauty & Personal Care,Prepaid,1,410.0
903151,320,12,2024-05-24,2024-05-29,Bangalore,Footwear,Prepaid,1,2600.0
903152,569,40,2025-03-04,2025-03-08,Bangalore,Beauty & Personal Care,COD,1,540.0
903153,339,40,2025-01-04,2025-01-10,Delhi NCR,Beauty & Personal Care,Prepaid,1,540.0
903154,154,8,2024-11-27,2024-11-29,Chennai,Fashion & Apparel,Prepaid,1,1870.0
903155,423,2,2024-05-18,2024-05-24,Bangalore,Fashion & Apparel,Prepaid,1,1190.0
903156,347,32,2024-09-29,2024-10-04,Bangalore,Home & Kitchen,COD,1,1990.0
903157,135,4,2024-08-06,2024-08-11,Hyderabad,Fashion & Apparel,Prepaid,2,1940.0
903158,245,9,2024-08-05,2024-08-10,Mumbai,Footwear,Prepaid,1,3370.0
903159,230,11,2025-01-01,2025-01-04,Bangalore,Footwear,Prepaid,1,2560.0
903160,369,41,2024-12-07,2024-12-11,Delhi NCR,Accessories,Prepaid,2,2780.0
903161,353,2,2024-10-30,2024-11-04,Bangalore,Fashion & Apparel,Prepaid,1,1190.0
903162,84,12,2024-07-04,2024-07-07,Kochi,Footwear,COD,1,2600.0
903163,69,18,2024-09-04,2024-09-08,Bangalore,Electronics,COD,2,26280.0
903164,54,44,2025-01-11,2025-01-14,Chennai,Accessories,Prepaid,1,1130.0
903165,54,14,2025-02-09,2025-02-13,Chennai,Footwear,COD,1,2370.0
903166,14,10,2024-10-08,2024-10-11,Mumbai,Footwear,COD,1,3700.0
903167,16,22,2025-01-04,2025-01-10,Delhi NCR,Electronics,COD,2,26660.0
903168,596,43,2025-03-16,2025-03-22,Mumbai,Accessories,COD,1,910.0
903169,180,7,2025-01-31,2025-02-06,Pune,Fashion & Apparel,COD,1,2150.0
903170,80,25,2024-10-17,2024-10-22,Mumbai,Home & Kitchen,COD,1,3150.0
903171,294,21,2024-09-03,2024-09-06,Hyderabad,Electronics,Prepaid,1,9950.0
903172,302,38,2024-05-27,2024-06-02,Bangalore,Beauty & Personal Care,COD,1,510.0
903173,388,22,2025-03-04,2025-03-08,Mumbai,Electronics,Prepaid,1,13330.0
903174,157,39,2024-06-23,2024-06-26,Pune,Beauty & Personal Care,COD,2,1560.0
903175,561,18,2024-06-24,2024-06-27,Pune,Electronics,Prepaid,1,13140.0
903176,260,40,2024-05-02,2024-05-08,Pune,Beauty & Personal Care,COD,1,540.0
903177,352,17,2024-04-07,2024-04-12,Delhi NCR,Electronics,Prepaid,1,13790.0
903178,498,28,2024-12-28,2025-01-01,Mumbai,Home & Kitchen,COD,1,3170.0
903179,5,10,2024-06-22,2024-06-27,Mumbai,Footwear,Prepaid,1,3700.0
903180,24,47,2025-03-29,2025-03-31,Mumbai,Accessories,Prepaid,1,890.0
903181,273,3,2024-08-04,2024-08-06,Hyderabad,Fashion & Apparel,COD,3,5310.0
903182,579,15,2024-04-08,2024-04-14,Hyderabad,Footwear,Prepaid,1,3740.0
903183,143,18,2024-12-14,2024-12-18,Bangalore,Electronics,COD,1,13140.0
903184,357,41,2024-04-27,2024-05-02,Mumbai,Accessories,Prepaid,2,2780.0
903185,548,6,2024-12-30,2025-01-01,Delhi NCR,Fashion & Apparel,COD,1,1510.0
903186,586,11,2025-02-19,2025-02-21,Bangalore,Footwear,Prepaid,1,2560.0
903187,525,26,2025-02-21,2025-02-23,Pune,Home & Kitchen,COD,3,6750.0
903188,212,48,2024-08-13,2024-08-15,Bangalore,Accessories,Prepaid,1,1560.0
903189,582,38,2024-07-20,2024-07-23,Hyderabad,Beauty & Personal Care,COD,1,510.0
903190,308,16,2024-10-14,2024-10-16,Kochi,Footwear,Prepaid,3,11700.0
903191,70,34,2024-07-16,2024-07-19,Pune,Beauty & Personal Care,COD,1,410.0
903192,273,6,2024-12-22,2024-12-26,Hyderabad,Fashion & Apparel,COD,1,1510.0
903193,121,28,2025-02-22,2025-02-27,Bangalore,Home & Kitchen,Prepaid,2,6340.0
903194,217,21,2024-06-26,2024-07-02,Mumbai,Electronics,Prepaid,1,9950.0
903195,564,25,2025-01-11,2025-01-14,Mumbai,Home & Kitchen,Prepaid,1,3150.0
903196,563,23,2024-08-04,2024-08-10,Pune,Electronics,Prepaid,1,12780.0
903197,165,20,2024-10-21,2024-10-23,Chennai,Electronics,Prepaid,2,25620.0
903198,68,48,2024-06-23,2024-06-26,Bangalore,Accessories,COD,1,1560.0
903199,62,44,2025-01-07,2025-01-10,Pune,Accessories,COD,1,1130.0
903200,305,19,2024-05-17,2024-05-21,Bangalore,Electronics,Prepaid,1,10800.0
903201,88,8,2025-02-22,2025-02-27,Chennai,Fashion & Apparel,Prepaid,1,1870.0
903202,583,5,2025-01-23,2025-01-26,Bangalore,Fashion & Apparel,COD,1,1960.0
903203,290,18,2024-05-14,2024-05-16,Delhi NCR,Electronics,COD,1,13140.0
903204,600,29,2024-12-25,2024-12-29,Mumbai,Home & Kitchen,Prepaid,1,2450.0
903205,405,35,2024-10-03,2024-10-09,Pune,Beauty & Personal Care,Prepaid,1,590.0
903206,517,26,2024-09-02,2024-09-07,Chennai,Home & Kitchen,Prepaid,1,2250.0
903207,1,7,2024-11-18,2024-11-23,Delhi NCR,Fashion & Apparel,COD,1,2150.0
903208,541,41,2025-03-12,2025-03-18,Bangalore,Accessories,COD,1,1390.0
903209,112,16,2024-09-04,2024-09-07,Kochi,Footwear,Prepaid,1,3900.0
903210,17,27,2025-02-13,2025-02-18,Kochi,Home & Kitchen,COD,1,1080.0
903211,351,23,2024-11-20,2024-11-25,Pune,Electronics,COD,1,12780.0
903212,557,35,2025-02-14,2025-02-19,Mumbai,Beauty & Personal Care,Prepaid,1,590.0
903213,290,20,2024-04-06,2024-04-12,Delhi NCR,Electronics,COD,1,12810.0
903214,419,46,2024-06-29,2024-07-05,Delhi NCR,Accessories,Prepaid,1,1320.0
903215,428,11,2024-12-16,2024-12-22,Hyderabad,Footwear,COD,2,5120.0
903216,573,47,2025-01-28,2025-01-30,Mumbai,Accessories,Prepaid,1,890.0
903217,215,44,2024-08-24,2024-08-26,Hyderabad,Accessories,Prepaid,2,2260.0
903218,287,28,2024-12-30,2025-01-04,Pune,Home & Kitchen,Prepaid,2,6340.0
903219,538,13,2025-01-22,2025-01-28,Bangalore,Footwear,COD,1,3000.0
903220,335,7,2025-02-16,2025-02-18,Bangalore,Fashion & Apparel,COD,3,6450.0
903221,96,7,2025-01-19,2025-01-23,Mumbai,Fashion & Apparel,COD,1,2150.0
903222,367,29,2024-06-16,2024-06-19,Mumbai,Home & Kitchen,Prepaid,1,2450.0
903223,445,28,2024-04-24,2024-04-28,Chennai,Home & Kitchen,COD,1,3170.0
903224,282,41,2024-09-29,2024-10-03,Hyderabad,Accessories,Prepaid,1,1390.0
903225,498,33,2024-05-31,2024-06-06,Mumbai,Beauty & Personal Care,Prepaid,1,740.0
903226,104,46,2025-03-25,2025-03-31,Mumbai,Accessories,COD,1,1320.0
903227,195,19,2024-05-21,2024-05-25,Mumbai,Electronics,COD,1,10800.0
903228,32,42,2025-02-23,2025-02-28,Mumbai,Accessories,Prepaid,1,810.0
903229,45,37,2024-09-06,2024-09-12,Hyderabad,Beauty & Personal Care,COD,1,810.0
903230,391,40,2024-07-27,2024-07-31,Pune,Beauty & Personal Care,Prepaid,3,1620.0
903231,344,32,2024-12-17,2024-12-20,Mumbai,Home & Kitchen,COD,1,1990.0
903232,234,19,2024-08-11,2024-08-16,Bangalore,Electronics,COD,1,10800.0
903233,145,27,2025-02-26,2025-03-03,Bangalore,Home & Kitchen,COD,2,2160.0
903234,285,32,2024-12-09,2024-12-14,Chennai,Home & Kitchen,Prepaid,1,1990.0
903235,298,16,2024-07-10,2024-07-12,Mumbai,Footwear,COD,1,3900.0
903236,430,28,2024-11-19,2024-11-22,Chennai,Home & Kitchen,COD,1,3170.0
903237,293,10,2024-05-13,2024-05-17,Delhi NCR,Footwear,COD,1,3700.0
903238,429,10,2024-10-31,2024-11-03,Bangalore,Footwear,Prepaid,1,3700.0
903239,74,37,2025-01-20,2025-01-25,Hyderabad,Beauty & Personal Care,COD,3,2430.0
903240,492,12,2024-05-23,2024-05-27,Chennai,Footwear,Prepaid,1,2600.0
903241,283,35,2024-07-12,2024-07-15,Mumbai,Beauty & Personal Care,COD,1,590.0
903242,268,47,2024-10-17,2024-10-23,Delhi NCR,Accessories,Prepaid,1,890.0
903243,87,17,2024-08-09,2024-08-13,Pune,Electronics,Prepaid,1,13790.0
903244,13,25,2024-08-28,2024-09-01,Kochi,Home & Kitchen,Prepaid,1,3150.0
903245,190,30,2024-06-25,2024-07-01,Delhi NCR,Home & Kitchen,Prepaid,2,5100.0
903246,468,18,2024-07-28,2024-08-02,Chennai,Electronics,COD,1,13140.0
903247,30,34,2024-09-22,2024-09-26,Pune,Beauty & Personal Care,Prepaid,1,410.0
903248,85,24,2025-02-14,2025-02-16,Pune,Electronics,Prepaid,1,11450.0
903249,549,4,2025-02-12,2025-02-18,Kochi,Fashion & Apparel,Prepaid,3,2910.0
903250,436,43,2024-04-02,2024-04-05,Mumbai,Accessories,COD,2,1820.0
903251,204,10,2024-10-05,2024-10-11,Chennai,Footwear,COD,1,3700.0
903252,570,20,2024-09-16,2024-09-22,Hyderabad,Electronics,COD,1,12810.0
903253,503,33,2024-09-03,2024-09-05,Chennai,Beauty & Personal Care,COD,1,740.0
903254,141,47,2024-05-21,2024-05-23,Bangalore,Accessories,COD,1,890.0
903255,228,44,2024-04-17,2024-04-20,Pune,Accessories,COD,1,1130.0
903256,512,46,2024-08-29,2024-09-04,Kochi,Accessories,Prepaid,1,1320.0
903257,101,10,2024-11-25,2024-11-29,Bangalore,Footwear,Prepaid,1,3700.0
903258,513,7,2025-02-25,2025-03-02,Chennai,Fashion & Apparel,Prepaid,1,2150.0
903259,467,44,2024-05-22,2024-05-24,Hyderabad,Accessories,COD,1,1130.0
903260,401,9,2024-07-13,2024-07-15,Kochi,Footwear,COD,1,3370.0
903261,552,25,2025-02-21,2025-02-27,Chennai,Home & Kitchen,COD,1,3150.0
903262,323,35,2024-11-02,2024-11-04,Chennai,Beauty & Personal Care,Prepaid,1,590.0
903263,336,14,2024-05-24,2024-05-29,Chennai,Footwear,Prepaid,1,2370.0
903264,362,40,2025-02-14,2025-02-17,Hyderabad,Beauty & Personal Care,COD,1,540.0
903265,295,24,2024-05-16,2024-05-21,Delhi NCR,Electronics,Prepaid,2,22900.0
903266,431,7,2025-01-18,2025-01-21,Pune,Fashion & Apparel,Prepaid,2,4300.0
903267,482,2,2025-01-23,2025-01-27,Bangalore,Fashion & Apparel,Prepaid,1,1190.0
903268,498,46,2024-04-24,2024-04-29,Mumbai,Accessories,Prepaid,1,1320.0
903269,128,18,2024-04-16,2024-04-20,Mumbai,Electronics,Prepaid,1,13140.0
903270,266,8,2024-04-25,2024-05-01,Delhi NCR,Fashion & Apparel,COD,1,1870.0
903271,457,38,2025-01-21,2025-01-23,Pune,Beauty & Personal Care,Prepaid,1,510.0
903272,274,38,2024-04-08,2024-04-10,Mumbai,Beauty & Personal Care,COD,1,510.0
903273,295,45,2024-09-24,2024-09-29,Delhi NCR,Accessories,Prepaid,2,2580.0
903274,246,44,2025-02-28,2025-03-02,Pune,Accessories,COD,1,1130.0
903275,472,41,2024-09-09,2024-09-15,Bangalore,Accessories,Prepaid,1,1390.0
903276,317,31,2024-06-25,2024-06-28,Mumbai,Home & Kitchen,Prepaid,1,1740.0
903277,22,23,2024-11-16,2024-11-22,Chennai,Electronics,Prepaid,2,25560.0
903278,224,7,2024-05-25,2024-05-31,Kochi,Fashion & Apparel,COD,1,2150.0
903279,120,1,2025-03-16,2025-03-21,Pune,Fashion & Apparel,Prepaid,1,1110.0
903280,574,29,2024-04-28,2024-05-04,Mumbai,Home & Kitchen,COD,1,2450.0
903281,366,35,2024-06-10,2024-06-15,Delhi NCR,Beauty & Personal Care,Prepaid,1,590.0
903282,535,23,2025-01-14,2025-01-16,Bangalore,Electronics,Prepaid,3,38340.0
903283,242,14,2024-06-11,2024-06-15,Kochi,Footwear,Prepaid,2,4740.0
903284,256,21,2024-04-20,2024-04-26,Bangalore,Electronics,Prepaid,1,9950.0
903285,497,21,2024-04-11,2024-04-16,Mumbai,Electronics,Prepaid,3,29850.0
903286,355,32,2024-10-26,2024-10-28,Delhi NCR,Home & Kitchen,COD,1,1990.0
903287,171,44,2024-05-31,2024-06-03,Bangalore,Accessories,COD,1,1130.0
903288,35,41,2024-10-15,2024-10-18,Delhi NCR,Accessories,COD,2,2780.0
903289,595,28,2024-05-19,2024-05-23,Delhi NCR,Home & Kitchen,Prepaid,1,3170.0
903290,457,41,2024-09-27,2024-09-29,Pune,Accessories,Prepaid,1,1390.0
903291,547,47,2024-07-16,2024-07-20,Bangalore,Accessories,Prepaid,1,890.0
903292,12,33,2024-06-22,2024-06-25,Pune,Beauty & Personal Care,Prepaid,2,1480.0
903293,237,9,2025-01-21,2025-01-25,Hyderabad,Footwear,COD,2,6740.0
903294,87,7,2024-09-11,2024-09-17,Pune,Fashion & Apparel,COD,1,2150.0
903295,413,47,2024-08-24,2024-08-29,Delhi NCR,Accessories,COD,2,1780.0
903296,415,1,2025-03-22,2025-03-24,Mumbai,Fashion & Apparel,Prepaid,1,1110.0
903297,418,27,2024-11-24,2024-11-27,Hyderabad,Home & Kitchen,Prepaid,1,1080.0
903298,468,13,2024-08-20,2024-08-26,Chennai,Footwear,Prepaid,1,3000.0
903299,141,47,2024-08-14,2024-08-16,Bangalore,Accessories,Prepaid,1,890.0
903300,285,23,2025-01-23,2025-01-29,Chennai,Electronics,Prepaid,1,12780.0
903301,527,39,2024-06-30,2024-07-06,Bangalore,Beauty & Personal Care,Prepaid,1,780.0
903302,505,7,2024-07-11,2024-07-17,Mumbai,Fashion & Apparel,COD,1,2150.0
903303,528,22,2025-02-24,2025-03-01,Bangalore,Electronics,Prepaid,1,13330.0
903304,160,8,2025-02-02,2025-02-08,Pune,Fashion & Apparel,Prepaid,2,3740.0
903305,465,47,2025-01-21,2025-01-25,Bangalore,Accessories,Prepaid,1,890.0
903306,225,25,2024-10-11,2024-10-14,Bangalore,Home & Kitchen,Prepaid,1,3150.0
903307,62,3,2025-01-05,2025-01-11,Pune,Fashion & Apparel,Prepaid,2,3540.0
903308,540,14,2024-12-04,2024-12-06,Delhi NCR,Footwear,Prepaid,1,2370.0
903309,356,14,2024-09-22,2024-09-25,Mumbai,Footwear,COD,1,2370.0
903310,239,4,2024-12-03,2024-12-07,Kochi,Fashion & Apparel,COD,1,970.0
903311,462,33,2024-05-19,2024-05-25,Hyderabad,Beauty & Personal Care,COD,1,740.0
903312,314,1,2025-03-18,2025-03-23,Kochi,Fashion & Apparel,Prepaid,1,1110.0
903313,563,27,2025-03-21,2025-03-23,Pune,Home & Kitchen,Prepaid,1,1080.0
903314,147,23,2024-07-26,2024-07-28,Mumbai,Electronics,Prepaid,1,12780.0
903315,429,34,2024-07-18,2024-07-24,Bangalore,Beauty & Personal Care,COD,1,410.0
903316,257,26,2024-11-13,2024-11-16,Hyderabad,Home & Kitchen,COD,2,4500.0
903317,522,43,2024-05-09,2024-05-14,Hyderabad,Accessories,COD,1,910.0
903318,46,5,2024-07-07,2024-07-10,Bangalore,Fashion & Apparel,COD,1,1960.0
903319,313,48,2024-12-19,2024-12-22,Bangalore,Accessories,Prepaid,1,1560.0
903320,117,23,2024-07-02,2024-07-05,Mumbai,Electronics,Prepaid,1,12780.0
903321,417,22,2024-08-31,2024-09-06,Mumbai,Electronics,COD,1,13330.0
903322,233,30,2024-06-05,2024-06-07,Chennai,Home & Kitchen,Prepaid,1,2550.0
903323,51,28,2024-10-01,2024-10-07,Kochi,Home & Kitchen,Prepaid,1,3170.0
903324,159,16,2024-12-25,2024-12-27,Bangalore,Footwear,COD,2,7800.0
903325,596,37,2025-01-20,2025-01-26,Mumbai,Beauty & Personal Care,Prepaid,1,810.0
903326,384,32,2025-02-12,2025-02-18,Chennai,Home & Kitchen,COD,1,1990.0
903327,44,4,2024-11-09,2024-11-13,Chennai,Fashion & Apparel,COD,1,970.0
903328,357,27,2024-05-16,2024-05-22,Mumbai,Home & Kitchen,Prepaid,1,1080.0
903329,531,40,2024-04-25,2024-04-29,Kochi,Beauty & Personal Care,COD,2,1080.0
903330,105,34,2024-07-08,2024-07-14,Mumbai,Beauty & Personal Care,COD,2,820.0
903331,561,43,2024-12-21,2024-12-24,Pune,Accessories,COD,1,910.0
903332,200,12,2024-11-03,2024-11-07,Delhi NCR,Footwear,Prepaid,3,7800.0
903333,25,10,2024-11-28,2024-12-04,Mumbai,Footwear,Prepaid,1,3700.0
903334,305,15,2025-01-27,2025-02-02,Bangalore,Footwear,Prepaid,1,3740.0
903335,360,14,2024-12-11,2024-12-17,Delhi NCR,Footwear,COD,1,2370.0
903336,402,48,2025-02-21,2025-02-25,Chennai,Accessories,Prepaid,1,1560.0
903337,302,17,2025-01-28,2025-01-31,Bangalore,Electronics,Prepaid,1,13790.0
903338,584,32,2025-03-03,2025-03-05,Delhi NCR,Home & Kitchen,Prepaid,1,1990.0
903339,81,29,2024-12-15,2024-12-20,Chennai,Home & Kitchen,Prepaid,2,4900.0
903340,124,47,2024-12-19,2024-12-25,Chennai,Accessories,Prepaid,1,890.0
903341,324,23,2024-09-06,2024-09-10,Mumbai,Electronics,COD,3,38340.0
903342,595,36,2025-03-08,2025-03-14,Delhi NCR,Beauty & Personal Care,Prepaid,2,2260.0
903343,430,42,2024-08-17,2024-08-23,Chennai,Accessories,Prepaid,1,810.0
903344,541,36,2024-10-29,2024-11-02,Bangalore,Beauty & Personal Care,Prepaid,1,1130.0
903345,216,41,2025-02-13,2025-02-17,Delhi NCR,Accessories,Prepaid,1,1390.0
903346,23,31,2024-10-27,2024-11-01,Pune,Home & Kitchen,Prepaid,1,1740.0
903347,549,42,2024-11-03,2024-11-05,Kochi,Accessories,Prepaid,1,810.0
903348,547,33,2025-03-19,2025-03-24,Bangalore,Beauty & Personal Care,Prepaid,1,740.0
903349,178,35,2024-10-20,2024-10-24,Chennai,Beauty & Personal Care,COD,1,590.0
903350,327,7,2024-11-14,2024-11-16,Delhi NCR,Fashion & Apparel,COD,1,2150.0
903351,276,14,2024-09-20,2024-09-25,Bangalore,Footwear,Prepaid,1,2370.0
903352,253,7,2024-07-23,2024-07-29,Bangalore,Fashion & Apparel,Prepaid,1,2150.0
903353,176,44,2025-03-29,2025-04-01,Kochi,Accessories,Prepaid,1,1130.0
903354,553,13,2025-01-10,2025-01-15,Hyderabad,Footwear,Prepaid,1,3000.0
903355,255,5,2024-10-07,2024-10-10,Kochi,Fashion & Apparel,Prepaid,1,1960.0
903356,497,27,2024-04-17,2024-04-19,Mumbai,Home & Kitchen,COD,1,1080.0
903357,14,23,2024-08-09,2024-08-12,Mumbai,Electronics,COD,1,12780.0
903358,92,43,2024-09-19,2024-09-23,Hyderabad,Accessories,COD,3,2730.0
903359,51,46,2024-04-24,2024-04-29,Kochi,Accessories,COD,1,1320.0
903360,314,46,2024-12-05,2024-12-07,Kochi,Accessories,Prepaid,1,1320.0
903361,171,31,2024-04-25,2024-04-29,Bangalore,Home & Kitchen,COD,2,3480.0
903362,146,8,2024-04-26,2024-04-29,Hyderabad,Fashion & Apparel,Prepaid,1,1870.0
903363,163,8,2024-10-21,2024-10-25,Mumbai,Fashion & Apparel,Prepaid,1,1870.0
903364,179,42,2024-06-24,2024-06-28,Hyderabad,Accessories,Prepaid,1,810.0
903365,376,24,2024-12-02,2024-12-08,Hyderabad,Electronics,Prepaid,1,11450.0
903366,148,6,2024-12-31,2025-01-03,Hyderabad,Fashion & Apparel,COD,1,1510.0
903367,584,28,2024-08-31,2024-09-02,Delhi NCR,Home & Kitchen,Prepaid,1,3170.0
903368,576,35,2024-08-01,2024-08-05,Chennai,Beauty & Personal Care,Prepaid,1,590.0
903369,99,40,2025-03-30,2025-04-05,Delhi NCR,Beauty & Personal Care,Prepaid,1,540.0
903370,75,42,2024-05-28,2024-05-31,Hyderabad,Accessories,COD,1,810.0
903371,383,26,2025-03-18,2025-03-20,Mumbai,Home & Kitchen,COD,1,2250.0
903372,145,41,2025-03-18,2025-03-23,Bangalore,Accessories,COD,1,1390.0
903373,205,26,2024-09-17,2024-09-23,Chennai,Home & Kitchen,Prepaid,1,2250.0
903374,492,34,2024-09-18,2024-09-22,Chennai,Beauty & Personal Care,Prepaid,1,410.0
903375,140,16,2025-03-13,2025-03-19,Mumbai,Footwear,Prepaid,1,3900.0
903376,424,25,2024-10-18,2024-10-20,Bangalore,Home & Kitchen,Prepaid,2,6300.0
903377,104,22,2024-11-26,2024-11-30,Mumbai,Electronics,COD,2,26660.0
903378,240,35,2025-03-21,2025-03-23,Chennai,Beauty & Personal Care,COD,1,590.0
903379,578,7,2024-07-13,2024-07-18,Delhi NCR,Fashion & Apparel,COD,1,2150.0
903380,249,4,2025-02-15,2025-02-21,Pune,Fashion & Apparel,COD,1,970.0
903381,522,45,2024-10-18,2024-10-24,Hyderabad,Accessories,COD,1,1290.0
903382,547,36,2025-01-28,2025-01-31,Bangalore,Beauty & Personal Care,COD,1,1130.0
903383,543,4,2024-07-31,2024-08-02,Chennai,Fashion & Apparel,Prepaid,2,1940.0
903384,535,40,2024-07-24,2024-07-29,Bangalore,Beauty & Personal Care,Prepaid,1,540.0
903385,289,19,2024-10-29,2024-11-01,Delhi NCR,Electronics,Prepaid,1,10800.0
903386,492,25,2024-12-28,2025-01-03,Chennai,Home & Kitchen,COD,1,3150.0
903387,349,40,2025-01-27,2025-01-31,Hyderabad,Beauty & Personal Care,Prepaid,1,540.0
903388,316,7,2025-02-08,2025-02-14,Bangalore,Fashion & Apparel,Prepaid,1,2150.0
903389,505,26,2025-02-14,2025-02-18,Mumbai,Home & Kitchen,COD,1,2250.0
903390,266,38,2024-09-07,2024-09-12,Delhi NCR,Beauty & Personal Care,Prepaid,1,510.0
903391,487,17,2024-10-30,2024-11-03,Delhi NCR,Electronics,COD,2,27580.0
903392,550,23,2024-11-26,2024-12-01,Mumbai,Electronics,COD,1,12780.0
903393,400,41,2024-05-13,2024-05-19,Chennai,Accessories,COD,1,1390.0
903394,312,12,2024-06-14,2024-06-19,Chennai,Footwear,Prepaid,1,2600.0
903395,16,37,2024-11-26,2024-11-28,Delhi NCR,Beauty & Personal Care,Prepaid,1,810.0
903396,200,33,2025-02-17,2025-02-21,Delhi NCR,Beauty & Personal Care,Prepaid,1,740.0
903397,319,3,2024-11-15,2024-11-21,Chennai,Fashion & Apparel,Prepaid,1,1770.0
903398,127,15,2024-12-26,2024-12-28,Hyderabad,Footwear,Prepaid,1,3740.0
903399,301,43,2025-02-07,2025-02-10,Bangalore,Accessories,Prepaid,2,1820.0
903400,529,25,2024-05-25,2024-05-30,Pune,Home & Kitchen,COD,1,3150.0
903401,282,35,2025-02-02,2025-02-08,Hyderabad,Beauty & Personal Care,COD,1,590.0
903402,106,33,2024-09-21,2024-09-27,Delhi NCR,Beauty & Personal Care,Prepaid,1,740.0
903403,118,29,2024-12-04,2024-12-09,Delhi NCR,Home & Kitchen,Prepaid,1,2450.0
903404,554,28,2025-01-14,2025-01-20,Bangalore,Home & Kitchen,COD,1,3170.0
903405,59,47,2025-03-22,2025-03-25,Delhi NCR,Accessories,Prepaid,1,890.0
903406,223,13,2024-04-14,2024-04-20,Pune,Footwear,COD,1,3000.0
903407,513,24,2024-04-14,2024-04-19,Chennai,Electronics,Prepaid,1,11450.0
903408,588,43,2024-06-28,2024-07-01,Mumbai,Accessories,Prepaid,1,910.0
903409,89,29,2024-05-17,2024-05-23,Delhi NCR,Home & Kitchen,COD,1,2450.0
903410,256,12,2024-10-26,2024-10-29,Bangalore,Footwear,Prepaid,2,5200.0
903411,406,20,2024-07-27,2024-08-02,Pune,Electronics,Prepaid,1,12810.0
903412,195,20,2024-09-29,2024-10-03,Mumbai,Electronics,Prepaid,1,12810.0
903413,568,32,2024-06-23,2024-06-28,Kochi,Home & Kitchen,COD,1,1990.0
903414,8,22,2025-03-06,2025-03-12,Delhi NCR,Electronics,COD,1,13330.0
903415,202,15,2025-03-04,2025-03-10,Mumbai,Footwear,COD,1,3740.0
903416,35,27,2024-06-04,2024-06-07,Delhi NCR,Home & Kitchen,Prepaid,1,1080.0
903417,399,44,2024-10-25,2024-10-27,Hyderabad,Accessories,Prepaid,2,2260.0
903418,550,4,2024-07-10,2024-07-12,Mumbai,Fashion & Apparel,Prepaid,3,2910.0
903419,319,17,2024-11-25,2024-11-28,Chennai,Electronics,COD,3,41370.0
903420,155,12,2024-07-29,2024-08-02,Chennai,Footwear,COD,1,2600.0
903421,310,25,2024-12-14,2024-12-20,Chennai,Home & Kitchen,Prepaid,1,3150.0
903422,215,36,2024-10-15,2024-10-18,Hyderabad,Beauty & Personal Care,COD,2,2260.0
903423,118,7,2024-05-21,2024-05-26,Delhi NCR,Fashion & Apparel,COD,1,2150.0
903424,543,45,2024-12-02,2024-12-08,Chennai,Accessories,COD,1,1290.0
903425,65,40,2025-03-01,2025-03-04,Pune,Beauty & Personal Care,Prepaid,2,1080.0
903426,324,38,2025-02-15,2025-02-20,Mumbai,Beauty & Personal Care,COD,3,1530.0
903427,194,18,2024-08-23,2024-08-26,Delhi NCR,Electronics,Prepaid,1,13140.0
903428,459,44,2024-12-03,2024-12-05,Hyderabad,Accessories,COD,1,1130.0
903429,130,38,2024-04-06,2024-04-08,Hyderabad,Beauty & Personal Care,COD,1,510.0
903430,515,48,2024-04-12,2024-04-14,Bangalore,Accessories,COD,1,1560.0
903431,390,42,2024-07-26,2024-07-28,Mumbai,Accessories,Prepaid,1,810.0
903432,216,34,2025-01-06,2025-01-12,Delhi NCR,Beauty & Personal Care,COD,1,410.0
903433,159,17,2025-03-03,2025-03-07,Bangalore,Electronics,Prepaid,2,27580.0
903434,202,36,2024-09-13,2024-09-17,Mumbai,Beauty & Personal Care,Prepaid,1,1130.0
903435,319,47,2025-01-26,2025-01-31,Chennai,Accessories,Prepaid,1,890.0
903436,117,42,2024-12-25,2024-12-31,Mumbai,Accessories,Prepaid,2,1620.0
903437,427,47,2025-03-09,2025-03-15,Bangalore,Accessories,COD,1,890.0
903438,465,8,2024-12-16,2024-12-18,Bangalore,Fashion & Apparel,Prepaid,1,1870.0
903439,110,18,2025-01-07,2025-01-11,Pune,Electronics,COD,1,13140.0
903440,21,3,2024-08-10,2024-08-12,Mumbai,Fashion & Apparel,Prepaid,1,1770.0
903441,26,7,2025-01-08,2025-01-10,Hyderabad,Fashion & Apparel,Prepaid,1,2150.0
903442,91,39,2024-10-21,2024-10-26,Bangalore,Beauty & Personal Care,COD,1,780.0
903443,28,41,2025-02-25,2025-03-02,Mumbai,Accessories,COD,2,2780.0
903444,579,35,2024-08-26,2024-08-31,Hyderabad,Beauty & Personal Care,Prepaid,1,590.0
903445,232,44,2024-06-29,2024-07-05,Bangalore,Accessories,Prepaid,2,2260.0
903446,409,5,2024-11-12,2024-11-14,Mumbai,Fashion & Apparel,COD,2,3920.0
903447,585,27,2024-04-10,2024-04-14,Bangalore,Home & Kitchen,Prepaid,1,1080.0
903448,169,15,2024-12-31,2025-01-05,Hyderabad,Footwear,Prepaid,3,11220.0
903449,466,16,2024-09-29,2024-10-01,Hyderabad,Footwear,Prepaid,1,3900.0
903450,101,12,2024-06-13,2024-06-18,Bangalore,Footwear,Prepaid,1,2600.0
903451,528,32,2024-10-11,2024-10-15,Bangalore,Home & Kitchen,Prepaid,1,1990.0
903452,502,28,2024-12-09,2024-12-11,Mumbai,Home & Kitchen,Prepaid,2,6340.0
903453,341,19,2024-12-27,2024-12-30,Hyderabad,Electronics,Prepaid,1,10800.0
903454,325,1,2024-08-26,2024-08-30,Bangalore,Fashion & Apparel,Prepaid,1,1110.0
903455,92,14,2025-03-27,2025-03-30,Hyderabad,Footwear,Prepaid,2,4740.0
903456,334,17,2025-01-25,2025-01-28,Kochi,Electronics,COD,2,27580.0
903457,200,14,2024-10-14,2024-10-16,Delhi NCR,Footwear,COD,1,2370.0
903458,450,38,2024-05-29,2024-06-04,Pune,Beauty & Personal Care,Prepaid,1,510.0
903459,283,15,2024-04-02,2024-04-04,Mumbai,Footwear,Prepaid,2,7480.0
903460,109,3,2025-02-12,2025-02-14,Mumbai,Fashion & Apparel,Prepaid,1,1770.0
903461,175,1,2024-07-27,2024-08-02,Mumbai,Fashion & Apparel,Prepaid,1,1110.0
903462,114,42,2024-07-25,2024-07-30,Delhi NCR,Accessories,Prepaid,1,810.0
903463,170,39,2024-10-08,2024-10-14,Bangalore,Beauty & Personal Care,COD,1,780.0
903464,461,17,2024-06-09,2024-06-11,Chennai,Electronics,COD,1,13790.0
903465,292,13,2025-01-10,2025-01-15,Mumbai,Footwear,Prepaid,1,3000.0
903466,407,44,2024-09-27,2024-09-29,Mumbai,Accessories,Prepaid,2,2260.0
903467,403,40,2024-04-29,2024-05-05,Mumbai,Beauty & Personal Care,Prepaid,2,1080.0
903468,220,42,2025-01-30,2025-02-01,Chennai,Accessories,COD,1,810.0
903469,345,35,2024-11-27,2024-12-03,Bangalore,Beauty & Personal Care,Prepaid,2,1180.0
903470,300,8,2025-01-20,2025-01-24,Mumbai,Fashion & Apparel,Prepaid,1,1870.0
903471,112,17,2025-02-24,2025-03-02,Kochi,Electronics,Prepaid,2,27580.0
903472,57,47,2024-12-17,2024-12-22,Delhi NCR,Accessories,Prepaid,1,890.0
903473,293,5,2024-07-05,2024-07-09,Delhi NCR,Fashion & Apparel,Prepaid,1,1960.0
903474,343,8,2025-03-27,2025-04-01,Chennai,Fashion & Apparel,Prepaid,1,1870.0
903475,125,5,2024-08-07,2024-08-12,Delhi NCR,Fashion & Apparel,COD,1,1960.0
903476,150,24,2024-11-12,2024-11-18,Kochi,Electronics,COD,2,22900.0
903477,321,21,2025-02-25,2025-03-02,Chennai,Electronics,COD,1,9950.0
903478,317,2,2024-11-02,2024-11-06,Mumbai,Fashion & Apparel,Prepaid,1,1190.0
903479,273,33,2024-05-04,2024-05-06,Hyderabad,Beauty & Personal Care,COD,1,740.0
903480,394,38,2024-11-24,2024-11-30,Delhi NCR,Beauty & Personal Care,COD,1,510.0
903481,5,5,2024-08-21,2024-08-25,Mumbai,Fashion & Apparel,Prepaid,1,1960.0
903482,66,46,2024-10-30,2024-11-04,Delhi NCR,Accessories,Prepaid,2,2640.0
903483,468,30,2024-09-26,2024-09-30,Chennai,Home & Kitchen,Prepaid,1,2550.0
903484,228,45,2024-06-20,2024-06-25,Pune,Accessories,COD,1,1290.0
903485,550,8,2024-07-11,2024-07-15,Mumbai,Fashion & Apparel,Prepaid,1,1870.0
903486,514,6,2024-10-01,2024-10-05,Chennai,Fashion & Apparel,COD,2,3020.0
903487,315,43,2024-06-04,2024-06-08,Kochi,Accessories,Prepaid,1,910.0
903488,94,29,2024-07-17,2024-07-19,Delhi NCR,Home & Kitchen,COD,1,2450.0
903489,481,37,2024-06-24,2024-06-29,Pune,Beauty & Personal Care,Prepaid,1,810.0
903490,211,26,2024-08-15,2024-08-18,Bangalore,Home & Kitchen,Prepaid,1,2250.0
903491,481,14,2024-06-11,2024-06-13,Pune,Footwear,COD,2,4740.0
903492,251,26,2024-08-06,2024-08-09,Delhi NCR,Home & Kitchen,Prepaid,3,6750.0
903493,203,43,2024-10-19,2024-10-21,Hyderabad,Accessories,Prepaid,1,910.0
903494,58,20,2025-01-14,2025-01-20,Chennai,Electronics,Prepaid,3,38430.0
903495,377,21,2024-08-08,2024-08-11,Delhi NCR,Electronics,Prepaid,1,9950.0
903496,479,5,2024-09-11,2024-09-17,Chennai,Fashion & Apparel,COD,2,3920.0
903497,13,17,2024-11-17,2024-11-21,Kochi,Electronics,Prepaid,1,13790.0
903498,281,41,2024-04-29,2024-05-03,Mumbai,Accessories,Prepaid,1,1390.0
903499,414,19,2024-05-09,2024-05-14,Delhi NCR,Electronics,Prepaid,1,10800.0
903500,392,23,2024-10-29,2024-11-01,Bangalore,Electronics,Prepaid,1,12780.0
903501,539,40,2024-09-29,2024-10-03,Mumbai,Beauty & Personal Care,Prepaid,1,540.0
903502,383,28,2025-03-30,2025-04-01,Mumbai,Home & Kitchen,Prepaid,2,6340.0
903503,173,25,2024-09-06,2024-09-09,Mumbai,Home & Kitchen,Prepaid,1,3150.0
903504,571,30,2025-03-13,2025-03-19,Delhi NCR,Home & Kitchen,Prepaid,1,2550.0
903505,564,16,2024-12-23,2024-12-28,Mumbai,Footwear,Prepaid,1,3900.0
903506,73,44,2025-02-09,2025-02-11,Chennai,Accessories,COD,1,1130.0
903507,231,33,2024-10-26,2024-10-28,Bangalore,Beauty & Personal Care,Prepaid,1,740.0
903508,18,36,2024-12-05,2024-12-07,Hyderabad,Beauty & Personal Care,Prepaid,1,1130.0
903509,113,18,2025-03-09,2025-03-14,Kochi,Electronics,COD,1,13140.0
903510,575,34,2025-01-17,2025-01-20,Mumbai,Beauty & Personal Care,Prepaid,1,410.0
903511,491,11,2024-05-25,2024-05-28,Delhi NCR,Footwear,COD,1,2560.0
903512,303,34,2024-04-05,2024-04-10,Mumbai,Beauty & Personal Care,Prepaid,1,410.0
903513,113,14,2025-02-10,2025-02-15,Kochi,Footwear,COD,1,2370.0
903514,358,29,2024-11-16,2024-11-18,Pune,Home & Kitchen,Prepaid,1,2450.0
903515,534,46,2024-04-11,2024-04-15,Mumbai,Accessories,Prepaid,1,1320.0
903516,83,38,2024-10-23,2024-10-28,Delhi NCR,Beauty & Personal Care,Prepaid,2,1020.0
903517,317,24,2024-06-05,2024-06-07,Mumbai,Electronics,Prepaid,2,22900.0
903518,211,30,2025-01-10,2025-01-14,Bangalore,Home & Kitchen,Prepaid,2,5100.0
903519,247,29,2024-06-07,2024-06-09,Delhi NCR,Home & Kitchen,COD,1,2450.0
903520,326,43,2024-07-24,2024-07-30,Chennai,Accessories,Prepaid,2,1820.0
903521,539,40,2024-04-05,2024-04-10,Mumbai,Beauty & Personal Care,Prepaid,1,540.0
903522,527,48,2025-03-12,2025-03-17,Bangalore,Accessories,COD,1,1560.0
903523,40,5,2024-04-25,2024-04-27,Mumbai,Fashion & Apparel,COD,3,5880.0
903524,470,3,2025-03-17,2025-03-23,Kochi,Fashion & Apparel,Prepaid,1,1770.0
903525,231,34,2024-12-08,2024-12-10,Bangalore,Beauty & Personal Care,COD,1,410.0
903526,72,33,2025-01-04,2025-01-10,Mumbai,Beauty & Personal Care,Prepaid,1,740.0
903527,61,1,2024-04-17,2024-04-23,Mumbai,Fashion & Apparel,COD,2,2220.0
903528,491,12,2024-06-27,2024-06-30,Delhi NCR,Footwear,Prepaid,2,5200.0
903529,424,21,2024-11-02,2024-11-07,Bangalore,Electronics,COD,1,9950.0
903530,130,45,2025-03-10,2025-03-16,Hyderabad,Accessories,Prepaid,1,1290.0
903531,438,9,2025-02-16,2025-02-22,Hyderabad,Footwear,Prepaid,1,3370.0
903532,177,20,2024-08-31,2024-09-03,Delhi NCR,Electronics,Prepaid,2,25620.0
903533,329,20,2024-11-12,2024-11-14,Hyderabad,Electronics,Prepaid,1,12810.0
903534,563,45,2024-09-04,2024-09-07,Pune,Accessories,COD,1,1290.0
903535,264,10,2025-01-05,2025-01-09,Mumbai,Footwear,Prepaid,2,7400.0
903536,367,8,2024-06-02,2024-06-05,Mumbai,Fashion & Apparel,COD,1,1870.0
903537,60,14,2024-07-07,2024-07-09,Bangalore,Footwear,Prepaid,1,2370.0
903538,581,5,2024-08-11,2024-08-17,Bangalore,Fashion & Apparel,COD,1,1960.0
903539,397,22,2024-07-01,2024-07-04,Bangalore,Electronics,Prepaid,1,13330.0
903540,379,18,2025-02-17,2025-02-21,Bangalore,Electronics,COD,1,13140.0
903541,193,6,2024-09-24,2024-09-28,Bangalore,Fashion & Apparel,Prepaid,1,1510.0
903542,202,48,2024-12-21,2024-12-23,Mumbai,Accessories,COD,1,1560.0
903543,368,26,2025-03-16,2025-03-19,Kochi,Home & Kitchen,COD,1,2250.0
903544,541,37,2024-11-08,2024-11-10,Bangalore,Beauty & Personal Care,Prepaid,1,810.0
903545,561,9,2025-01-28,2025-02-03,Pune,Footwear,Prepaid,1,3370.0
903546,264,14,2024-11-03,2024-11-05,Mumbai,Footwear,Prepaid,1,2370.0
903547,504,30,2024-07-15,2024-07-19,Pune,Home & Kitchen,Prepaid,2,5100.0
903548,512,28,2024-10-30,2024-11-03,Kochi,Home & Kitchen,COD,3,9510.0
903549,261,10,2024-05-04,2024-05-07,Bangalore,Footwear,COD,1,3700.0
903550,419,20,2025-03-13,2025-03-18,Delhi NCR,Electronics,COD,2,25620.0
903551,486,22,2024-10-18,2024-10-22,Pune,Electronics,Prepaid,1,13330.0
903552,557,17,2024-12-02,2024-12-08,Mumbai,Electronics,COD,1,13790.0
903553,426,12,2024-12-06,2024-12-12,Bangalore,Footwear,Prepaid,1,2600.0
903554,159,12,2024-12-13,2024-12-15,Bangalore,Footwear,COD,1,2600.0
903555,186,33,2024-07-16,2024-07-18,Hyderabad,Beauty & Personal Care,COD,1,740.0
903556,336,30,2025-03-21,2025-03-26,Chennai,Home & Kitchen,Prepaid,1,2550.0
903557,132,28,2024-07-15,2024-07-20,Chennai,Home & Kitchen,Prepaid,1,3170.0
903558,267,47,2025-02-03,2025-02-05,Bangalore,Accessories,COD,2,1780.0
903559,491,7,2024-08-09,2024-08-13,Delhi NCR,Fashion & Apparel,Prepaid,1,2150.0
903560,35,41,2024-06-08,2024-06-14,Delhi NCR,Accessories,COD,1,1390.0
903561,254,9,2024-08-11,2024-08-14,Bangalore,Footwear,Prepaid,2,6740.0
903562,105,48,2024-07-22,2024-07-28,Mumbai,Accessories,COD,1,1560.0
903563,563,21,2024-10-29,2024-11-04,Pune,Electronics,Prepaid,1,9950.0
903564,226,19,2025-02-09,2025-02-12,Bangalore,Electronics,COD,1,10800.0
903565,78,13,2024-07-28,2024-08-02,Chennai,Footwear,Prepaid,1,3000.0
903566,483,9,2024-05-20,2024-05-26,Bangalore,Footwear,COD,1,3370.0
903567,517,28,2025-01-17,2025-01-22,Chennai,Home & Kitchen,Prepaid,1,3170.0
903568,491,47,2025-01-17,2025-01-20,Delhi NCR,Accessories,Prepaid,1,890.0
903569,179,13,2025-03-01,2025-03-07,Hyderabad,Footwear,Prepaid,1,3000.0
903570,221,21,2024-10-25,2024-10-30,Hyderabad,Electronics,Prepaid,1,9950.0
903571,548,28,2024-07-02,2024-07-08,Delhi NCR,Home & Kitchen,COD,1,3170.0
903572,193,16,2025-03-06,2025-03-10,Bangalore,Footwear,Prepaid,1,3900.0
903573,68,24,2024-04-07,2024-04-10,Bangalore,Electronics,Prepaid,2,22900.0
903574,280,18,2024-04-07,2024-04-12,Hyderabad,Electronics,Prepaid,1,13140.0
903575,57,16,2024-08-19,2024-08-25,Delhi NCR,Footwear,Prepaid,1,3900.0
903576,59,27,2024-12-02,2024-12-07,Delhi NCR,Home & Kitchen,COD,1,1080.0
903577,123,14,2024-10-13,2024-10-18,Pune,Footwear,Prepaid,1,2370.0
903578,150,6,2024-09-16,2024-09-20,Kochi,Fashion & Apparel,COD,1,1510.0
903579,210,28,2025-02-14,2025-02-16,Chennai,Home & Kitchen,COD,1,3170.0
903580,191,39,2025-01-12,2025-01-15,Pune,Beauty & Personal Care,Prepaid,1,780.0
903581,397,34,2024-08-03,2024-08-08,Bangalore,Beauty & Personal Care,Prepaid,1,410.0
903582,131,35,2025-03-26,2025-03-31,Bangalore,Beauty & Personal Care,COD,1,590.0
903583,134,33,2024-06-28,2024-06-30,Delhi NCR,Beauty & Personal Care,COD,1,740.0
903584,18,18,2024-04-05,2024-04-11,Hyderabad,Electronics,COD,1,13140.0
903585,391,21,2024-10-13,2024-10-15,Pune,Electronics,COD,1,9950.0
903586,567,11,2024-04-09,2024-04-15,Mumbai,Footwear,COD,1,2560.0
903587,471,35,2024-10-31,2024-11-02,Hyderabad,Beauty & Personal Care,Prepaid,1,590.0
903588,241,20,2024-09-24,2024-09-28,Pune,Electronics,Prepaid,1,12810.0
903589,276,23,2024-08-24,2024-08-26,Bangalore,Electronics,Prepaid,1,12780.0
903590,303,18,2024-05-06,2024-05-11,Mumbai,Electronics,COD,2,26280.0
903591,503,27,2024-08-06,2024-08-12,Chennai,Home & Kitchen,Prepaid,1,1080.0
903592,303,32,2024-09-29,2024-10-02,Mumbai,Home & Kitchen,COD,1,1990.0
903593,323,45,2025-03-29,2025-04-01,Chennai,Accessories,COD,2,2580.0
903594,496,43,2025-02-10,2025-02-14,Hyderabad,Accessories,COD,1,910.0
903595,475,29,2024-04-03,2024-04-05,Bangalore,Home & Kitchen,Prepaid,1,2450.0
903596,76,4,2024-11-10,2024-11-16,Chennai,Fashion & Apparel,COD,1,970.0
903597,121,6,2024-11-27,2024-11-30,Bangalore,Fashion & Apparel,Prepaid,2,3020.0
903598,13,15,2024-04-20,2024-04-23,Kochi,Footwear,Prepaid,1,3740.0
903599,484,6,2024-08-29,2024-09-03,Mumbai,Fashion & Apparel,COD,1,1510.0
903600,244,37,2024-11-12,2024-11-17,Mumbai,Beauty & Personal Care,COD,1,810.0
903601,93,20,2024-06-16,2024-06-21,Bangalore,Electronics,COD,2,25620.0
903602,115,16,2024-10-16,2024-10-21,Kochi,Footwear,Prepaid,1,3900.0
903603,491,43,2024-06-28,2024-07-02,Delhi NCR,Accessories,Prepaid,2,1820.0
903604,142,23,2024-08-13,2024-08-16,Chennai,Electronics,Prepaid,1,12780.0
903605,46,10,2024-09-04,2024-09-06,Bangalore,Footwear,Prepaid,1,3700.0
903606,158,26,2025-03-15,2025-03-18,Mumbai,Home & Kitchen,Prepaid,1,2250.0
903607,401,28,2024-08-18,2024-08-20,Kochi,Home & Kitchen,Prepaid,2,6340.0
903608,303,25,2024-12-18,2024-12-22,Mumbai,Home & Kitchen,Prepaid,1,3150.0
903609,573,45,2025-01-20,2025-01-22,Mumbai,Accessories,COD,1,1290.0
903610,2,1,2024-10-19,2024-10-25,Mumbai,Fashion & Apparel,Prepaid,2,2220.0
903611,160,25,2024-08-06,2024-08-10,Pune,Home & Kitchen,COD,2,6300.0
903612,357,37,2024-10-28,2024-10-31,Mumbai,Beauty & Personal Care,COD,1,810.0
903613,307,44,2025-01-19,2025-01-25,Hyderabad,Accessories,Prepaid,3,3390.0
903614,512,20,2024-04-24,2024-04-29,Kochi,Electronics,Prepaid,1,12810.0
903615,69,24,2024-05-16,2024-05-22,Bangalore,Electronics,COD,1,11450.0
903616,382,4,2024-09-10,2024-09-15,Pune,Fashion & Apparel,Prepaid,1,970.0
903617,28,27,2025-02-21,2025-02-26,Mumbai,Home & Kitchen,Prepaid,2,2160.0
903618,29,21,2024-05-09,2024-05-14,Mumbai,Electronics,COD,2,19900.0
903619,233,44,2024-09-02,2024-09-07,Chennai,Accessories,Prepaid,1,1130.0
903620,23,25,2024-05-30,2024-06-04,Pune,Home & Kitchen,COD,1,3150.0
903621,175,21,2024-12-22,2024-12-27,Mumbai,Electronics,Prepaid,1,9950.0
903622,243,5,2024-07-17,2024-07-19,Chennai,Fashion & Apparel,Prepaid,1,1960.0
903623,169,1,2024-06-30,2024-07-05,Hyderabad,Fashion & Apparel,Prepaid,1,1110.0
903624,376,27,2024-07-06,2024-07-12,Hyderabad,Home & Kitchen,COD,1,1080.0
903625,448,43,2024-04-15,2024-04-17,Pune,Accessories,COD,1,910.0
903626,307,30,2025-01-27,2025-02-02,Hyderabad,Home & Kitchen,COD,1,2550.0
903627,598,32,2024-07-14,2024-07-19,Bangalore,Home & Kitchen,Prepaid,1,1990.0
903628,111,20,2024-08-06,2024-08-08,Bangalore,Electronics,Prepaid,1,12810.0
903629,286,46,2024-12-23,2024-12-26,Mumbai,Accessories,COD,1,1320.0
903630,422,2,2024-08-06,2024-08-09,Bangalore,Fashion & Apparel,Prepaid,1,1190.0
903631,91,45,2025-02-18,2025-02-24,Bangalore,Accessories,Prepaid,1,1290.0
903632,264,32,2024-10-22,2024-10-27,Mumbai,Home & Kitchen,Prepaid,1,1990.0
903633,546,39,2024-07-14,2024-07-19,Bangalore,Beauty & Personal Care,COD,1,780.0
903634,103,12,2024-10-15,2024-10-17,Bangalore,Footwear,Prepaid,1,2600.0
903635,239,34,2024-12-05,2024-12-09,Kochi,Beauty & Personal Care,Prepaid,1,410.0
903636,111,30,2024-06-29,2024-07-04,Bangalore,Home & Kitchen,Prepaid,1,2550.0
903637,355,7,2024-11-30,2024-12-06,Delhi NCR,Fashion & Apparel,Prepaid,1,2150.0
903638,496,4,2025-01-25,2025-01-31,Hyderabad,Fashion & Apparel,Prepaid,1,970.0
903639,330,12,2024-11-16,2024-11-21,Hyderabad,Footwear,COD,1,2600.0
903640,423,3,2024-04-24,2024-04-28,Bangalore,Fashion & Apparel,Prepaid,1,1770.0
903641,119,32,2025-01-06,2025-01-09,Delhi NCR,Home & Kitchen,Prepaid,2,3980.0
903642,410,22,2024-04-02,2024-04-05,Bangalore,Electronics,COD,1,13330.0
903643,444,39,2024-05-29,2024-06-02,Mumbai,Beauty & Personal Care,COD,1,780.0
903644,258,1,2025-01-12,2025-01-14,Delhi NCR,Fashion & Apparel,COD,1,1110.0
903645,573,2,2024-12-02,2024-12-06,Mumbai,Fashion & Apparel,Prepaid,1,1190.0
903646,382,6,2025-01-31,2025-02-06,Pune,Fashion & Apparel,COD,1,1510.0
903647,517,37,2025-02-08,2025-02-12,Chennai,Beauty & Personal Care,COD,1,810.0
903648,119,48,2025-03-19,2025-03-25,Delhi NCR,Accessories,Prepaid,1,1560.0
903649,430,18,2024-11-23,2024-11-25,Chennai,Electronics,COD,1,13140.0
903650,46,28,2024-12-06,2024-12-11,Bangalore,Home & Kitchen,Prepaid,1,3170.0
903651,259,30,2024-09-02,2024-09-04,Bangalore,Home & Kitchen,Prepaid,1,2550.0
903652,56,3,2024-10-31,2024-11-06,Pune,Fashion & Apparel,Prepaid,1,1770.0
903653,195,44,2025-02-06,2025-02-08,Mumbai,Accessories,COD,1,1130.0
903654,491,33,2025-02-23,2025-02-28,Delhi NCR,Beauty & Personal Care,Prepaid,1,740.0
903655,26,10,2024-04-14,2024-04-18,Hyderabad,Footwear,COD,2,7400.0
903656,588,47,2024-05-09,2024-05-15,Mumbai,Accessories,Prepaid,1,890.0
903657,541,16,2024-09-13,2024-09-15,Bangalore,Footwear,Prepaid,1,3900.0
903658,595,44,2024-10-27,2024-10-31,Delhi NCR,Accessories,Prepaid,1,1130.0
903659,562,16,2024-10-16,2024-10-21,Kochi,Footwear,Prepaid,1,3900.0
903660,374,39,2025-02-19,2025-02-23,Chennai,Beauty & Personal Care,Prepaid,1,780.0
903661,90,9,2024-10-01,2024-10-03,Pune,Footwear,COD,1,3370.0
903662,404,30,2024-04-02,2024-04-08,Hyderabad,Home & Kitchen,COD,1,2550.0
903663,288,25,2024-04-16,2024-04-21,Pune,Home & Kitchen,Prepaid,1,3150.0
903664,565,42,2024-09-07,2024-09-13,Pune,Accessories,COD,1,810.0
903665,374,14,2025-03-20,2025-03-25,Chennai,Footwear,COD,2,4740.0
903666,234,30,2024-10-06,2024-10-09,Bangalore,Home & Kitchen,Prepaid,1,2550.0
903667,85,2,2024-06-06,2024-06-10,Pune,Fashion & Apparel,Prepaid,1,1190.0
903668,325,10,2024-08-05,2024-08-11,Bangalore,Footwear,COD,2,7400.0
903669,103,48,2024-10-07,2024-10-12,Bangalore,Accessories,Prepaid,1,1560.0
903670,149,11,2024-04-17,2024-04-19,Mumbai,Footwear,Prepaid,1,2560.0
903671,116,6,2024-12-14,2024-12-17,Mumbai,Fashion & Apparel,Prepaid,1,1510.0
903672,527,48,2024-07-24,2024-07-28,Bangalore,Accessories,COD,3,4680.0
903673,329,14,2024-08-17,2024-08-20,Hyderabad,Footwear,COD,1,2370.0
903674,160,6,2025-01-01,2025-01-06,Pune,Fashion & Apparel,COD,1,1510.0
903675,415,18,2024-12-28,2024-12-31,Mumbai,Electronics,Prepaid,1,13140.0
903676,224,24,2025-02-27,2025-03-02,Kochi,Electronics,Prepaid,1,11450.0
903677,128,48,2024-05-02,2024-05-06,Mumbai,Accessories,Prepaid,1,1560.0
903678,62,39,2024-10-14,2024-10-17,Pune,Beauty & Personal Care,COD,1,780.0
903679,25,9,2024-09-03,2024-09-09,Mumbai,Footwear,Prepaid,1,3370.0
903680,22,44,2024-05-11,2024-05-14,Chennai,Accessories,Prepaid,1,1130.0
903681,435,32,2025-02-16,2025-02-21,Bangalore,Home & Kitchen,COD,1,1990.0
903682,15,10,2024-12-20,2024-12-23,Bangalore,Footwear,Prepaid,1,3700.0
903683,5,14,2024-04-29,2024-05-03,Mumbai,Footwear,COD,1,2370.0
903684,451,40,2024-08-05,2024-08-08,Bangalore,Beauty & Personal Care,COD,1,540.0
903685,587,19,2024-05-30,2024-06-04,Hyderabad,Electronics,Prepaid,1,10800.0
903686,370,30,2024-09-18,2024-09-22,Pune,Home & Kitchen,Prepaid,1,2550.0
903687,178,30,2024-06-24,2024-06-26,Chennai,Home & Kitchen,Prepaid,1,2550.0
903688,13,48,2024-05-07,2024-05-12,Kochi,Accessories,COD,2,3120.0
903689,175,17,2024-08-04,2024-08-10,Mumbai,Electronics,Prepaid,1,13790.0
903690,455,12,2024-06-05,2024-06-11,Mumbai,Footwear,Prepaid,1,2600.0
903691,29,25,2024-04-08,2024-04-14,Mumbai,Home & Kitchen,Prepaid,1,3150.0
903692,94,1,2024-08-13,2024-08-16,Delhi NCR,Fashion & Apparel,Prepaid,1,1110.0
903693,196,33,2024-11-27,2024-11-30,Mumbai,Beauty & Personal Care,COD,1,740.0
903694,202,8,2024-04-28,2024-05-04,Mumbai,Fashion & Apparel,COD,1,1870.0
903695,551,30,2025-01-04,2025-01-06,Hyderabad,Home & Kitchen,COD,1,2550.0
903696,351,35,2024-09-13,2024-09-16,Pune,Beauty & Personal Care,Prepaid,3,1770.0
903697,549,20,2024-09-17,2024-09-20,Kochi,Electronics,COD,1,12810.0
903698,572,25,2024-11-04,2024-11-07,Hyderabad,Home & Kitchen,COD,1,3150.0
903699,89,13,2024-05-11,2024-05-16,Delhi NCR,Footwear,Prepaid,1,3000.0
903700,536,30,2024-12-23,2024-12-26,Chennai,Home & Kitchen,Prepaid,1,2550.0
903701,206,48,2024-06-17,2024-06-19,Chennai,Accessories,COD,1,1560.0
903702,84,1,2024-11-09,2024-11-14,Kochi,Fashion & Apparel,Prepaid,1,1110.0
903703,197,10,2024-12-07,2024-12-11,Hyderabad,Footwear,Prepaid,1,3700.0
903704,192,26,2024-04-11,2024-04-14,Bangalore,Home & Kitchen,COD,1,2250.0
903705,381,5,2024-06-29,2024-07-02,Mumbai,Fashion & Apparel,COD,2,3920.0
903706,372,47,2024-10-05,2024-10-10,Bangalore,Accessories,COD,1,890.0
903707,491,41,2024-11-13,2024-11-19,Delhi NCR,Accessories,COD,1,1390.0
903708,444,14,2024-07-26,2024-07-29,Mumbai,Footwear,COD,1,2370.0
903709,78,14,2024-07-15,2024-07-21,Chennai,Footwear,Prepaid,1,2370.0
903710,96,22,2025-03-17,2025-03-20,Mumbai,Electronics,Prepaid,1,13330.0
903711,280,35,2024-05-14,2024-05-20,Hyderabad,Beauty & Personal Care,Prepaid,1,590.0
903712,162,36,2024-06-07,2024-06-12,Pune,Beauty & Personal Care,Prepaid,3,3390.0
903713,547,12,2024-09-24,2024-09-29,Bangalore,Footwear,Prepaid,1,2600.0
903714,578,12,2024-06-17,2024-06-23,Delhi NCR,Footwear,Prepaid,1,2600.0
903715,266,47,2024-08-01,2024-08-07,Delhi NCR,Accessories,Prepaid,1,890.0
903716,539,25,2024-07-19,2024-07-22,Mumbai,Home & Kitchen,Prepaid,1,3150.0
903717,133,3,2024-12-29,2024-12-31,Kochi,Fashion & Apparel,Prepaid,1,1770.0
903718,185,27,2025-02-04,2025-02-09,Bangalore,Home & Kitchen,COD,1,1080.0
903719,589,43,2025-01-18,2025-01-22,Bangalore,Accessories,Prepaid,1,910.0
903720,570,43,2025-03-14,2025-03-20,Hyderabad,Accessories,COD,2,1820.0
903721,312,47,2024-04-01,2024-04-06,Chennai,Accessories,COD,2,1780.0
903722,499,8,2024-05-25,2024-05-29,Mumbai,Fashion & Apparel,Prepaid,1,1870.0
903723,528,48,2024-10-28,2024-10-31,Bangalore,Accessories,Prepaid,1,1560.0
903724,364,42,2024-11-25,2024-11-27,Hyderabad,Accessories,COD,1,810.0
903725,31,17,2024-10-14,2024-10-17,Mumbai,Electronics,Prepaid,1,13790.0
903726,41,47,2024-11-15,2024-11-19,Mumbai,Accessories,Prepaid,2,1780.0
903727,411,19,2024-09-03,2024-09-06,Pune,Electronics,Prepaid,2,21600.0
903728,218,25,2025-01-31,2025-02-05,Bangalore,Home & Kitchen,Prepaid,1,3150.0
903729,288,13,2024-07-07,2024-07-12,Pune,Footwear,Prepaid,1,3000.0
903730,381,32,2024-11-08,2024-11-14,Mumbai,Home & Kitchen,Prepaid,1,1990.0
903731,158,28,2025-03-01,2025-03-07,Mumbai,Home & Kitchen,COD,2,6340.0
903732,333,22,2024-04-02,2024-04-06,Hyderabad,Electronics,Prepaid,1,13330.0
903733,236,45,2024-04-10,2024-04-15,Mumbai,Accessories,COD,1,1290.0
903734,498,36,2025-01-13,2025-01-18,Mumbai,Beauty & Personal Care,Prepaid,1,1130.0
903735,255,25,2024-10-27,2024-10-30,Kochi,Home & Kitchen,Prepaid,1,3150.0
903736,543,20,2025-01-21,2025-01-27,Chennai,Electronics,Prepaid,1,12810.0
903737,391,24,2024-08-29,2024-09-02,Pune,Electronics,COD,2,22900.0
903738,289,33,2024-07-19,2024-07-22,Delhi NCR,Beauty & Personal Care,Prepaid,1,740.0
903739,8,33,2024-12-11,2024-12-14,Delhi NCR,Beauty & Personal Care,Prepaid,1,740.0
903740,86,12,2024-10-18,2024-10-21,Mumbai,Footwear,Prepaid,1,2600.0
903741,491,37,2025-03-09,2025-03-12,Delhi NCR,Beauty & Personal Care,COD,1,810.0
903742,64,15,2024-11-25,2024-11-27,Hyderabad,Footwear,COD,1,3740.0
903743,360,24,2024-09-03,2024-09-09,Delhi NCR,Electronics,COD,1,11450.0
903744,140,7,2025-02-08,2025-02-12,Mumbai,Fashion & Apparel,COD,1,2150.0
903745,329,47,2024-11-06,2024-11-12,Hyderabad,Accessories,Prepaid,1,890.0
903746,340,19,2024-08-25,2024-08-31,Delhi NCR,Electronics,COD,2,21600.0
903747,403,1,2024-12-04,2024-12-09,Mumbai,Fashion & Apparel,Prepaid,1,1110.0
903748,300,2,2025-03-18,2025-03-20,Mumbai,Fashion & Apparel,COD,1,1190.0
903749,507,45,2025-02-19,2025-02-24,Bangalore,Accessories,Prepaid,1,1290.0
903750,522,16,2025-03-12,2025-03-18,Hyderabad,Footwear,COD,1,3900.0
903751,110,29,2024-08-02,2024-08-05,Pune,Home & Kitchen,Prepaid,1,2450.0
903752,488,35,2024-09-04,2024-09-10,Hyderabad,Beauty & Personal Care,Prepaid,1,590.0
903753,456,37,2024-06-03,2024-06-09,Bangalore,Beauty & Personal Care,Prepaid,1,810.0
903754,336,26,2024-04-09,2024-04-15,Chennai,Home & Kitchen,Prepaid,2,4500.0
903755,562,19,2024-10-20,2024-10-25,Kochi,Electronics,Prepaid,1,10800.0
903756,167,31,2025-02-12,2025-02-14,Chennai,Home & Kitchen,Prepaid,1,1740.0
903757,219,6,2024-10-20,2024-10-25,Hyderabad,Fashion & Apparel,COD,1,1510.0
903758,406,7,2025-03-08,2025-03-10,Pune,Fashion & Apparel,Prepaid,1,2150.0
903759,258,16,2024-11-15,2024-11-21,Delhi NCR,Footwear,COD,1,3900.0
903760,19,36,2024-07-19,2024-07-22,Kochi,Beauty & Personal Care,Prepaid,1,1130.0
903761,511,32,2024-07-29,2024-08-03,Bangalore,Home & Kitchen,Prepaid,1,1990.0
903762,2,38,2024-05-02,2024-05-06,Mumbai,Beauty & Personal Care,Prepaid,2,1020.0
903763,423,48,2025-03-12,2025-03-17,Bangalore,Accessories,Prepaid,1,1560.0
903764,409,14,2024-10-16,2024-10-21,Mumbai,Footwear,Prepaid,1,2370.0
903765,428,20,2024-12-19,2024-12-23,Hyderabad,Electronics,Prepaid,1,12810.0
903766,67,39,2024-09-04,2024-09-10,Pune,Beauty & Personal Care,COD,1,780.0
903767,242,11,2025-02-20,2025-02-22,Kochi,Footwear,COD,1,2560.0
903768,151,44,2024-12-05,2024-12-08,Pune,Accessories,COD,1,1130.0
903769,19,15,2024-11-08,2024-11-11,Kochi,Footwear,Prepaid,2,7480.0
903770,223,12,2024-06-02,2024-06-06,Pune,Footwear,COD,3,7800.0
903771,42,18,2024-12-07,2024-12-10,Pune,Electronics,COD,1,13140.0
903772,108,9,2024-05-06,2024-05-08,Chennai,Footwear,Prepaid,1,3370.0
903773,257,36,2024-10-20,2024-10-24,Hyderabad,Beauty & Personal Care,COD,1,1130.0
903774,59,2,2024-12-29,2024-12-31,Delhi NCR,Fashion & Apparel,Prepaid,2,2380.0
903775,210,28,2024-08-21,2024-08-25,Chennai,Home & Kitchen,COD,1,3170.0
903776,384,11,2024-08-30,2024-09-02,Chennai,Footwear,Prepaid,1,2560.0
903777,169,11,2025-01-12,2025-01-18,Hyderabad,Footwear,COD,1,2560.0
903778,258,19,2024-06-03,2024-06-09,Delhi NCR,Electronics,COD,1,10800.0
903779,273,38,2025-01-03,2025-01-06,Hyderabad,Beauty & Personal Care,Prepaid,1,510.0
903780,11,30,2024-04-08,2024-04-12,Hyderabad,Home & Kitchen,Prepaid,1,2550.0
903781,341,29,2024-09-07,2024-09-10,Hyderabad,Home & Kitchen,COD,2,4900.0
903782,315,25,2025-03-03,2025-03-07,Kochi,Home & Kitchen,COD,1,3150.0
903783,199,46,2024-07-18,2024-07-21,Bangalore,Accessories,Prepaid,1,1320.0
903784,421,29,2025-02-24,2025-03-02,Mumbai,Home & Kitchen,COD,1,2450.0
903785,568,2,2024-10-12,2024-10-14,Kochi,Fashion & Apparel,COD,2,2380.0
903786,348,28,2024-09-04,2024-09-08,Kochi,Home & Kitchen,Prepaid,2,6340.0
903787,500,38,2024-12-23,2024-12-26,Delhi NCR,Beauty & Personal Care,COD,1,510.0
903788,164,44,2024-04-04,2024-04-09,Chennai,Accessories,Prepaid,1,1130.0
903789,66,48,2024-12-29,2025-01-02,Delhi NCR,Accessories,COD,2,3120.0
903790,181,44,2024-07-06,2024-07-11,Kochi,Accessories,COD,1,1130.0
903791,157,48,2024-09-22,2024-09-27,Pune,Accessories,Prepaid,1,1560.0
903792,374,20,2024-09-20,2024-09-24,Chennai,Electronics,Prepaid,1,12810.0
903793,88,9,2024-06-29,2024-07-03,Chennai,Footwear,Prepaid,1,3370.0
903794,513,39,2024-04-11,2024-04-16,Chennai,Beauty & Personal Care,COD,1,780.0
903795,448,46,2025-02-23,2025-02-25,Pune,Accessories,Prepaid,1,1320.0
903796,351,35,2024-07-14,2024-07-20,Pune,Beauty & Personal Care,COD,1,590.0
903797,330,20,2024-07-05,2024-07-11,Hyderabad,Electronics,COD,1,12810.0
903798,465,42,2024-10-03,2024-10-05,Bangalore,Accessories,Prepaid,1,810.0
903799,296,11,2024-08-26,2024-08-30,Bangalore,Footwear,COD,1,2560.0
903800,220,38,2025-03-22,2025-03-27,Chennai,Beauty & Personal Care,Prepaid,2,1020.0
903801,394,29,2024-12-28,2025-01-03,Delhi NCR,Home & Kitchen,COD,1,2450.0
903802,584,35,2025-02-23,2025-02-25,Delhi NCR,Beauty & Personal Care,Prepaid,1,590.0
903803,157,6,2025-02-17,2025-02-20,Pune,Fashion & Apparel,COD,1,1510.0
903804,446,3,2025-03-03,2025-03-07,Pune,Fashion & Apparel,COD,2,3540.0
903805,385,30,2025-01-24,2025-01-27,Hyderabad,Home & Kitchen,Prepaid,1,2550.0
903806,67,27,2025-01-16,2025-01-22,Pune,Home & Kitchen,Prepaid,1,1080.0
903807,238,40,2024-10-18,2024-10-23,Delhi NCR,Beauty & Personal Care,COD,1,540.0
903808,39,36,2024-08-21,2024-08-27,Pune,Beauty & Personal Care,COD,1,1130.0
903809,452,23,2024-09-07,2024-09-11,Bangalore,Electronics,Prepaid,1,12780.0
903810,536,5,2024-05-07,2024-05-12,Chennai,Fashion & Apparel,COD,1,1960.0
903811,261,9,2024-08-15,2024-08-18,Bangalore,Footwear,Prepaid,1,3370.0
903812,53,25,2025-01-15,2025-01-19,Kochi,Home & Kitchen,Prepaid,2,6300.0
903813,546,44,2024-09-28,2024-10-02,Bangalore,Accessories,Prepaid,3,3390.0
903814,351,13,2025-02-03,2025-02-05,Pune,Footwear,COD,1,3000.0
903815,301,18,2024-04-04,2024-04-09,Bangalore,Electronics,COD,1,13140.0
903816,428,29,2024-07-28,2024-07-31,Hyderabad,Home & Kitchen,Prepaid,2,4900.0
903817,593,19,2024-11-05,2024-11-09,Pune,Electronics,Prepaid,1,10800.0
903818,430,40,2024-09-29,2024-10-05,Chennai,Beauty & Personal Care,Prepaid,1,540.0
903819,596,44,2024-06-29,2024-07-01,Mumbai,Accessories,COD,1,1130.0
903820,270,29,2024-04-27,2024-04-29,Mumbai,Home & Kitchen,Prepaid,1,2450.0
903821,408,10,2024-06-12,2024-06-16,Pune,Footwear,Prepaid,2,7400.0
903822,351,18,2024-05-28,2024-06-02,Pune,Electronics,Prepaid,1,13140.0
903823,596,18,2024-05-15,2024-05-18,Mumbai,Electronics,COD,1,13140.0
903824,129,31,2025-02-01,2025-02-05,Bangalore,Home & Kitchen,Prepaid,2,3480.0
903825,141,7,2024-10-29,2024-11-02,Bangalore,Fashion & Apparel,Prepaid,1,2150.0
903826,481,39,2025-01-27,2025-02-01,Pune,Beauty & Personal Care,COD,1,780.0
903827,58,23,2024-12-09,2024-12-11,Chennai,Electronics,Prepaid,1,12780.0
903828,476,27,2024-04-16,2024-04-19,Mumbai,Home & Kitchen,Prepaid,1,1080.0
903829,439,7,2024-08-03,2024-08-06,Hyderabad,Fashion & Apparel,Prepaid,1,2150.0
903830,415,44,2024-09-02,2024-09-08,Mumbai,Accessories,COD,1,1130.0
903831,406,33,2025-01-27,2025-01-31,Pune,Beauty & Personal Care,Prepaid,1,740.0
903832,533,4,2025-03-17,2025-03-19,Delhi NCR,Fashion & Apparel,COD,1,970.0
903833,542,21,2024-06-03,2024-06-09,Delhi NCR,Electronics,Prepaid,2,19900.0
903834,12,23,2024-05-24,2024-05-28,Pune,Electronics,Prepaid,1,12780.0
903835,226,35,2024-09-15,2024-09-18,Bangalore,Beauty & Personal Care,COD,1,590.0
903836,524,19,2025-03-24,2025-03-26,Pune,Electronics,Prepaid,1,10800.0
903837,503,7,2024-08-19,2024-08-21,Chennai,Fashion & Apparel,COD,1,2150.0
903838,304,22,2024-06-17,2024-06-21,Pune,Electronics,COD,2,26660.0
903839,187,10,2024-12-01,2024-12-04,Chennai,Footwear,Prepaid,1,3700.0
903840,457,44,2024-09-13,2024-09-18,Pune,Accessories,Prepaid,1,1130.0
903841,16,42,2025-03-14,2025-03-19,Delhi NCR,Accessories,COD,1,810.0
903842,535,13,2025-02-10,2025-02-13,Bangalore,Footwear,Prepaid,1,3000.0
903843,96,44,2024-12-07,2024-12-09,Mumbai,Accessories,Prepaid,1,1130.0
903844,98,46,2024-09-10,2024-09-13,Bangalore,Accessories,COD,2,2640.0
903845,352,6,2024-12-27,2025-01-01,Delhi NCR,Fashion & Apparel,COD,3,4530.0
903846,276,1,2024-09-27,2024-10-01,Bangalore,Fashion & Apparel,COD,2,2220.0
903847,382,8,2024-09-19,2024-09-25,Pune,Fashion & Apparel,COD,1,1870.0
903848,219,30,2024-11-07,2024-11-09,Hyderabad,Home & Kitchen,COD,1,2550.0
903849,549,22,2024-06-16,2024-06-20,Kochi,Electronics,Prepaid,2,26660.0
903850,69,20,2024-06-07,2024-06-12,Bangalore,Electronics,Prepaid,1,12810.0
903851,537,31,2024-07-31,2024-08-06,Delhi NCR,Home & Kitchen,COD,2,3480.0
903852,19,17,2025-02-27,2025-03-04,Kochi,Electronics,Prepaid,1,13790.0
903853,98,20,2024-08-20,2024-08-24,Bangalore,Electronics,Prepaid,1,12810.0
903854,295,47,2024-06-12,2024-06-15,Delhi NCR,Accessories,COD,1,890.0
903855,295,25,2025-01-16,2025-01-20,Delhi NCR,Home & Kitchen,COD,1,3150.0
903856,403,8,2024-04-30,2024-05-04,Mumbai,Fashion & Apparel,Prepaid,1,1870.0
903857,450,1,2024-06-11,2024-06-13,Pune,Fashion & Apparel,Prepaid,2,2220.0
903858,92,16,2024-12-08,2024-12-12,Hyderabad,Footwear,Prepaid,2,7800.0
903859,41,25,2024-10-21,2024-10-23,Mumbai,Home & Kitchen,Prepaid,1,3150.0
903860,415,38,2024-06-13,2024-06-16,Mumbai,Beauty & Personal Care,Prepaid,1,510.0
903861,425,12,2024-05-21,2024-05-27,Hyderabad,Footwear,COD,1,2600.0
903862,429,47,2024-12-23,2024-12-29,Bangalore,Accessories,Prepaid,1,890.0
903863,25,24,2025-03-19,2025-03-25,Mumbai,Electronics,Prepaid,2,22900.0
903864,462,16,2024-07-20,2024-07-26,Hyderabad,Footwear,COD,1,3900.0
903865,563,7,2024-06-25,2024-06-29,Pune,Fashion & Apparel,Prepaid,1,2150.0
903866,278,38,2024-12-29,2025-01-04,Mumbai,Beauty & Personal Care,COD,1,510.0
903867,479,24,2025-01-06,2025-01-10,Chennai,Electronics,Prepaid,1,11450.0
903868,129,39,2024-11-10,2024-11-16,Bangalore,Beauty & Personal Care,Prepaid,1,780.0
903869,160,7,2024-12-09,2024-12-14,Pune,Fashion & Apparel,COD,1,2150.0
903870,482,37,2024-08-29,2024-08-31,Bangalore,Beauty & Personal Care,COD,1,810.0
903871,301,42,2024-12-12,2024-12-18,Bangalore,Accessories,COD,1,810.0
903872,59,18,2024-06-26,2024-06-28,Delhi NCR,Electronics,Prepaid,1,13140.0
903873,418,1,2024-10-24,2024-10-30,Hyderabad,Fashion & Apparel,Prepaid,1,1110.0
903874,353,43,2024-04-29,2024-05-04,Bangalore,Accessories,Prepaid,1,910.0
903875,313,18,2025-03-22,2025-03-28,Bangalore,Electronics,Prepaid,1,13140.0
903876,234,30,2024-04-17,2024-04-19,Bangalore,Home & Kitchen,Prepaid,1,2550.0
903877,402,14,2024-09-15,2024-09-20,Chennai,Footwear,COD,1,2370.0
903878,442,5,2024-11-09,2024-11-13,Kochi,Fashion & Apparel,Prepaid,1,1960.0
903879,153,33,2024-12-05,2024-12-07,Bangalore,Beauty & Personal Care,COD,1,740.0
903880,531,35,2025-02-28,2025-03-03,Kochi,Beauty & Personal Care,Prepaid,1,590.0
903881,534,23,2024-04-02,2024-04-04,Mumbai,Electronics,Prepaid,1,12780.0
903882,237,18,2025-02-17,2025-02-22,Hyderabad,Electronics,COD,1,13140.0
903883,57,31,2024-06-28,2024-06-30,Delhi NCR,Home & Kitchen,COD,1,1740.0
903884,221,20,2024-09-02,2024-09-07,Hyderabad,Electronics,Prepaid,2,25620.0
903885,136,22,2024-04-10,2024-04-15,Bangalore,Electronics,COD,1,13330.0
903886,494,25,2024-05-26,2024-05-30,Bangalore,Home & Kitchen,Prepaid,1,3150.0
903887,250,6,2025-01-27,2025-01-29,Delhi NCR,Fashion & Apparel,Prepaid,1,1510.0
903888,189,26,2024-08-10,2024-08-14,Bangalore,Home & Kitchen,Prepaid,1,2250.0
903889,595,32,2024-05-01,2024-05-03,Delhi NCR,Home & Kitchen,Prepaid,1,1990.0
903890,348,22,2024-10-24,2024-10-29,Kochi,Electronics,COD,1,13330.0
903891,319,21,2024-10-18,2024-10-20,Chennai,Electronics,Prepaid,2,19900.0
903892,367,11,2024-05-19,2024-05-23,Mumbai,Footwear,Prepaid,3,7680.0
903893,478,1,2025-01-13,2025-01-18,Mumbai,Fashion & Apparel,COD,1,1110.0
903894,157,17,2024-10-13,2024-10-19,Pune,Electronics,COD,1,13790.0
903895,228,34,2024-07-17,2024-07-22,Pune,Beauty & Personal Care,Prepaid,1,410.0
903896,345,19,2024-12-13,2024-12-17,Bangalore,Electronics,COD,1,10800.0
903897,60,28,2024-12-09,2024-12-14,Bangalore,Home & Kitchen,COD,2,6340.0
903898,10,18,2024-04-08,2024-04-14,Pune,Electronics,Prepaid,1,13140.0
903899,107,6,2025-01-14,2025-01-19,Chennai,Fashion & Apparel,Prepaid,1,1510.0
903900,325,38,2024-04-09,2024-04-13,Bangalore,Beauty & Personal Care,COD,1,510.0
903901,413,43,2024-04-30,2024-05-05,Delhi NCR,Accessories,COD,2,1820.0
903902,552,14,2024-10-29,2024-11-01,Chennai,Footwear,Prepaid,1,2370.0
903903,23,18,2024-05-30,2024-06-05,Pune,Electronics,Prepaid,1,13140.0
903904,199,24,2024-07-20,2024-07-26,Bangalore,Electronics,Prepaid,1,11450.0
903905,360,44,2024-09-05,2024-09-08,Delhi NCR,Accessories,Prepaid,1,1130.0
903906,107,7,2024-08-19,2024-08-24,Chennai,Fashion & Apparel,Prepaid,1,2150.0
903907,577,44,2024-12-07,2024-12-11,Kochi,Accessories,COD,1,1130.0
903908,125,29,2024-07-03,2024-07-08,Delhi NCR,Home & Kitchen,Prepaid,1,2450.0
903909,580,40,2024-08-18,2024-08-21,Delhi NCR,Beauty & Personal Care,Prepaid,1,540.0
903910,88,22,2025-03-21,2025-03-27,Chennai,Electronics,COD,1,13330.0
903911,207,38,2024-12-01,2024-12-04,Kochi,Beauty & Personal Care,Prepaid,1,510.0
903912,339,42,2024-04-03,2024-04-05,Delhi NCR,Accessories,COD,1,810.0
903913,32,6,2024-07-18,2024-07-24,Mumbai,Fashion & Apparel,COD,2,3020.0
903914,81,9,2025-01-06,2025-01-09,Chennai,Footwear,Prepaid,2,6740.0
903915,166,23,2024-06-17,2024-06-21,Bangalore,Electronics,COD,1,12780.0
903916,42,18,2025-02-08,2025-02-13,Pune,Electronics,Prepaid,2,26280.0
903917,70,47,2025-02-21,2025-02-23,Pune,Accessories,Prepaid,2,1780.0
903918,245,47,2024-06-02,2024-06-08,Mumbai,Accessories,Prepaid,1,890.0
903919,215,24,2024-04-14,2024-04-17,Hyderabad,Electronics,Prepaid,1,11450.0
903920,402,37,2024-12-30,2025-01-01,Chennai,Beauty & Personal Care,Prepaid,2,1620.0
903921,131,31,2024-09-30,2024-10-03,Bangalore,Home & Kitchen,Prepaid,1,1740.0
903922,362,45,2024-04-11,2024-04-16,Hyderabad,Accessories,COD,1,1290.0
903923,158,23,2024-06-18,2024-06-21,Mumbai,Electronics,Prepaid,1,12780.0
903924,366,35,2024-04-09,2024-04-12,Delhi NCR,Beauty & Personal Care,COD,2,1180.0
903925,169,26,2024-04-30,2024-05-02,Hyderabad,Home & Kitchen,COD,1,2250.0
903926,569,3,2025-01-18,2025-01-24,Bangalore,Fashion & Apparel,Prepaid,1,1770.0
903927,129,13,2024-11-18,2024-11-22,Bangalore,Footwear,Prepaid,1,3000.0
903928,407,4,2025-03-13,2025-03-17,Mumbai,Fashion & Apparel,Prepaid,1,970.0
903929,521,11,2024-06-03,2024-06-06,Chennai,Footwear,Prepaid,1,2560.0
903930,129,42,2025-01-04,2025-01-07,Bangalore,Accessories,Prepaid,2,1620.0
903931,70,40,2024-11-17,2024-11-23,Pune,Beauty & Personal Care,COD,2,1080.0
903932,158,35,2025-01-26,2025-02-01,Mumbai,Beauty & Personal Care,Prepaid,1,590.0
903933,90,45,2024-08-27,2024-08-31,Pune,Accessories,Prepaid,1,1290.0
903934,14,44,2024-08-29,2024-09-02,Mumbai,Accessories,COD,1,1130.0
903935,538,34,2025-03-13,2025-03-15,Bangalore,Beauty & Personal Care,COD,1,410.0
903936,591,44,2024-11-26,2024-11-30,Hyderabad,Accessories,COD,1,1130.0
903937,574,15,2025-01-11,2025-01-16,Mumbai,Footwear,Prepaid,1,3740.0
903938,525,41,2024-08-11,2024-08-17,Pune,Accessories,Prepaid,2,2780.0
903939,58,16,2025-02-02,2025-02-07,Chennai,Footwear,Prepaid,2,7800.0
903940,233,30,2024-04-03,2024-04-06,Chennai,Home & Kitchen,COD,1,2550.0
903941,423,38,2025-03-16,2025-03-20,Bangalore,Beauty & Personal Care,Prepaid,2,1020.0
903942,380,42,2024-04-23,2024-04-25,Chennai,Accessories,COD,1,810.0
903943,436,40,2024-07-10,2024-07-13,Mumbai,Beauty & Personal Care,Prepaid,1,540.0
903944,460,29,2025-03-19,2025-03-23,Delhi NCR,Home & Kitchen,COD,1,2450.0
903945,336,35,2024-12-15,2024-12-21,Chennai,Beauty & Personal Care,Prepaid,1,590.0
903946,92,40,2024-10-21,2024-10-25,Hyderabad,Beauty & Personal Care,COD,1,540.0
903947,435,21,2024-12-22,2024-12-25,Bangalore,Electronics,Prepaid,1,9950.0
903948,364,24,2024-05-19,2024-05-21,Hyderabad,Electronics,Prepaid,1,11450.0
903949,118,9,2024-05-28,2024-06-01,Delhi NCR,Footwear,COD,1,3370.0
903950,157,39,2024-08-14,2024-08-16,Pune,Beauty & Personal Care,COD,1,780.0
903951,196,21,2024-11-09,2024-11-14,Mumbai,Electronics,COD,1,9950.0
903952,555,7,2024-04-21,2024-04-25,Chennai,Fashion & Apparel,Prepaid,1,2150.0
903953,154,13,2024-04-24,2024-04-29,Chennai,Footwear,COD,1,3000.0
903954,545,2,2024-07-04,2024-07-06,Mumbai,Fashion & Apparel,Prepaid,1,1190.0
903955,441,21,2024-10-04,2024-10-10,Hyderabad,Electronics,Prepaid,1,9950.0
903956,509,6,2024-08-03,2024-08-08,Mumbai,Fashion & Apparel,Prepaid,1,1510.0
903957,2,36,2025-03-30,2025-04-01,Mumbai,Beauty & Personal Care,COD,1,1130.0
903958,446,27,2024-11-16,2024-11-18,Pune,Home & Kitchen,Prepaid,1,1080.0
903959,550,23,2025-02-17,2025-02-23,Mumbai,Electronics,COD,1,12780.0
903960,27,2,2024-08-12,2024-08-18,Bangalore,Fashion & Apparel,COD,2,2380.0
903961,317,2,2024-05-24,2024-05-29,Mumbai,Fashion & Apparel,Prepaid,1,1190.0
903962,161,36,2025-03-14,2025-03-18,Bangalore,Beauty & Personal Care,Prepaid,2,2260.0
903963,349,27,2024-05-11,2024-05-14,Hyderabad,Home & Kitchen,Prepaid,1,1080.0
903964,205,31,2024-04-19,2024-04-25,Chennai,Home & Kitchen,Prepaid,1,1740.0
903965,246,18,2024-11-28,2024-12-01,Pune,Electronics,COD,1,13140.0
903966,488,26,2024-07-03,2024-07-07,Hyderabad,Home & Kitchen,Prepaid,2,4500.0
903967,514,42,2024-12-11,2024-12-15,Chennai,Accessories,Prepaid,1,810.0
903968,221,3,2024-11-25,2024-11-29,Hyderabad,Fashion & Apparel,Prepaid,1,1770.0
903969,127,6,2024-06-26,2024-06-30,Hyderabad,Fashion & Apparel,Prepaid,1,1510.0
903970,102,1,2024-10-20,2024-10-24,Delhi NCR,Fashion & Apparel,Prepaid,1,1110.0
903971,126,17,2025-01-30,2025-02-03,Mumbai,Electronics,Prepaid,1,13790.0
903972,474,8,2024-11-05,2024-11-09,Hyderabad,Fashion & Apparel,Prepaid,1,1870.0
903973,524,37,2025-01-23,2025-01-28,Pune,Beauty & Personal Care,COD,2,1620.0
903974,541,17,2024-09-23,2024-09-29,Bangalore,Electronics,COD,1,13790.0
903975,409,39,2025-03-26,2025-03-29,Mumbai,Beauty & Personal Care,COD,2,1560.0
903976,500,23,2024-05-07,2024-05-09,Delhi NCR,Electronics,COD,1,12780.0
903977,279,38,2025-03-01,2025-03-06,Delhi NCR,Beauty & Personal Care,Prepaid,2,1020.0
903978,271,33,2024-07-17,2024-07-22,Chennai,Beauty & Personal Care,Prepaid,1,740.0
903979,23,40,2024-10-16,2024-10-18,Pune,Beauty & Personal Care,Prepaid,1,540.0
903980,374,9,2024-08-17,2024-08-22,Chennai,Footwear,Prepaid,1,3370.0
903981,597,24,2024-08-07,2024-08-11,Mumbai,Electronics,COD,1,11450.0
903982,123,42,2024-04-03,2024-04-07,Pune,Accessories,Prepaid,1,810.0
903983,497,42,2024-10-10,2024-10-12,Mumbai,Accessories,Prepaid,1,810.0
903984,590,16,2024-11-15,2024-11-21,Mumbai,Footwear,Prepaid,1,3900.0
903985,33,8,2024-11-05,2024-11-07,Bangalore,Fashion & Apparel,Prepaid,2,3740.0
903986,42,20,2024-04-25,2024-04-30,Pune,Electronics,Prepaid,2,25620.0
903987,91,47,2024-04-17,2024-04-21,Bangalore,Accessories,Prepaid,2,1780.0
903988,574,35,2024-07-10,2024-07-12,Mumbai,Beauty & Personal Care,COD,1,590.0
903989,531,14,2024-04-22,2024-04-25,Kochi,Footwear,Prepaid,1,2370.0
903990,477,45,2024-12-11,2024-12-13,Pune,Accessories,COD,1,1290.0
903991,20,45,2025-03-23,2025-03-27,Pune,Accessories,COD,1,1290.0
903992,261,25,2024-04-15,2024-04-20,Bangalore,Home & Kitchen,COD,1,3150.0
903993,16,8,2025-03-01,2025-03-03,Delhi NCR,Fashion & Apparel,Prepaid,1,1870.0
903994,163,41,2025-01-24,2025-01-28,Mumbai,Accessories,Prepaid,1,1390.0
903995,95,35,2024-05-21,2024-05-26,Mumbai,Beauty & Personal Care,COD,1,590.0
903996,35,37,2024-09-28,2024-09-30,Delhi NCR,Beauty & Personal Care,Prepaid,1,810.0
903997,23,13,2024-10-13,2024-10-17,Pune,Footwear,COD,1,3000.0
903998,215,15,2024-06-28,2024-07-01,Hyderabad,Footwear,COD,2,7480.0
903999,245,32,2024-05-28,2024-06-01,Mumbai,Home & Kitchen,Prepaid,3,5970.0
904000,363,13,2024-04-12,2024-04-16,Hyderabad,Footwear,Prepaid,3,9000.0
904001,433,5,2024-09-13,2024-09-15,Pune,Fashion & Apparel,COD,1,1960.0
904002,322,43,2024-12-09,2024-12-13,Bangalore,Accessories,Prepaid,1,910.0
904003,131,30,2024-04-17,2024-04-21,Bangalore,Home & Kitchen,COD,3,7650.0
904004,595,14,2024-07-09,2024-07-14,Delhi NCR,Footwear,Prepaid,3,7110.0
904005,564,41,2025-01-24,2025-01-27,Mumbai,Accessories,COD,1,1390.0
904006,251,27,2025-03-11,2025-03-17,Delhi NCR,Home & Kitchen,COD,1,1080.0
904007,504,6,2024-06-02,2024-06-07,Pune,Fashion & Apparel,COD,1,1510.0
904008,191,30,2025-02-17,2025-02-22,Pune,Home & Kitchen,COD,1,2550.0
904009,457,35,2024-04-28,2024-05-01,Pune,Beauty & Personal Care,COD,1,590.0
904010,59,12,2024-07-25,2024-07-27,Delhi NCR,Footwear,Prepaid,1,2600.0
904011,578,4,2024-07-26,2024-07-30,Delhi NCR,Fashion & Apparel,Prepaid,1,970.0
904012,177,18,2024-08-22,2024-08-27,Delhi NCR,Electronics,Prepaid,1,13140.0
904013,424,45,2025-03-18,2025-03-23,Bangalore,Accessories,COD,1,1290.0
904014,53,47,2024-12-16,2024-12-22,Kochi,Accessories,COD,1,890.0
904015,573,34,2024-11-03,2024-11-07,Mumbai,Beauty & Personal Care,Prepaid,2,820.0
904016,560,20,2024-05-12,2024-05-16,Kochi,Electronics,Prepaid,1,12810.0
904017,318,20,2025-01-31,2025-02-03,Delhi NCR,Electronics,Prepaid,1,12810.0
904018,255,42,2024-09-28,2024-10-02,Kochi,Accessories,COD,1,810.0
904019,127,24,2024-09-20,2024-09-22,Hyderabad,Electronics,Prepaid,1,11450.0
904020,342,38,2024-05-09,2024-05-11,Hyderabad,Beauty & Personal Care,Prepaid,1,510.0
904021,448,13,2024-05-10,2024-05-16,Pune,Footwear,COD,2,6000.0
904022,145,40,2025-03-13,2025-03-16,Bangalore,Beauty & Personal Care,Prepaid,3,1620.0
904023,532,2,2024-07-03,2024-07-05,Pune,Fashion & Apparel,COD,1,1190.0
904024,17,6,2024-06-27,2024-07-03,Kochi,Fashion & Apparel,COD,1,1510.0
904025,433,25,2024-05-04,2024-05-09,Pune,Home & Kitchen,Prepaid,1,3150.0
904026,545,46,2024-04-02,2024-04-08,Mumbai,Accessories,COD,1,1320.0
904027,579,36,2024-09-09,2024-09-12,Hyderabad,Beauty & Personal Care,COD,1,1130.0
904028,384,42,2025-03-07,2025-03-09,Chennai,Accessories,Prepaid,2,1620.0
904029,530,32,2024-08-22,2024-08-26,Delhi NCR,Home & Kitchen,COD,1,1990.0
904030,342,19,2024-04-23,2024-04-28,Hyderabad,Electronics,Prepaid,1,10800.0
904031,586,27,2024-05-04,2024-05-09,Bangalore,Home & Kitchen,COD,1,1080.0
904032,597,25,2024-09-01,2024-09-04,Mumbai,Home & Kitchen,Prepaid,2,6300.0
904033,398,33,2024-04-15,2024-04-17,Pune,Beauty & Personal Care,Prepaid,2,1480.0
904034,584,1,2024-04-28,2024-05-04,Delhi NCR,Fashion & Apparel,Prepaid,2,2220.0
904035,457,35,2024-05-25,2024-05-28,Pune,Beauty & Personal Care,Prepaid,3,1770.0
904036,67,33,2024-12-06,2024-12-08,Pune,Beauty & Personal Care,Prepaid,1,740.0
904037,128,18,2024-06-29,2024-07-05,Mumbai,Electronics,Prepaid,1,13140.0
904038,368,29,2025-01-18,2025-01-21,Kochi,Home & Kitchen,COD,1,2450.0
904039,129,1,2024-07-31,2024-08-02,Bangalore,Fashion & Apparel,Prepaid,2,2220.0
904040,93,38,2024-08-31,2024-09-06,Bangalore,Beauty & Personal Care,Prepaid,2,1020.0
904041,282,41,2024-12-04,2024-12-08,Hyderabad,Accessories,COD,1,1390.0
904042,126,11,2024-07-23,2024-07-25,Mumbai,Footwear,Prepaid,3,7680.0
904043,293,42,2024-10-06,2024-10-11,Delhi NCR,Accessories,Prepaid,1,810.0
904044,324,26,2025-02-28,2025-03-04,Mumbai,Home & Kitchen,Prepaid,1,2250.0
904045,591,21,2025-03-04,2025-03-10,Hyderabad,Electronics,COD,1,9950.0
904046,149,28,2024-08-29,2024-08-31,Mumbai,Home & Kitchen,Prepaid,2,6340.0
904047,534,39,2024-10-08,2024-10-10,Mumbai,Beauty & Personal Care,COD,2,1560.0
904048,259,15,2024-12-29,2025-01-02,Bangalore,Footwear,COD,2,7480.0
904049,518,46,2025-02-02,2025-02-04,Bangalore,Accessories,COD,2,2640.0
904050,99,3,2024-06-02,2024-06-06,Delhi NCR,Fashion & Apparel,Prepaid,1,1770.0
904051,142,45,2025-01-24,2025-01-30,Chennai,Accessories,Prepaid,1,1290.0
904052,495,48,2024-12-10,2024-12-12,Kochi,Accessories,Prepaid,2,3120.0
904053,377,42,2024-11-22,2024-11-24,Delhi NCR,Accessories,Prepaid,1,810.0
904054,278,43,2024-11-23,2024-11-25,Mumbai,Accessories,Prepaid,2,1820.0
904055,339,33,2025-02-19,2025-02-24,Delhi NCR,Beauty & Personal Care,COD,1,740.0
904056,306,13,2024-10-10,2024-10-13,Chennai,Footwear,Prepaid,1,3000.0
904057,348,46,2024-10-05,2024-10-08,Kochi,Accessories,COD,1,1320.0
904058,30,19,2024-11-15,2024-11-19,Pune,Electronics,Prepaid,1,10800.0
904059,503,36,2024-09-28,2024-10-02,Chennai,Beauty & Personal Care,COD,1,1130.0
904060,145,8,2025-01-29,2025-01-31,Bangalore,Fashion & Apparel,Prepaid,1,1870.0
904061,51,29,2024-12-25,2024-12-27,Kochi,Home & Kitchen,COD,1,2450.0
904062,134,44,2024-08-18,2024-08-23,Delhi NCR,Accessories,Prepaid,1,1130.0
904063,119,5,2024-12-30,2025-01-04,Delhi NCR,Fashion & Apparel,Prepaid,1,1960.0
904064,238,26,2024-08-08,2024-08-14,Delhi NCR,Home & Kitchen,COD,1,2250.0
904065,461,27,2024-06-03,2024-06-08,Chennai,Home & Kitchen,Prepaid,1,1080.0
904066,162,3,2025-03-01,2025-03-07,Pune,Fashion & Apparel,COD,1,1770.0
904067,198,8,2024-09-09,2024-09-11,Delhi NCR,Fashion & Apparel,Prepaid,1,1870.0
904068,124,15,2024-11-07,2024-11-13,Chennai,Footwear,Prepaid,3,11220.0
904069,173,5,2024-06-03,2024-06-09,Mumbai,Fashion & Apparel,Prepaid,1,1960.0
904070,183,23,2024-07-01,2024-07-04,Hyderabad,Electronics,COD,1,12780.0
904071,542,16,2024-08-15,2024-08-18,Delhi NCR,Footwear,Prepaid,1,3900.0
904072,364,33,2024-08-11,2024-08-17,Hyderabad,Beauty & Personal Care,Prepaid,3,2220.0
904073,49,3,2024-09-07,2024-09-10,Hyderabad,Fashion & Apparel,Prepaid,1,1770.0
904074,386,14,2024-07-29,2024-08-02,Kochi,Footwear,Prepaid,1,2370.0
904075,118,28,2025-01-20,2025-01-25,Delhi NCR,Home & Kitchen,Prepaid,1,3170.0
904076,569,32,2024-05-04,2024-05-09,Bangalore,Home & Kitchen,Prepaid,2,3980.0
904077,535,41,2025-03-03,2025-03-06,Bangalore,Accessories,Prepaid,1,1390.0
904078,249,41,2024-10-04,2024-10-09,Pune,Accessories,Prepaid,1,1390.0
904079,154,28,2025-03-18,2025-03-20,Chennai,Home & Kitchen,COD,1,3170.0
904080,155,23,2024-06-08,2024-06-14,Chennai,Electronics,Prepaid,1,12780.0
904081,461,43,2025-01-17,2025-01-19,Chennai,Accessories,COD,1,910.0
904082,323,13,2024-10-17,2024-10-21,Chennai,Footwear,COD,1,3000.0
904083,281,34,2024-06-13,2024-06-18,Mumbai,Beauty & Personal Care,Prepaid,3,1230.0
904084,422,40,2024-06-05,2024-06-11,Bangalore,Beauty & Personal Care,COD,1,540.0
904085,582,26,2024-11-11,2024-11-14,Hyderabad,Home & Kitchen,Prepaid,1,2250.0
904086,298,30,2025-02-08,2025-02-11,Mumbai,Home & Kitchen,COD,1,2550.0
904087,60,26,2024-04-21,2024-04-27,Bangalore,Home & Kitchen,COD,1,2250.0
904088,402,13,2024-08-15,2024-08-19,Chennai,Footwear,COD,1,3000.0
904089,119,3,2025-01-23,2025-01-25,Delhi NCR,Fashion & Apparel,Prepaid,1,1770.0
904090,531,43,2025-02-02,2025-02-04,Kochi,Accessories,Prepaid,2,1820.0
904091,333,44,2024-09-03,2024-09-06,Hyderabad,Accessories,COD,3,3390.0
904092,110,35,2025-02-12,2025-02-15,Pune,Beauty & Personal Care,Prepaid,1,590.0
904093,243,22,2025-02-13,2025-02-15,Chennai,Electronics,COD,1,13330.0
904094,526,27,2024-08-26,2024-08-29,Bangalore,Home & Kitchen,COD,1,1080.0
904095,272,45,2024-09-29,2024-10-04,Delhi NCR,Accessories,Prepaid,1,1290.0
904096,202,28,2024-11-04,2024-11-08,Mumbai,Home & Kitchen,COD,2,6340.0
904097,104,31,2024-07-23,2024-07-26,Mumbai,Home & Kitchen,Prepaid,1,1740.0
904098,345,18,2025-03-17,2025-03-22,Bangalore,Electronics,COD,1,13140.0
904099,68,40,2024-12-14,2024-12-18,Bangalore,Beauty & Personal Care,Prepaid,1,540.0
904100,229,12,2024-11-13,2024-11-17,Hyderabad,Footwear,Prepaid,2,5200.0
904101,450,42,2024-10-06,2024-10-10,Pune,Accessories,COD,1,810.0
904102,84,15,2024-05-17,2024-05-22,Kochi,Footwear,COD,1,3740.0
904103,598,40,2024-12-15,2024-12-21,Bangalore,Beauty & Personal Care,Prepaid,1,540.0
904104,142,48,2025-02-27,2025-03-03,Chennai,Accessories,COD,2,3120.0
904105,13,40,2025-03-22,2025-03-24,Kochi,Beauty & Personal Care,COD,1,540.0
904106,450,13,2024-05-06,2024-05-09,Pune,Footwear,Prepaid,1,3000.0
904107,199,34,2025-01-14,2025-01-16,Bangalore,Beauty & Personal Care,Prepaid,1,410.0
904108,286,35,2024-04-26,2024-04-28,Mumbai,Beauty & Personal Care,COD,1,590.0
904109,574,10,2024-10-31,2024-11-06,Mumbai,Footwear,COD,1,3700.0
904110,404,19,2024-05-02,2024-05-06,Hyderabad,Electronics,COD,1,10800.0
904111,14,3,2024-07-01,2024-07-07,Mumbai,Fashion & Apparel,Prepaid,2,3540.0
904112,86,1,2024-07-21,2024-07-24,Mumbai,Fashion & Apparel,COD,1,1110.0
904113,374,32,2024-07-09,2024-07-14,Chennai,Home & Kitchen,Prepaid,2,3980.0
904114,241,34,2024-07-27,2024-08-02,Pune,Beauty & Personal Care,Prepaid,1,410.0
904115,191,21,2024-12-18,2024-12-23,Pune,Electronics,COD,2,19900.0
904116,258,13,2025-01-02,2025-01-07,Delhi NCR,Footwear,COD,1,3000.0
904117,408,48,2025-03-07,2025-03-13,Pune,Accessories,COD,1,1560.0
904118,462,12,2024-04-10,2024-04-16,Hyderabad,Footwear,Prepaid,1,2600.0
904119,277,6,2024-04-17,2024-04-21,Bangalore,Fashion & Apparel,Prepaid,1,1510.0
904120,505,25,2024-09-17,2024-09-20,Mumbai,Home & Kitchen,COD,1,3150.0
904121,31,5,2024-09-01,2024-09-06,Mumbai,Fashion & Apparel,Prepaid,1,1960.0
904122,75,28,2024-06-05,2024-06-07,Hyderabad,Home & Kitchen,Prepaid,1,3170.0
904123,321,15,2025-01-07,2025-01-13,Chennai,Footwear,COD,1,3740.0
904124,551,40,2024-08-17,2024-08-20,Hyderabad,Beauty & Personal Care,COD,1,540.0
904125,102,40,2025-02-25,2025-03-01,Delhi NCR,Beauty & Personal Care,Prepaid,1,540.0
904126,221,43,2024-12-21,2024-12-27,Hyderabad,Accessories,Prepaid,1,910.0
904127,539,36,2024-04-18,2024-04-22,Mumbai,Beauty & Personal Care,Prepaid,1,1130.0
904128,217,4,2024-08-03,2024-08-09,Mumbai,Fashion & Apparel,COD,1,970.0
904129,158,4,2024-09-03,2024-09-06,Mumbai,Fashion & Apparel,Prepaid,1,970.0
904130,311,25,2024-08-08,2024-08-13,Mumbai,Home & Kitchen,COD,1,3150.0
904131,430,33,2024-05-30,2024-06-02,Chennai,Beauty & Personal Care,COD,1,740.0
904132,300,14,2025-01-11,2025-01-16,Mumbai,Footwear,Prepaid,1,2370.0
904133,367,30,2024-11-06,2024-11-12,Mumbai,Home & Kitchen,Prepaid,1,2550.0
904134,555,46,2025-03-19,2025-03-24,Chennai,Accessories,COD,2,2640.0
904135,280,20,2024-09-06,2024-09-12,Hyderabad,Electronics,COD,2,25620.0
904136,529,17,2025-02-06,2025-02-08,Pune,Electronics,Prepaid,1,13790.0
904137,573,4,2024-08-06,2024-08-10,Mumbai,Fashion & Apparel,COD,2,1940.0
904138,477,19,2024-06-04,2024-06-08,Pune,Electronics,Prepaid,1,10800.0
904139,516,12,2024-09-02,2024-09-04,Mumbai,Footwear,COD,1,2600.0
904140,244,5,2024-10-31,2024-11-05,Mumbai,Fashion & Apparel,COD,1,1960.0
904141,62,33,2025-01-15,2025-01-19,Pune,Beauty & Personal Care,Prepaid,1,740.0
904142,184,25,2024-04-10,2024-04-13,Mumbai,Home & Kitchen,Prepaid,1,3150.0
904143,434,41,2024-07-25,2024-07-28,Chennai,Accessories,COD,1,1390.0
904144,186,2,2024-11-19,2024-11-24,Hyderabad,Fashion & Apparel,Prepaid,1,1190.0
904145,120,6,2024-09-29,2024-10-04,Pune,Fashion & Apparel,Prepaid,1,1510.0
904146,36,1,2025-03-30,2025-04-01,Pune,Fashion & Apparel,Prepaid,2,2220.0
904147,553,15,2024-10-23,2024-10-25,Hyderabad,Footwear,COD,2,7480.0
904148,343,20,2025-01-14,2025-01-18,Chennai,Electronics,COD,1,12810.0
904149,73,32,2024-06-02,2024-06-08,Chennai,Home & Kitchen,Prepaid,1,1990.0
904150,351,17,2024-08-27,2024-08-29,Pune,Electronics,Prepaid,1,13790.0
904151,481,41,2024-04-02,2024-04-06,Pune,Accessories,Prepaid,1,1390.0
904152,512,26,2024-09-11,2024-09-13,Kochi,Home & Kitchen,COD,1,2250.0
904153,35,5,2025-01-20,2025-01-25,Delhi NCR,Fashion & Apparel,COD,1,1960.0
904154,129,3,2025-02-25,2025-03-01,Bangalore,Fashion & Apparel,Prepaid,2,3540.0
904155,39,8,2024-07-22,2024-07-26,Pune,Fashion & Apparel,COD,1,1870.0
904156,117,8,2024-12-22,2024-12-26,Mumbai,Fashion & Apparel,Prepaid,1,1870.0
904157,197,41,2024-04-13,2024-04-16,Hyderabad,Accessories,COD,1,1390.0
904158,87,19,2025-02-21,2025-02-27,Pune,Electronics,COD,3,32400.0
904159,150,24,2025-01-12,2025-01-18,Kochi,Electronics,Prepaid,1,11450.0
904160,402,48,2025-02-16,2025-02-20,Chennai,Accessories,COD,1,1560.0
904161,164,7,2024-10-09,2024-10-11,Chennai,Fashion & Apparel,COD,1,2150.0
904162,358,28,2024-08-23,2024-08-28,Pune,Home & Kitchen,Prepaid,2,6340.0
904163,125,7,2024-04-24,2024-04-26,Delhi NCR,Fashion & Apparel,COD,1,2150.0
904164,76,24,2024-04-17,2024-04-23,Chennai,Electronics,COD,1,11450.0
904165,431,16,2024-11-23,2024-11-29,Pune,Footwear,COD,1,3900.0
904166,223,12,2025-03-02,2025-03-07,Pune,Footwear,COD,1,2600.0
904167,242,43,2024-04-28,2024-05-01,Kochi,Accessories,COD,1,910.0
904168,108,4,2024-08-31,2024-09-03,Chennai,Fashion & Apparel,COD,1,970.0
904169,255,14,2024-10-06,2024-10-12,Kochi,Footwear,COD,1,2370.0
904170,444,46,2025-02-10,2025-02-16,Mumbai,Accessories,COD,1,1320.0
904171,559,46,2024-05-21,2024-05-26,Kochi,Accessories,COD,3,3960.0
904172,37,48,2024-09-29,2024-10-05,Kochi,Accessories,COD,1,1560.0
904173,173,40,2024-11-22,2024-11-26,Mumbai,Beauty & Personal Care,Prepaid,1,540.0
904174,513,16,2024-12-15,2024-12-21,Chennai,Footwear,COD,1,3900.0
904175,4,16,2025-01-04,2025-01-10,Chennai,Footwear,Prepaid,1,3900.0
904176,216,21,2024-07-14,2024-07-18,Delhi NCR,Electronics,Prepaid,1,9950.0
904177,308,44,2025-02-27,2025-03-01,Kochi,Accessories,COD,1,1130.0
904178,231,37,2025-02-19,2025-02-21,Bangalore,Beauty & Personal Care,COD,2,1620.0
904179,317,43,2024-05-19,2024-05-21,Mumbai,Accessories,Prepaid,1,910.0
904180,368,24,2024-05-22,2024-05-26,Kochi,Electronics,Prepaid,2,22900.0
904181,452,1,2024-06-01,2024-06-07,Bangalore,Fashion & Apparel,Prepaid,1,1110.0
904182,568,9,2024-10-13,2024-10-19,Kochi,Footwear,Prepaid,1,3370.0
904183,401,43,2024-05-01,2024-05-06,Kochi,Accessories,Prepaid,1,910.0
904184,341,7,2025-02-19,2025-02-24,Hyderabad,Fashion & Apparel,COD,1,2150.0
904185,251,30,2025-03-01,2025-03-06,Delhi NCR,Home & Kitchen,Prepaid,2,5100.0
904186,525,45,2024-05-11,2024-05-16,Pune,Accessories,Prepaid,1,1290.0
904187,195,8,2024-11-12,2024-11-16,Mumbai,Fashion & Apparel,Prepaid,2,3740.0
904188,391,35,2025-02-17,2025-02-23,Pune,Beauty & Personal Care,COD,2,1180.0
904189,439,4,2024-11-18,2024-11-24,Hyderabad,Fashion & Apparel,COD,2,1940.0
904190,542,5,2024-08-10,2024-08-13,Delhi NCR,Fashion & Apparel,Prepaid,1,1960.0
904191,347,9,2024-05-24,2024-05-29,Bangalore,Footwear,Prepaid,1,3370.0
904192,579,13,2024-07-22,2024-07-26,Hyderabad,Footwear,COD,1,3000.0
904193,223,32,2024-05-12,2024-05-18,Pune,Home & Kitchen,Prepaid,1,1990.0
904194,87,17,2024-11-10,2024-11-12,Pune,Electronics,COD,2,27580.0
904195,278,40,2024-10-23,2024-10-26,Mumbai,Beauty & Personal Care,Prepaid,2,1080.0
904196,27,26,2024-10-12,2024-10-16,Bangalore,Home & Kitchen,COD,1,2250.0
904197,26,14,2025-02-16,2025-02-20,Hyderabad,Footwear,COD,2,4740.0
904198,183,39,2024-11-11,2024-11-17,Hyderabad,Beauty & Personal Care,Prepaid,1,780.0
904199,48,36,2024-05-08,2024-05-14,Delhi NCR,Beauty & Personal Care,Prepaid,2,2260.0
904200,508,48,2024-06-27,2024-07-01,Mumbai,Accessories,Prepaid,3,4680.0
904201,510,2,2024-10-26,2024-10-31,Pune,Fashion & Apparel,Prepaid,1,1190.0
904202,14,44,2025-02-05,2025-02-11,Mumbai,Accessories,COD,1,1130.0
904203,518,24,2024-08-02,2024-08-05,Bangalore,Electronics,Prepaid,1,11450.0
904204,99,33,2025-01-27,2025-01-31,Delhi NCR,Beauty & Personal Care,Prepaid,1,740.0
904205,259,26,2025-01-12,2025-01-16,Bangalore,Home & Kitchen,Prepaid,1,2250.0
904206,217,17,2024-07-14,2024-07-19,Mumbai,Electronics,COD,1,13790.0
904207,504,26,2025-01-25,2025-01-28,Pune,Home & Kitchen,COD,1,2250.0
904208,220,18,2024-04-23,2024-04-28,Chennai,Electronics,COD,1,13140.0
904209,328,4,2024-05-13,2024-05-17,Delhi NCR,Fashion & Apparel,Prepaid,1,970.0
904210,16,23,2024-12-01,2024-12-06,Delhi NCR,Electronics,Prepaid,1,12780.0
904211,562,18,2024-07-07,2024-07-11,Kochi,Electronics,COD,1,13140.0
904212,7,36,2024-12-09,2024-12-12,Mumbai,Beauty & Personal Care,Prepaid,2,2260.0
904213,563,37,2024-04-15,2024-04-18,Pune,Beauty & Personal Care,Prepaid,2,1620.0
904214,192,14,2025-02-06,2025-02-10,Bangalore,Footwear,COD,1,2370.0
904215,145,21,2025-01-14,2025-01-16,Bangalore,Electronics,Prepaid,1,9950.0
904216,301,29,2025-02-14,2025-02-20,Bangalore,Home & Kitchen,COD,2,4900.0
904217,356,17,2024-09-27,2024-10-01,Mumbai,Electronics,COD,1,13790.0
904218,446,22,2024-12-16,2024-12-20,Pune,Electronics,Prepaid,1,13330.0
904219,586,34,2024-12-19,2024-12-25,Bangalore,Beauty & Personal Care,Prepaid,1,410.0
904220,392,4,2024-12-01,2024-12-05,Bangalore,Fashion & Apparel,COD,1,970.0
904221,54,3,2025-01-16,2025-01-19,Chennai,Fashion & Apparel,COD,1,1770.0
904222,512,42,2025-01-22,2025-01-24,Kochi,Accessories,Prepaid,1,810.0
904223,39,37,2024-08-22,2024-08-28,Pune,Beauty & Personal Care,COD,3,2430.0
904224,365,40,2024-09-17,2024-09-20,Delhi NCR,Beauty & Personal Care,Prepaid,1,540.0
904225,209,28,2025-01-18,2025-01-22,Bangalore,Home & Kitchen,Prepaid,1,3170.0
904226,210,5,2024-07-16,2024-07-22,Chennai,Fashion & Apparel,Prepaid,2,3920.0
904227,466,16,2025-02-09,2025-02-11,Hyderabad,Footwear,COD,1,3900.0
904228,419,5,2024-11-16,2024-11-18,Delhi NCR,Fashion & Apparel,COD,1,1960.0
904229,97,1,2024-07-26,2024-07-31,Mumbai,Fashion & Apparel,COD,1,1110.0
904230,201,4,2024-09-26,2024-09-29,Hyderabad,Fashion & Apparel,COD,1,970.0
904231,440,22,2024-07-29,2024-08-02,Kochi,Electronics,COD,1,13330.0
904232,138,25,2024-04-10,2024-04-16,Chennai,Home & Kitchen,Prepaid,1,3150.0
904233,468,9,2024-08-25,2024-08-27,Chennai,Footwear,Prepaid,1,3370.0
904234,413,29,2024-08-22,2024-08-27,Delhi NCR,Home & Kitchen,Prepaid,1,2450.0
904235,433,47,2024-06-15,2024-06-19,Pune,Accessories,Prepaid,1,890.0
904236,535,2,2025-03-28,2025-04-01,Bangalore,Fashion & Apparel,Prepaid,1,1190.0
904237,172,44,2024-10-03,2024-10-08,Mumbai,Accessories,Prepaid,2,2260.0
904238,564,48,2024-11-03,2024-11-06,Mumbai,Accessories,COD,1,1560.0
904239,326,43,2024-09-10,2024-09-14,Chennai,Accessories,COD,1,910.0
904240,335,14,2024-09-12,2024-09-15,Bangalore,Footwear,Prepaid,1,2370.0
904241,107,29,2025-02-25,2025-03-01,Chennai,Home & Kitchen,COD,1,2450.0
904242,141,31,2024-06-30,2024-07-04,Bangalore,Home & Kitchen,Prepaid,1,1740.0
904243,275,6,2024-08-26,2024-08-31,Pune,Fashion & Apparel,COD,1,1510.0
904244,202,24,2024-10-21,2024-10-23,Mumbai,Electronics,Prepaid,2,22900.0
904245,148,1,2025-03-05,2025-03-09,Hyderabad,Fashion & Apparel,Prepaid,1,1110.0
904246,157,33,2024-12-30,2025-01-04,Pune,Beauty & Personal Care,COD,1,740.0
904247,65,21,2025-03-02,2025-03-08,Pune,Electronics,Prepaid,1,9950.0
904248,53,28,2024-08-20,2024-08-22,Kochi,Home & Kitchen,COD,1,3170.0
904249,435,21,2025-03-01,2025-03-04,Bangalore,Electronics,Prepaid,1,9950.0
904250,347,7,2024-06-18,2024-06-23,Bangalore,Fashion & Apparel,Prepaid,1,2150.0
904251,79,19,2024-12-12,2024-12-15,Pune,Electronics,Prepaid,1,10800.0
904252,73,33,2024-05-31,2024-06-03,Chennai,Beauty & Personal Care,Prepaid,1,740.0
904253,140,35,2024-07-04,2024-07-07,Mumbai,Beauty & Personal Care,Prepaid,1,590.0
904254,211,31,2024-10-17,2024-10-22,Bangalore,Home & Kitchen,COD,1,1740.0
904255,343,13,2025-02-10,2025-02-13,Chennai,Footwear,COD,1,3000.0
904256,449,28,2024-12-04,2024-12-08,Mumbai,Home & Kitchen,COD,2,6340.0
904257,257,13,2024-08-30,2024-09-02,Hyderabad,Footwear,Prepaid,1,3000.0
904258,75,9,2024-06-23,2024-06-26,Hyderabad,Footwear,COD,1,3370.0
904259,66,38,2025-03-23,2025-03-29,Delhi NCR,Beauty & Personal Care,Prepaid,1,510.0
904260,510,28,2024-09-23,2024-09-25,Pune,Home & Kitchen,Prepaid,2,6340.0
904261,258,44,2024-04-11,2024-04-14,Delhi NCR,Accessories,COD,2,2260.0
904262,298,2,2025-02-21,2025-02-26,Mumbai,Fashion & Apparel,COD,2,2380.0
904263,380,35,2024-06-29,2024-07-01,Chennai,Beauty & Personal Care,COD,1,590.0
904264,23,37,2025-03-08,2025-03-12,Pune,Beauty & Personal Care,Prepaid,1,810.0
904265,311,35,2024-04-15,2024-04-17,Mumbai,Beauty & Personal Care,COD,1,590.0
904266,438,36,2024-06-20,2024-06-26,Hyderabad,Beauty & Personal Care,Prepaid,1,1130.0
904267,444,45,2024-09-11,2024-09-17,Mumbai,Accessories,Prepaid,2,2580.0
904268,408,45,2024-07-22,2024-07-25,Pune,Accessories,Prepaid,3,3870.0
904269,124,3,2024-09-14,2024-09-18,Chennai,Fashion & Apparel,Prepaid,1,1770.0
904270,325,13,2025-01-01,2025-01-03,Bangalore,Footwear,Prepaid,1,3000.0
904271,549,22,2024-06-04,2024-06-10,Kochi,Electronics,COD,1,13330.0
904272,536,39,2024-04-09,2024-04-11,Chennai,Beauty & Personal Care,Prepaid,1,780.0
904273,52,5,2024-10-17,2024-10-21,Kochi,Fashion & Apparel,Prepaid,1,1960.0
904274,14,8,2024-11-29,2024-12-04,Mumbai,Fashion & Apparel,Prepaid,1,1870.0
904275,596,29,2024-07-01,2024-07-05,Mumbai,Home & Kitchen,COD,1,2450.0
904276,127,42,2024-08-14,2024-08-16,Hyderabad,Accessories,COD,1,810.0
904277,417,25,2024-08-09,2024-08-12,Mumbai,Home & Kitchen,Prepaid,1,3150.0
904278,572,4,2024-10-19,2024-10-25,Hyderabad,Fashion & Apparel,Prepaid,1,970.0
904279,190,4,2024-09-26,2024-09-29,Delhi NCR,Fashion & Apparel,Prepaid,1,970.0
904280,594,39,2024-11-30,2024-12-06,Hyderabad,Beauty & Personal Care,COD,1,780.0
904281,452,21,2024-10-05,2024-10-07,Bangalore,Electronics,COD,1,9950.0
904282,408,37,2024-07-27,2024-08-02,Pune,Beauty & Personal Care,COD,2,1620.0
904283,546,23,2025-01-04,2025-01-09,Bangalore,Electronics,COD,1,12780.0
904284,427,2,2025-02-06,2025-02-09,Bangalore,Fashion & Apparel,Prepaid,1,1190.0
904285,577,4,2024-10-27,2024-10-31,Kochi,Fashion & Apparel,COD,1,970.0
904286,129,13,2025-02-03,2025-02-07,Bangalore,Footwear,COD,3,9000.0
904287,527,4,2024-11-12,2024-11-14,Bangalore,Fashion & Apparel,COD,2,1940.0
904288,458,39,2025-01-02,2025-01-05,Bangalore,Beauty & Personal Care,COD,3,2340.0
904289,464,14,2025-01-18,2025-01-21,Bangalore,Footwear,Prepaid,1,2370.0
904290,200,4,2025-02-10,2025-02-14,Delhi NCR,Fashion & Apparel,Prepaid,1,970.0
904291,547,5,2025-02-24,2025-02-27,Bangalore,Fashion & Apparel,Prepaid,1,1960.0
904292,472,35,2024-07-14,2024-07-19,Bangalore,Beauty & Personal Care,COD,2,1180.0
904293,410,7,2024-09-17,2024-09-21,Bangalore,Fashion & Apparel,COD,2,4300.0
904294,383,29,2025-01-06,2025-01-11,Mumbai,Home & Kitchen,Prepaid,1,2450.0
904295,375,2,2025-01-08,2025-01-14,Delhi NCR,Fashion & Apparel,COD,1,1190.0
904296,339,2,2025-01-26,2025-01-29,Delhi NCR,Fashion & Apparel,COD,1,1190.0
904297,356,15,2025-02-20,2025-02-25,Mumbai,Footwear,Prepaid,1,3740.0
904298,470,48,2024-12-13,2024-12-19,Kochi,Accessories,COD,1,1560.0
904299,46,48,2024-06-09,2024-06-11,Bangalore,Accessories,Prepaid,1,1560.0
904300,185,43,2024-11-08,2024-11-14,Bangalore,Accessories,Prepaid,1,910.0
904301,61,48,2025-02-23,2025-02-28,Mumbai,Accessories,Prepaid,1,1560.0
904302,242,14,2024-04-20,2024-04-26,Kochi,Footwear,COD,2,4740.0
904303,289,36,2024-05-14,2024-05-18,Delhi NCR,Beauty & Personal Care,COD,2,2260.0
904304,47,36,2024-09-25,2024-09-29,Kochi,Beauty & Personal Care,COD,1,1130.0
904305,47,1,2025-01-22,2025-01-26,Kochi,Fashion & Apparel,Prepaid,1,1110.0
904306,384,25,2024-07-23,2024-07-28,Chennai,Home & Kitchen,Prepaid,2,6300.0
904307,498,37,2024-08-05,2024-08-09,Mumbai,Beauty & Personal Care,Prepaid,1,810.0
904308,96,10,2024-10-11,2024-10-17,Mumbai,Footwear,Prepaid,1,3700.0
904309,212,37,2024-11-15,2024-11-17,Bangalore,Beauty & Personal Care,COD,1,810.0
904310,298,47,2025-01-19,2025-01-25,Mumbai,Accessories,Prepaid,1,890.0
904311,360,24,2025-03-08,2025-03-10,Delhi NCR,Electronics,COD,1,11450.0
904312,501,46,2024-10-15,2024-10-17,Kochi,Accessories,COD,1,1320.0
904313,208,29,2024-10-15,2024-10-18,Bangalore,Home & Kitchen,COD,1,2450.0
904314,369,14,2024-04-02,2024-04-07,Delhi NCR,Footwear,Prepaid,1,2370.0
904315,347,4,2024-04-30,2024-05-03,Bangalore,Fashion & Apparel,Prepaid,1,970.0
904316,76,29,2024-10-26,2024-10-30,Chennai,Home & Kitchen,COD,1,2450.0
904317,266,5,2024-09-06,2024-09-12,Delhi NCR,Fashion & Apparel,Prepaid,1,1960.0
904318,224,48,2024-11-12,2024-11-14,Kochi,Accessories,Prepaid,1,1560.0
904319,323,43,2024-11-17,2024-11-19,Chennai,Accessories,Prepaid,1,910.0
904320,387,10,2024-12-31,2025-01-04,Delhi NCR,Footwear,COD,1,3700.0
904321,551,17,2024-05-10,2024-05-13,Hyderabad,Electronics,COD,1,13790.0
904322,448,21,2024-11-04,2024-11-06,Pune,Electronics,Prepaid,1,9950.0
904323,508,34,2024-05-22,2024-05-24,Mumbai,Beauty & Personal Care,Prepaid,2,820.0
904324,181,21,2024-05-02,2024-05-04,Kochi,Electronics,Prepaid,1,9950.0
904325,270,26,2024-09-06,2024-09-09,Mumbai,Home & Kitchen,Prepaid,3,6750.0
904326,139,6,2024-12-02,2024-12-04,Delhi NCR,Fashion & Apparel,COD,2,3020.0
904327,295,36,2024-12-06,2024-12-08,Delhi NCR,Beauty & Personal Care,COD,1,1130.0
904328,30,2,2024-04-19,2024-04-25,Pune,Fashion & Apparel,COD,1,1190.0
904329,261,18,2024-09-17,2024-09-19,Bangalore,Electronics,COD,1,13140.0
904330,294,32,2024-11-10,2024-11-15,Hyderabad,Home & Kitchen,COD,1,1990.0
904331,496,7,2024-06-07,2024-06-10,Hyderabad,Fashion & Apparel,COD,1,2150.0
904332,437,34,2025-03-16,2025-03-22,Bangalore,Beauty & Personal Care,COD,3,1230.0
904333,475,29,2024-12-11,2024-12-13,Bangalore,Home & Kitchen,Prepaid,2,4900.0
904334,217,40,2025-03-03,2025-03-06,Mumbai,Beauty & Personal Care,Prepaid,1,540.0
904335,188,37,2024-05-09,2024-05-11,Delhi NCR,Beauty & Personal Care,Prepaid,2,1620.0
904336,533,6,2025-01-08,2025-01-12,Delhi NCR,Fashion & Apparel,Prepaid,2,3020.0
904337,468,11,2024-09-29,2024-10-02,Chennai,Footwear,COD,2,5120.0
904338,230,28,2024-06-21,2024-06-25,Bangalore,Home & Kitchen,COD,1,3170.0
904339,212,18,2024-12-31,2025-01-06,Bangalore,Electronics,COD,1,13140.0
904340,251,3,2024-07-19,2024-07-25,Delhi NCR,Fashion & Apparel,COD,1,1770.0
904341,311,11,2024-04-28,2024-04-30,Mumbai,Footwear,COD,2,5120.0
904342,193,9,2024-12-05,2024-12-11,Bangalore,Footwear,Prepaid,2,6740.0
904343,556,41,2024-11-14,2024-11-19,Pune,Accessories,Prepaid,1,1390.0
904344,484,28,2024-04-23,2024-04-26,Mumbai,Home & Kitchen,Prepaid,1,3170.0
904345,559,19,2024-07-22,2024-07-24,Kochi,Electronics,Prepaid,1,10800.0
904346,282,13,2024-04-05,2024-04-08,Hyderabad,Footwear,Prepaid,1,3000.0
904347,337,2,2024-08-16,2024-08-21,Bangalore,Fashion & Apparel,Prepaid,1,1190.0
904348,51,10,2024-04-25,2024-04-29,Kochi,Footwear,Prepaid,2,7400.0
904349,559,6,2024-08-02,2024-08-05,Kochi,Fashion & Apparel,COD,1,1510.0
904350,246,47,2024-11-24,2024-11-27,Pune,Accessories,COD,1,890.0
904351,39,20,2025-03-27,2025-03-29,Pune,Electronics,COD,1,12810.0
904352,402,11,2024-10-16,2024-10-20,Chennai,Footwear,Prepaid,2,5120.0
904353,591,42,2024-11-07,2024-11-09,Hyderabad,Accessories,Prepaid,1,810.0
904354,113,31,2024-10-12,2024-10-16,Kochi,Home & Kitchen,Prepaid,1,1740.0
904355,410,47,2024-12-09,2024-12-11,Bangalore,Accessories,Prepaid,1,890.0
904356,221,28,2024-09-04,2024-09-09,Hyderabad,Home & Kitchen,Prepaid,1,3170.0
904357,556,4,2024-07-29,2024-08-01,Pune,Fashion & Apparel,COD,1,970.0
904358,556,43,2024-09-28,2024-10-01,Pune,Accessories,Prepaid,1,910.0
904359,440,2,2025-03-02,2025-03-07,Kochi,Fashion & Apparel,Prepaid,1,1190.0
904360,432,47,2024-08-22,2024-08-26,Hyderabad,Accessories,Prepaid,1,890.0
904361,212,24,2024-10-09,2024-10-13,Bangalore,Electronics,COD,1,11450.0
904362,200,43,2024-11-09,2024-11-14,Delhi NCR,Accessories,COD,2,1820.0
904363,543,44,2024-04-16,2024-04-20,Chennai,Accessories,Prepaid,1,1130.0
904364,376,18,2024-04-12,2024-04-17,Hyderabad,Electronics,COD,1,13140.0
904365,420,35,2024-12-18,2024-12-24,Chennai,Beauty & Personal Care,Prepaid,1,590.0
904366,288,17,2024-08-27,2024-09-02,Pune,Electronics,Prepaid,1,13790.0
904367,448,48,2024-07-20,2024-07-22,Pune,Accessories,Prepaid,1,1560.0
904368,471,22,2024-10-18,2024-10-24,Hyderabad,Electronics,COD,2,26660.0
904369,227,31,2024-08-15,2024-08-20,Bangalore,Home & Kitchen,Prepaid,2,3480.0
904370,568,12,2024-10-29,2024-11-02,Kochi,Footwear,COD,1,2600.0
904371,1,40,2024-10-31,2024-11-04,Delhi NCR,Beauty & Personal Care,COD,1,540.0
904372,397,17,2024-10-08,2024-10-14,Bangalore,Electronics,COD,1,13790.0
904373,432,44,2024-11-02,2024-11-05,Hyderabad,Accessories,Prepaid,1,1130.0
904374,596,19,2024-11-04,2024-11-08,Mumbai,Electronics,Prepaid,1,10800.0
904375,76,21,2024-05-30,2024-06-01,Chennai,Electronics,COD,2,19900.0
904376,79,18,2024-08-04,2024-08-07,Pune,Electronics,COD,2,26280.0
904377,376,48,2024-05-27,2024-05-29,Hyderabad,Accessories,Prepaid,1,1560.0
904378,198,40,2024-09-11,2024-09-13,Delhi NCR,Beauty & Personal Care,COD,1,540.0
904379,377,38,2024-04-14,2024-04-18,Delhi NCR,Beauty & Personal Care,COD,2,1020.0
904380,301,16,2024-04-14,2024-04-18,Bangalore,Footwear,Prepaid,1,3900.0
904381,524,36,2024-07-08,2024-07-13,Pune,Beauty & Personal Care,Prepaid,1,1130.0
904382,92,31,2024-09-03,2024-09-07,Hyderabad,Home & Kitchen,Prepaid,1,1740.0
904383,369,32,2024-10-09,2024-10-14,Delhi NCR,Home & Kitchen,COD,1,1990.0
904384,237,32,2024-06-16,2024-06-19,Hyderabad,Home & Kitchen,Prepaid,1,1990.0
904385,86,45,2024-11-01,2024-11-06,Mumbai,Accessories,COD,1,1290.0
904386,542,19,2025-02-21,2025-02-27,Delhi NCR,Electronics,COD,2,21600.0
904387,255,25,2024-07-13,2024-07-19,Kochi,Home & Kitchen,Prepaid,1,3150.0
904388,127,15,2025-03-17,2025-03-22,Hyderabad,Footwear,Prepaid,1,3740.0
904389,301,24,2024-05-16,2024-05-22,Bangalore,Electronics,Prepaid,1,11450.0
904390,520,42,2024-12-20,2024-12-22,Bangalore,Accessories,Prepaid,2,1620.0
904391,143,23,2024-12-05,2024-12-07,Bangalore,Electronics,Prepaid,1,12780.0
904392,524,38,2024-12-22,2024-12-26,Pune,Beauty & Personal Care,Prepaid,2,1020.0
904393,476,48,2025-03-16,2025-03-21,Mumbai,Accessories,COD,3,4680.0
904394,452,48,2024-08-03,2024-08-06,Bangalore,Accessories,COD,1,1560.0
904395,308,34,2025-03-23,2025-03-28,Kochi,Beauty & Personal Care,Prepaid,1,410.0
904396,154,15,2024-08-06,2024-08-10,Chennai,Footwear,Prepaid,1,3740.0
904397,393,8,2025-03-27,2025-03-30,Delhi NCR,Fashion & Apparel,COD,1,1870.0
904398,118,39,2025-03-05,2025-03-08,Delhi NCR,Beauty & Personal Care,Prepaid,2,1560.0
904399,444,45,2024-05-05,2024-05-07,Mumbai,Accessories,COD,1,1290.0
904400,171,4,2024-06-28,2024-07-03,Bangalore,Fashion & Apparel,Prepaid,1,970.0
904401,369,22,2025-03-22,2025-03-27,Delhi NCR,Electronics,Prepaid,1,13330.0
904402,144,33,2024-05-27,2024-06-02,Kochi,Beauty & Personal Care,Prepaid,1,740.0
904403,127,45,2024-09-10,2024-09-16,Hyderabad,Accessories,COD,1,1290.0
904404,387,9,2024-05-09,2024-05-15,Delhi NCR,Footwear,COD,1,3370.0
904405,184,33,2025-01-10,2025-01-13,Mumbai,Beauty & Personal Care,Prepaid,1,740.0
904406,233,24,2024-12-08,2024-12-12,Chennai,Electronics,COD,2,22900.0
904407,387,9,2024-04-29,2024-05-02,Delhi NCR,Footwear,Prepaid,1,3370.0
904408,283,38,2025-01-13,2025-01-15,Mumbai,Beauty & Personal Care,COD,1,510.0
904409,559,12,2025-03-22,2025-03-27,Kochi,Footwear,COD,2,5200.0
904410,260,43,2025-03-29,2025-04-04,Pune,Accessories,Prepaid,1,910.0
904411,482,40,2025-01-06,2025-01-10,Bangalore,Beauty & Personal Care,Prepaid,1,540.0
904412,348,40,2024-04-17,2024-04-21,Kochi,Beauty & Personal Care,Prepaid,1,540.0
904413,472,12,2024-07-16,2024-07-22,Bangalore,Footwear,Prepaid,1,2600.0
904414,129,22,2024-07-24,2024-07-27,Bangalore,Electronics,Prepaid,1,13330.0
904415,391,26,2024-10-08,2024-10-11,Pune,Home & Kitchen,Prepaid,3,6750.0
904416,168,20,2024-09-11,2024-09-13,Bangalore,Electronics,Prepaid,2,25620.0
904417,258,30,2024-12-06,2024-12-11,Delhi NCR,Home & Kitchen,Prepaid,2,5100.0
904418,277,29,2024-12-12,2024-12-17,Bangalore,Home & Kitchen,Prepaid,1,2450.0
904419,172,12,2024-06-15,2024-06-21,Mumbai,Footwear,COD,1,2600.0
904420,209,5,2024-10-14,2024-10-20,Bangalore,Fashion & Apparel,COD,1,1960.0
904421,356,13,2025-02-28,2025-03-03,Mumbai,Footwear,Prepaid,3,9000.0
904422,303,24,2025-02-04,2025-02-10,Mumbai,Electronics,Prepaid,1,11450.0
904423,372,38,2025-02-03,2025-02-08,Bangalore,Beauty & Personal Care,Prepaid,1,510.0
904424,416,3,2025-03-25,2025-03-28,Hyderabad,Fashion & Apparel,Prepaid,1,1770.0
904425,66,40,2024-10-13,2024-10-19,Delhi NCR,Beauty & Personal Care,COD,1,540.0
904426,159,48,2024-05-08,2024-05-14,Bangalore,Accessories,COD,1,1560.0
904427,212,15,2024-09-04,2024-09-08,Bangalore,Footwear,Prepaid,1,3740.0
904428,467,33,2024-09-06,2024-09-11,Hyderabad,Beauty & Personal Care,Prepaid,1,740.0
904429,209,10,2024-05-24,2024-05-29,Bangalore,Footwear,Prepaid,1,3700.0
904430,582,47,2024-09-25,2024-09-28,Hyderabad,Accessories,Prepaid,1,890.0
904431,333,32,2024-05-03,2024-05-08,Hyderabad,Home & Kitchen,Prepaid,1,1990.0
904432,475,38,2025-02-11,2025-02-14,Bangalore,Beauty & Personal Care,COD,1,510.0
904433,545,11,2024-05-19,2024-05-23,Mumbai,Footwear,COD,1,2560.0
904434,356,28,2024-12-16,2024-12-22,Mumbai,Home & Kitchen,COD,1,3170.0
904435,417,33,2024-05-25,2024-05-27,Mumbai,Beauty & Personal Care,COD,1,740.0
904436,494,13,2025-03-21,2025-03-26,Bangalore,Footwear,COD,1,3000.0
904437,438,34,2024-11-29,2024-12-03,Hyderabad,Beauty & Personal Care,Prepaid,2,820.0
904438,18,3,2025-01-19,2025-01-22,Hyderabad,Fashion & Apparel,COD,2,3540.0
904439,156,4,2024-11-05,2024-11-09,Bangalore,Fashion & Apparel,COD,2,1940.0
904440,157,23,2024-05-30,2024-06-01,Pune,Electronics,Prepaid,1,12780.0
904441,273,18,2024-11-08,2024-11-13,Hyderabad,Electronics,Prepaid,1,13140.0
904442,146,13,2024-11-16,2024-11-20,Hyderabad,Footwear,COD,1,3000.0
904443,106,25,2024-09-25,2024-09-30,Delhi NCR,Home & Kitchen,Prepaid,2,6300.0
904444,323,32,2024-04-07,2024-04-10,Chennai,Home & Kitchen,Prepaid,1,1990.0
904445,518,14,2025-01-12,2025-01-16,Bangalore,Footwear,COD,3,7110.0
904446,559,3,2024-07-15,2024-07-21,Kochi,Fashion & Apparel,Prepaid,1,1770.0
904447,123,10,2025-01-06,2025-01-10,Pune,Footwear,COD,1,3700.0
904448,409,11,2024-10-20,2024-10-23,Mumbai,Footwear,COD,1,2560.0
904449,260,8,2024-08-31,2024-09-04,Pune,Fashion & Apparel,Prepaid,2,3740.0
904450,252,43,2024-08-26,2024-08-30,Kochi,Accessories,Prepaid,1,910.0
904451,555,39,2024-12-25,2024-12-28,Chennai,Beauty & Personal Care,COD,1,780.0
904452,56,23,2024-08-16,2024-08-21,Pune,Electronics,COD,1,12780.0
904453,476,18,2024-06-25,2024-06-29,Mumbai,Electronics,COD,1,13140.0
904454,169,4,2025-03-23,2025-03-26,Hyderabad,Fashion & Apparel,COD,1,970.0
904455,58,28,2024-10-26,2024-11-01,Chennai,Home & Kitchen,Prepaid,1,3170.0
904456,372,28,2024-07-10,2024-07-14,Bangalore,Home & Kitchen,Prepaid,1,3170.0
904457,352,37,2024-05-22,2024-05-26,Delhi NCR,Beauty & Personal Care,Prepaid,1,810.0
904458,560,19,2024-06-26,2024-06-29,Kochi,Electronics,COD,1,10800.0
904459,518,6,2024-04-15,2024-04-19,Bangalore,Fashion & Apparel,Prepaid,1,1510.0
904460,436,37,2024-12-10,2024-12-13,Mumbai,Beauty & Personal Care,Prepaid,1,810.0
904461,245,14,2024-05-03,2024-05-08,Mumbai,Footwear,Prepaid,1,2370.0
904462,56,9,2025-03-18,2025-03-21,Pune,Footwear,COD,1,3370.0
904463,177,10,2024-08-11,2024-08-17,Delhi NCR,Footwear,Prepaid,1,3700.0
904464,353,25,2024-10-25,2024-10-27,Bangalore,Home & Kitchen,Prepaid,1,3150.0
904465,465,12,2024-11-30,2024-12-06,Bangalore,Footwear,COD,1,2600.0
904466,271,45,2024-05-16,2024-05-19,Chennai,Accessories,Prepaid,3,3870.0
904467,331,35,2024-05-18,2024-05-20,Bangalore,Beauty & Personal Care,Prepaid,2,1180.0
904468,80,5,2024-10-22,2024-10-27,Mumbai,Fashion & Apparel,Prepaid,1,1960.0
904469,208,35,2024-07-01,2024-07-03,Bangalore,Beauty & Personal Care,Prepaid,1,590.0
904470,383,47,2024-12-15,2024-12-18,Mumbai,Accessories,Prepaid,2,1780.0
904471,264,30,2024-05-19,2024-05-24,Mumbai,Home & Kitchen,Prepaid,1,2550.0
904472,198,16,2024-05-21,2024-05-27,Delhi NCR,Footwear,COD,1,3900.0
904473,5,42,2024-05-04,2024-05-06,Mumbai,Accessories,COD,1,810.0
904474,9,15,2024-07-21,2024-07-25,Bangalore,Footwear,Prepaid,1,3740.0
904475,192,22,2025-03-12,2025-03-16,Bangalore,Electronics,Prepaid,1,13330.0
904476,489,44,2024-11-03,2024-11-06,Delhi NCR,Accessories,COD,1,1130.0
904477,303,45,2024-07-27,2024-07-29,Mumbai,Accessories,Prepaid,1,1290.0
904478,483,26,2024-12-28,2024-12-30,Bangalore,Home & Kitchen,Prepaid,1,2250.0
904479,510,21,2024-04-01,2024-04-04,Pune,Electronics,Prepaid,1,9950.0
904480,301,5,2024-12-05,2024-12-09,Bangalore,Fashion & Apparel,Prepaid,3,5880.0
904481,299,38,2024-10-02,2024-10-07,Kochi,Beauty & Personal Care,COD,1,510.0
904482,589,6,2025-03-24,2025-03-27,Bangalore,Fashion & Apparel,Prepaid,1,1510.0
904483,568,21,2025-02-14,2025-02-17,Kochi,Electronics,Prepaid,1,9950.0
904484,402,30,2024-09-13,2024-09-16,Chennai,Home & Kitchen,Prepaid,1,2550.0
904485,159,12,2024-12-04,2024-12-08,Bangalore,Footwear,Prepaid,1,2600.0
904486,532,12,2024-10-03,2024-10-09,Pune,Footwear,COD,1,2600.0
904487,336,30,2024-10-20,2024-10-26,Chennai,Home & Kitchen,COD,1,2550.0
904488,267,17,2024-09-25,2024-09-29,Bangalore,Electronics,Prepaid,1,13790.0
904489,186,20,2024-11-01,2024-11-07,Hyderabad,Electronics,Prepaid,1,12810.0
904490,123,8,2024-07-15,2024-07-18,Pune,Fashion & Apparel,COD,1,1870.0
904491,56,48,2024-12-14,2024-12-19,Pune,Accessories,Prepaid,1,1560.0
904492,64,22,2024-08-20,2024-08-24,Hyderabad,Electronics,Prepaid,1,13330.0
904493,286,23,2025-01-09,2025-01-14,Mumbai,Electronics,COD,1,12780.0
904494,367,38,2024-05-27,2024-06-02,Mumbai,Beauty & Personal Care,COD,1,510.0
904495,196,38,2024-08-11,2024-08-15,Mumbai,Beauty & Personal Care,Prepaid,1,510.0
904496,432,31,2024-06-17,2024-06-20,Hyderabad,Home & Kitchen,Prepaid,1,1740.0
904497,523,46,2024-06-10,2024-06-14,Bangalore,Accessories,Prepaid,1,1320.0
904498,413,26,2024-06-23,2024-06-28,Delhi NCR,Home & Kitchen,Prepaid,1,2250.0
904499,192,13,2024-07-16,2024-07-22,Bangalore,Footwear,Prepaid,1,3000.0
904500,27,6,2024-10-25,2024-10-28,Bangalore,Fashion & Apparel,Prepaid,1,1510.0
904501,499,40,2024-10-29,2024-11-03,Mumbai,Beauty & Personal Care,COD,1,540.0
904502,225,32,2024-07-26,2024-07-30,Bangalore,Home & Kitchen,Prepaid,1,1990.0
904503,479,18,2024-07-19,2024-07-25,Chennai,Electronics,COD,1,13140.0
904504,262,7,2024-10-09,2024-10-14,Hyderabad,Fashion & Apparel,COD,1,2150.0
904505,116,26,2024-06-06,2024-06-10,Mumbai,Home & Kitchen,Prepaid,1,2250.0
904506,583,9,2024-08-14,2024-08-16,Bangalore,Footwear,Prepaid,1,3370.0
904507,153,23,2024-05-13,2024-05-18,Bangalore,Electronics,COD,1,12780.0
904508,341,12,2024-09-12,2024-09-16,Hyderabad,Footwear,Prepaid,2,5200.0
904509,265,39,2024-09-29,2024-10-05,Chennai,Beauty & Personal Care,Prepaid,2,1560.0
904510,188,17,2024-11-24,2024-11-28,Delhi NCR,Electronics,COD,1,13790.0
904511,210,40,2024-08-23,2024-08-25,Chennai,Beauty & Personal Care,COD,1,540.0
904512,565,42,2024-10-28,2024-11-02,Pune,Accessories,Prepaid,1,810.0
904513,451,1,2024-07-12,2024-07-16,Bangalore,Fashion & Apparel,Prepaid,1,1110.0
904514,149,8,2024-09-15,2024-09-18,Mumbai,Fashion & Apparel,COD,1,1870.0
904515,286,2,2024-08-11,2024-08-15,Mumbai,Fashion & Apparel,COD,2,2380.0
904516,14,46,2024-08-06,2024-08-09,Mumbai,Accessories,Prepaid,2,2640.0
904517,403,31,2024-07-13,2024-07-18,Mumbai,Home & Kitchen,Prepaid,1,1740.0
904518,480,40,2024-05-08,2024-05-11,Mumbai,Beauty & Personal Care,COD,1,540.0
904519,447,19,2024-04-28,2024-05-03,Bangalore,Electronics,Prepaid,2,21600.0
904520,520,32,2024-05-03,2024-05-08,Bangalore,Home & Kitchen,COD,1,1990.0
904521,124,9,2025-03-18,2025-03-23,Chennai,Footwear,Prepaid,1,3370.0
904522,261,24,2024-11-30,2024-12-05,Bangalore,Electronics,Prepaid,1,11450.0
904523,328,16,2025-03-04,2025-03-07,Delhi NCR,Footwear,Prepaid,1,3900.0
904524,227,6,2024-04-15,2024-04-21,Bangalore,Fashion & Apparel,COD,1,1510.0
904525,100,34,2024-10-05,2024-10-10,Delhi NCR,Beauty & Personal Care,COD,1,410.0
904526,240,5,2024-06-23,2024-06-28,Chennai,Fashion & Apparel,Prepaid,1,1960.0
904527,571,27,2024-06-15,2024-06-18,Delhi NCR,Home & Kitchen,COD,2,2160.0
904528,109,1,2024-10-15,2024-10-18,Mumbai,Fashion & Apparel,COD,1,1110.0
904529,407,23,2024-09-26,2024-09-29,Mumbai,Electronics,COD,1,12780.0
904530,78,24,2025-02-25,2025-03-03,Chennai,Electronics,COD,1,11450.0
904531,408,30,2024-12-02,2024-12-05,Pune,Home & Kitchen,COD,1,2550.0
904532,511,37,2024-12-03,2024-12-08,Bangalore,Beauty & Personal Care,COD,1,810.0
904533,55,26,2024-10-22,2024-10-24,Delhi NCR,Home & Kitchen,COD,2,4500.0
904534,146,33,2025-03-24,2025-03-29,Hyderabad,Beauty & Personal Care,COD,2,1480.0
904535,106,28,2024-11-16,2024-11-19,Delhi NCR,Home & Kitchen,COD,1,3170.0
904536,343,42,2024-07-03,2024-07-07,Chennai,Accessories,Prepaid,1,810.0
904537,347,36,2024-10-03,2024-10-09,Bangalore,Beauty & Personal Care,Prepaid,1,1130.0
904538,411,37,2025-02-19,2025-02-23,Pune,Beauty & Personal Care,COD,1,810.0
904539,537,39,2025-02-21,2025-02-23,Delhi NCR,Beauty & Personal Care,Prepaid,1,780.0
904540,118,19,2024-06-29,2024-07-04,Delhi NCR,Electronics,Prepaid,1,10800.0
904541,513,7,2024-07-09,2024-07-11,Chennai,Fashion & Apparel,COD,1,2150.0
904542,382,28,2024-12-26,2024-12-29,Pune,Home & Kitchen,COD,1,3170.0
904543,294,20,2024-08-26,2024-08-29,Hyderabad,Electronics,Prepaid,2,25620.0
904544,445,36,2024-04-20,2024-04-22,Chennai,Beauty & Personal Care,Prepaid,1,1130.0
904545,27,22,2024-04-02,2024-04-05,Bangalore,Electronics,Prepaid,1,13330.0
904546,570,10,2024-09-28,2024-10-01,Hyderabad,Footwear,COD,1,3700.0
904547,412,1,2025-02-10,2025-02-12,Bangalore,Fashion & Apparel,Prepaid,1,1110.0
904548,383,25,2024-08-12,2024-08-15,Mumbai,Home & Kitchen,COD,1,3150.0
904549,71,45,2024-08-07,2024-08-09,Chennai,Accessories,Prepaid,1,1290.0
904550,373,8,2024-04-12,2024-04-14,Mumbai,Fashion & Apparel,COD,2,3740.0
904551,327,10,2024-07-26,2024-07-28,Delhi NCR,Footwear,COD,1,3700.0
904552,109,42,2024-11-06,2024-11-09,Mumbai,Accessories,COD,1,810.0
904553,573,26,2024-04-01,2024-04-05,Mumbai,Home & Kitchen,COD,1,2250.0
904554,481,4,2024-12-27,2025-01-02,Pune,Fashion & Apparel,Prepaid,1,970.0
904555,357,2,2025-03-25,2025-03-29,Mumbai,Fashion & Apparel,Prepaid,1,1190.0
904556,260,14,2024-06-23,2024-06-29,Pune,Footwear,COD,2,4740.0
904557,369,46,2024-04-13,2024-04-17,Delhi NCR,Accessories,COD,1,1320.0
904558,246,26,2024-10-11,2024-10-16,Pune,Home & Kitchen,Prepaid,1,2250.0
904559,110,15,2024-12-15,2024-12-18,Pune,Footwear,Prepaid,1,3740.0
904560,498,42,2024-09-03,2024-09-08,Mumbai,Accessories,COD,2,1620.0
904561,170,9,2025-03-22,2025-03-24,Bangalore,Footwear,COD,1,3370.0
904562,9,42,2025-03-29,2025-04-02,Bangalore,Accessories,Prepaid,1,810.0
904563,179,26,2024-10-01,2024-10-06,Hyderabad,Home & Kitchen,Prepaid,1,2250.0
904564,200,44,2024-11-05,2024-11-11,Delhi NCR,Accessories,Prepaid,1,1130.0
904565,202,4,2024-06-05,2024-06-08,Mumbai,Fashion & Apparel,COD,1,970.0
904566,304,7,2024-09-01,2024-09-07,Pune,Fashion & Apparel,Prepaid,1,2150.0
904567,204,19,2025-02-07,2025-02-12,Chennai,Electronics,Prepaid,1,10800.0
904568,412,26,2024-06-27,2024-07-02,Bangalore,Home & Kitchen,Prepaid,2,4500.0
904569,125,23,2024-05-10,2024-05-12,Delhi NCR,Electronics,COD,3,38340.0
904570,32,9,2024-06-07,2024-06-11,Mumbai,Footwear,Prepaid,2,6740.0
904571,62,26,2025-02-07,2025-02-11,Pune,Home & Kitchen,COD,1,2250.0
904572,376,42,2024-07-23,2024-07-27,Hyderabad,Accessories,Prepaid,1,810.0
904573,219,24,2024-07-27,2024-07-31,Hyderabad,Electronics,COD,1,11450.0
904574,461,4,2024-12-11,2024-12-17,Chennai,Fashion & Apparel,Prepaid,1,970.0
904575,599,38,2024-04-07,2024-04-10,Delhi NCR,Beauty & Personal Care,Prepaid,1,510.0
904576,78,24,2024-07-05,2024-07-07,Chennai,Electronics,Prepaid,1,11450.0
904577,556,5,2024-08-20,2024-08-25,Pune,Fashion & Apparel,COD,1,1960.0
904578,586,36,2024-08-27,2024-08-29,Bangalore,Beauty & Personal Care,COD,1,1130.0
904579,382,5,2024-11-19,2024-11-22,Pune,Fashion & Apparel,Prepaid,1,1960.0
904580,344,29,2024-05-15,2024-05-17,Mumbai,Home & Kitchen,Prepaid,1,2450.0
904581,11,3,2024-06-09,2024-06-15,Hyderabad,Fashion & Apparel,COD,2,3540.0
904582,36,41,2024-07-20,2024-07-26,Pune,Accessories,COD,2,2780.0
904583,344,29,2024-07-07,2024-07-09,Mumbai,Home & Kitchen,COD,2,4900.0
904584,328,2,2024-07-07,2024-07-10,Delhi NCR,Fashion & Apparel,Prepaid,1,1190.0
904585,12,23,2024-12-24,2024-12-26,Pune,Electronics,Prepaid,1,12780.0
904586,84,41,2025-02-26,2025-03-01,Kochi,Accessories,COD,1,1390.0
904587,87,18,2024-04-22,2024-04-24,Pune,Electronics,Prepaid,1,13140.0
904588,407,44,2024-10-31,2024-11-02,Mumbai,Accessories,Prepaid,1,1130.0
904589,513,43,2024-12-19,2024-12-23,Chennai,Accessories,Prepaid,2,1820.0
904590,420,37,2025-01-05,2025-01-09,Chennai,Beauty & Personal Care,Prepaid,2,1620.0
904591,16,16,2024-11-03,2024-11-07,Delhi NCR,Footwear,Prepaid,1,3900.0
904592,222,28,2024-08-28,2024-08-30,Bangalore,Home & Kitchen,COD,1,3170.0
904593,202,35,2024-12-14,2024-12-20,Mumbai,Beauty & Personal Care,Prepaid,1,590.0
904594,17,1,2024-08-31,2024-09-04,Kochi,Fashion & Apparel,Prepaid,1,1110.0
904595,198,9,2025-02-02,2025-02-06,Delhi NCR,Footwear,COD,2,6740.0
904596,12,1,2024-06-08,2024-06-13,Pune,Fashion & Apparel,COD,2,2220.0
904597,51,20,2024-09-02,2024-09-04,Kochi,Electronics,COD,1,12810.0
904598,121,32,2024-09-21,2024-09-24,Bangalore,Home & Kitchen,COD,1,1990.0
904599,286,21,2024-04-18,2024-04-22,Mumbai,Electronics,COD,1,9950.0
904600,75,30,2024-12-30,2025-01-01,Hyderabad,Home & Kitchen,Prepaid,2,5100.0
904601,419,37,2024-04-17,2024-04-21,Delhi NCR,Beauty & Personal Care,Prepaid,1,810.0
904602,433,29,2025-02-22,2025-02-28,Pune,Home & Kitchen,Prepaid,1,2450.0
904603,539,33,2025-03-23,2025-03-28,Mumbai,Beauty & Personal Care,Prepaid,3,2220.0
904604,461,11,2025-02-01,2025-02-04,Chennai,Footwear,Prepaid,2,5120.0
904605,277,15,2024-07-21,2024-07-24,Bangalore,Footwear,COD,1,3740.0
904606,207,5,2025-03-14,2025-03-16,Kochi,Fashion & Apparel,COD,1,1960.0
904607,168,37,2024-09-04,2024-09-10,Bangalore,Beauty & Personal Care,Prepaid,1,810.0
904608,461,14,2024-07-08,2024-07-14,Chennai,Footwear,Prepaid,2,4740.0
904609,49,28,2024-07-22,2024-07-26,Hyderabad,Home & Kitchen,COD,1,3170.0
904610,292,19,2024-08-15,2024-08-18,Mumbai,Electronics,Prepaid,1,10800.0
904611,74,44,2025-02-13,2025-02-19,Hyderabad,Accessories,Prepaid,1,1130.0
904612,288,20,2024-10-15,2024-10-20,Pune,Electronics,Prepaid,2,25620.0
904613,147,36,2024-08-22,2024-08-27,Mumbai,Beauty & Personal Care,COD,1,1130.0
904614,249,44,2024-10-22,2024-10-26,Pune,Accessories,COD,1,1130.0
904615,156,8,2024-09-20,2024-09-26,Bangalore,Fashion & Apparel,Prepaid,1,1870.0
904616,55,38,2025-02-07,2025-02-11,Delhi NCR,Beauty & Personal Care,Prepaid,1,510.0
904617,175,11,2024-10-19,2024-10-25,Mumbai,Footwear,COD,3,7680.0
904618,23,15,2024-06-11,2024-06-16,Pune,Footwear,COD,1,3740.0
904619,276,38,2024-09-29,2024-10-01,Bangalore,Beauty & Personal Care,Prepaid,1,510.0
904620,475,47,2025-02-07,2025-02-13,Bangalore,Accessories,Prepaid,1,890.0
904621,222,46,2025-03-01,2025-03-07,Bangalore,Accessories,Prepaid,1,1320.0
904622,401,24,2025-03-02,2025-03-05,Kochi,Electronics,COD,1,11450.0
904623,149,30,2025-01-15,2025-01-19,Mumbai,Home & Kitchen,COD,1,2550.0
904624,208,32,2025-02-15,2025-02-20,Bangalore,Home & Kitchen,Prepaid,1,1990.0
904625,240,21,2025-03-23,2025-03-28,Chennai,Electronics,COD,1,9950.0
904626,311,17,2024-05-04,2024-05-07,Mumbai,Electronics,COD,1,13790.0
904627,98,20,2024-06-04,2024-06-09,Bangalore,Electronics,COD,2,25620.0
904628,400,16,2024-06-18,2024-06-20,Chennai,Footwear,Prepaid,2,7800.0
904629,459,33,2024-12-02,2024-12-08,Hyderabad,Beauty & Personal Care,Prepaid,1,740.0
904630,340,35,2025-01-19,2025-01-22,Delhi NCR,Beauty & Personal Care,Prepaid,1,590.0
904631,155,47,2025-02-14,2025-02-20,Chennai,Accessories,COD,1,890.0
904632,116,17,2024-08-05,2024-08-08,Mumbai,Electronics,Prepaid,2,27580.0
904633,454,40,2024-11-16,2024-11-19,Mumbai,Beauty & Personal Care,Prepaid,1,540.0
904634,463,19,2024-12-20,2024-12-25,Kochi,Electronics,Prepaid,1,10800.0
904635,125,11,2024-06-08,2024-06-14,Delhi NCR,Footwear,Prepaid,1,2560.0
904636,518,42,2024-10-23,2024-10-28,Bangalore,Accessories,Prepaid,1,810.0
904637,399,44,2025-01-05,2025-01-07,Hyderabad,Accessories,Prepaid,2,2260.0
904638,579,6,2024-08-31,2024-09-04,Hyderabad,Fashion & Apparel,Prepaid,1,1510.0
904639,277,2,2024-11-03,2024-11-09,Bangalore,Fashion & Apparel,COD,1,1190.0
904640,584,36,2025-01-28,2025-01-31,Delhi NCR,Beauty & Personal Care,Prepaid,1,1130.0
904641,391,36,2025-02-24,2025-02-26,Pune,Beauty & Personal Care,Prepaid,2,2260.0
904642,554,3,2024-07-03,2024-07-05,Bangalore,Fashion & Apparel,Prepaid,2,3540.0
904643,593,10,2024-10-31,2024-11-02,Pune,Footwear,COD,1,3700.0
904644,285,37,2024-06-29,2024-07-02,Chennai,Beauty & Personal Care,COD,1,810.0
904645,484,41,2024-07-07,2024-07-12,Mumbai,Accessories,COD,1,1390.0
904646,307,42,2025-02-15,2025-02-20,Hyderabad,Accessories,Prepaid,1,810.0
904647,1,9,2024-05-26,2024-05-31,Delhi NCR,Footwear,Prepaid,1,3370.0
904648,273,31,2024-12-25,2024-12-27,Hyderabad,Home & Kitchen,COD,1,1740.0
904649,101,1,2025-01-11,2025-01-17,Bangalore,Fashion & Apparel,COD,2,2220.0
904650,501,14,2024-10-08,2024-10-10,Kochi,Footwear,COD,1,2370.0
904651,365,27,2024-05-09,2024-05-13,Delhi NCR,Home & Kitchen,Prepaid,1,1080.0
904652,122,39,2024-04-26,2024-04-30,Mumbai,Beauty & Personal Care,Prepaid,1,780.0
904653,275,13,2024-05-20,2024-05-24,Pune,Footwear,Prepaid,1,3000.0
904654,516,41,2025-03-24,2025-03-28,Mumbai,Accessories,Prepaid,1,1390.0
904655,113,1,2024-10-25,2024-10-28,Kochi,Fashion & Apparel,COD,2,2220.0
904656,464,27,2024-12-09,2024-12-14,Bangalore,Home & Kitchen,Prepaid,2,2160.0
904657,520,48,2024-11-09,2024-11-12,Bangalore,Accessories,COD,1,1560.0
904658,39,17,2024-10-14,2024-10-16,Pune,Electronics,Prepaid,2,27580.0
904659,572,31,2024-09-22,2024-09-24,Hyderabad,Home & Kitchen,Prepaid,1,1740.0
904660,133,18,2024-11-28,2024-11-30,Kochi,Electronics,COD,1,13140.0
904661,359,3,2025-02-07,2025-02-10,Pune,Fashion & Apparel,Prepaid,1,1770.0
904662,35,20,2024-12-22,2024-12-27,Delhi NCR,Electronics,COD,1,12810.0
904663,297,27,2024-08-09,2024-08-11,Delhi NCR,Home & Kitchen,Prepaid,2,2160.0
904664,47,40,2024-10-30,2024-11-01,Kochi,Beauty & Personal Care,COD,2,1080.0
904665,577,2,2024-12-19,2024-12-25,Kochi,Fashion & Apparel,COD,1,1190.0
904666,382,41,2024-04-12,2024-04-17,Pune,Accessories,COD,1,1390.0
904667,301,17,2024-07-25,2024-07-27,Bangalore,Electronics,COD,1,13790.0
904668,580,13,2025-03-01,2025-03-07,Delhi NCR,Footwear,Prepaid,1,3000.0
904669,144,17,2024-04-19,2024-04-23,Kochi,Electronics,COD,1,13790.0
904670,524,38,2024-12-05,2024-12-08,Pune,Beauty & Personal Care,COD,1,510.0
904671,181,37,2025-02-13,2025-02-17,Kochi,Beauty & Personal Care,COD,1,810.0
904672,253,26,2025-01-24,2025-01-28,Bangalore,Home & Kitchen,Prepaid,1,2250.0
904673,171,26,2024-11-27,2024-11-29,Bangalore,Home & Kitchen,COD,1,2250.0
904674,497,24,2024-05-12,2024-05-15,Mumbai,Electronics,COD,1,11450.0
904675,406,27,2025-01-11,2025-01-13,Pune,Home & Kitchen,COD,1,1080.0
904676,252,33,2024-09-03,2024-09-05,Kochi,Beauty & Personal Care,Prepaid,2,1480.0
904677,339,10,2025-01-05,2025-01-09,Delhi NCR,Footwear,Prepaid,2,7400.0
904678,192,34,2024-05-26,2024-05-30,Bangalore,Beauty & Personal Care,COD,1,410.0
904679,537,45,2024-04-02,2024-04-04,Delhi NCR,Accessories,Prepaid,1,1290.0
904680,571,44,2024-07-28,2024-07-30,Delhi NCR,Accessories,COD,1,1130.0
904681,189,12,2025-02-24,2025-02-26,Bangalore,Footwear,Prepaid,2,5200.0
904682,123,14,2025-01-18,2025-01-23,Pune,Footwear,COD,1,2370.0
904683,382,45,2024-08-10,2024-08-16,Pune,Accessories,Prepaid,1,1290.0
904684,414,11,2025-02-10,2025-02-13,Delhi NCR,Footwear,Prepaid,3,7680.0
904685,262,44,2024-10-08,2024-10-14,Hyderabad,Accessories,COD,1,1130.0
904686,386,9,2024-05-24,2024-05-30,Kochi,Footwear,COD,2,6740.0
904687,433,10,2024-11-25,2024-11-27,Pune,Footwear,Prepaid,3,11100.0
904688,133,7,2024-09-17,2024-09-23,Kochi,Fashion & Apparel,COD,1,2150.0
904689,65,24,2024-04-17,2024-04-20,Pune,Electronics,COD,1,11450.0
904690,328,34,2025-01-24,2025-01-28,Delhi NCR,Beauty & Personal Care,Prepaid,2,820.0
904691,516,17,2024-04-11,2024-04-14,Mumbai,Electronics,COD,3,41370.0
904692,189,41,2024-11-20,2024-11-26,Bangalore,Accessories,COD,1,1390.0
904693,481,37,2024-05-18,2024-05-23,Pune,Beauty & Personal Care,Prepaid,1,810.0
904694,90,44,2024-12-15,2024-12-19,Pune,Accessories,Prepaid,2,2260.0
904695,23,7,2024-07-18,2024-07-22,Pune,Fashion & Apparel,Prepaid,1,2150.0
904696,568,11,2024-12-05,2024-12-11,Kochi,Footwear,Prepaid,1,2560.0
904697,242,21,2024-07-28,2024-07-31,Kochi,Electronics,Prepaid,1,9950.0
904698,595,21,2024-07-27,2024-07-29,Delhi NCR,Electronics,COD,1,9950.0
904699,139,20,2024-12-02,2024-12-05,Delhi NCR,Electronics,Prepaid,1,12810.0
904700,534,13,2024-11-16,2024-11-20,Mumbai,Footwear,COD,1,3000.0
904701,407,42,2024-10-05,2024-10-07,Mumbai,Accessories,COD,1,810.0
904702,39,21,2024-04-18,2024-04-21,Pune,Electronics,COD,1,9950.0
904703,159,32,2024-09-13,2024-09-18,Bangalore,Home & Kitchen,COD,1,1990.0
904704,432,39,2024-06-05,2024-06-09,Hyderabad,Beauty & Personal Care,Prepaid,1,780.0
904705,367,19,2024-07-18,2024-07-24,Mumbai,Electronics,Prepaid,1,10800.0
904706,267,34,2024-12-06,2024-12-08,Bangalore,Beauty & Personal Care,Prepaid,1,410.0
904707,212,17,2024-09-05,2024-09-08,Bangalore,Electronics,Prepaid,1,13790.0
904708,26,40,2024-09-08,2024-09-13,Hyderabad,Beauty & Personal Care,Prepaid,1,540.0
904709,156,36,2024-07-24,2024-07-27,Bangalore,Beauty & Personal Care,Prepaid,3,3390.0
904710,88,19,2024-10-12,2024-10-14,Chennai,Electronics,Prepaid,1,10800.0
904711,130,18,2024-08-12,2024-08-18,Hyderabad,Electronics,COD,2,26280.0
904712,443,26,2024-05-27,2024-06-01,Hyderabad,Home & Kitchen,Prepaid,1,2250.0
904713,404,23,2024-07-13,2024-07-17,Hyderabad,Electronics,Prepaid,1,12780.0
904714,547,29,2025-02-04,2025-02-09,Bangalore,Home & Kitchen,Prepaid,1,2450.0
904715,5,35,2025-03-12,2025-03-18,Mumbai,Beauty & Personal Care,Prepaid,1,590.0
904716,369,36,2025-01-12,2025-01-17,Delhi NCR,Beauty & Personal Care,COD,1,1130.0
904717,292,2,2024-06-30,2024-07-02,Mumbai,Fashion & Apparel,COD,1,1190.0
904718,371,3,2024-04-07,2024-04-13,Bangalore,Fashion & Apparel,Prepaid,2,3540.0
904719,240,43,2025-03-16,2025-03-21,Chennai,Accessories,Prepaid,1,910.0
904720,571,45,2024-09-12,2024-09-16,Delhi NCR,Accessories,Prepaid,1,1290.0
904721,429,27,2024-12-05,2024-12-07,Bangalore,Home & Kitchen,Prepaid,1,1080.0
904722,468,18,2024-10-25,2024-10-30,Chennai,Electronics,Prepaid,1,13140.0
904723,479,46,2024-08-06,2024-08-11,Chennai,Accessories,Prepaid,1,1320.0
904724,274,34,2024-06-14,2024-06-19,Mumbai,Beauty & Personal Care,Prepaid,2,820.0
904725,228,5,2024-11-12,2024-11-15,Pune,Fashion & Apparel,COD,1,1960.0
904726,171,32,2024-06-14,2024-06-19,Bangalore,Home & Kitchen,COD,3,5970.0
904727,506,8,2024-11-25,2024-11-30,Pune,Fashion & Apparel,Prepaid,1,1870.0
904728,70,36,2024-07-26,2024-07-31,Pune,Beauty & Personal Care,Prepaid,2,2260.0
904729,315,28,2025-01-29,2025-02-01,Kochi,Home & Kitchen,Prepaid,1,3170.0
904730,453,7,2025-02-05,2025-02-10,Mumbai,Fashion & Apparel,Prepaid,1,2150.0
904731,112,1,2024-07-17,2024-07-20,Kochi,Fashion & Apparel,Prepaid,1,1110.0
904732,285,1,2025-03-03,2025-03-07,Chennai,Fashion & Apparel,Prepaid,2,2220.0
904733,106,43,2024-12-29,2025-01-01,Delhi NCR,Accessories,Prepaid,1,910.0
904734,338,17,2024-10-26,2024-11-01,Bangalore,Electronics,COD,1,13790.0
904735,125,36,2024-10-12,2024-10-15,Delhi NCR,Beauty & Personal Care,COD,1,1130.0
904736,196,9,2024-08-28,2024-08-31,Mumbai,Footwear,COD,1,3370.0
904737,599,38,2025-03-07,2025-03-13,Delhi NCR,Beauty & Personal Care,Prepaid,1,510.0
904738,542,16,2025-02-12,2025-02-18,Delhi NCR,Footwear,COD,1,3900.0
904739,144,18,2024-09-19,2024-09-24,Kochi,Electronics,Prepaid,1,13140.0
904740,513,25,2024-12-22,2024-12-26,Chennai,Home & Kitchen,Prepaid,1,3150.0
904741,546,31,2024-05-20,2024-05-22,Bangalore,Home & Kitchen,Prepaid,1,1740.0
904742,124,32,2024-11-26,2024-12-01,Chennai,Home & Kitchen,Prepaid,1,1990.0
904743,116,9,2024-09-29,2024-10-04,Mumbai,Footwear,Prepaid,1,3370.0
904744,391,36,2024-12-06,2024-12-09,Pune,Beauty & Personal Care,Prepaid,2,2260.0
904745,178,27,2024-07-12,2024-07-14,Chennai,Home & Kitchen,Prepaid,1,1080.0
904746,530,17,2025-02-02,2025-02-07,Delhi NCR,Electronics,COD,1,13790.0
904747,281,24,2024-12-15,2024-12-17,Mumbai,Electronics,Prepaid,2,22900.0
904748,235,8,2025-02-11,2025-02-17,Hyderabad,Fashion & Apparel,COD,2,3740.0
904749,407,37,2024-05-06,2024-05-08,Mumbai,Beauty & Personal Care,Prepaid,1,810.0
904750,94,8,2024-10-26,2024-10-30,Delhi NCR,Fashion & Apparel,COD,1,1870.0
904751,31,37,2025-01-20,2025-01-26,Mumbai,Beauty & Personal Care,Prepaid,2,1620.0
904752,272,36,2024-08-08,2024-08-13,Delhi NCR,Beauty & Personal Care,Prepaid,3,3390.0
904753,281,41,2024-07-21,2024-07-27,Mumbai,Accessories,Prepaid,1,1390.0
904754,551,6,2024-05-24,2024-05-28,Hyderabad,Fashion & Apparel,COD,1,1510.0
904755,574,36,2024-12-20,2024-12-24,Mumbai,Beauty & Personal Care,COD,2,2260.0
904756,104,45,2024-04-06,2024-04-11,Mumbai,Accessories,Prepaid,1,1290.0
904757,88,13,2024-04-07,2024-04-11,Chennai,Footwear,Prepaid,1,3000.0
904758,197,9,2025-01-19,2025-01-25,Hyderabad,Footwear,Prepaid,3,10110.0
904759,287,28,2025-01-10,2025-01-16,Pune,Home & Kitchen,Prepaid,2,6340.0
904760,326,21,2025-01-30,2025-02-03,Chennai,Electronics,Prepaid,1,9950.0
904761,201,42,2024-05-08,2024-05-12,Hyderabad,Accessories,COD,1,810.0
904762,590,12,2024-05-28,2024-05-30,Mumbai,Footwear,Prepaid,1,2600.0
904763,572,7,2024-04-30,2024-05-06,Hyderabad,Fashion & Apparel,Prepaid,1,2150.0
904764,488,6,2024-12-14,2024-12-20,Hyderabad,Fashion & Apparel,COD,1,1510.0
904765,53,4,2024-12-02,2024-12-04,Kochi,Fashion & Apparel,Prepaid,2,1940.0
904766,207,7,2024-08-25,2024-08-27,Kochi,Fashion & Apparel,Prepaid,1,2150.0
904767,350,34,2024-04-30,2024-05-04,Hyderabad,Beauty & Personal Care,Prepaid,1,410.0
904768,548,8,2024-12-17,2024-12-20,Delhi NCR,Fashion & Apparel,COD,1,1870.0
904769,324,15,2024-11-07,2024-11-11,Mumbai,Footwear,Prepaid,1,3740.0
904770,597,5,2024-12-13,2024-12-15,Mumbai,Fashion & Apparel,Prepaid,1,1960.0
904771,395,8,2024-11-17,2024-11-23,Delhi NCR,Fashion & Apparel,Prepaid,1,1870.0
904772,151,47,2025-01-19,2025-01-24,Pune,Accessories,COD,2,1780.0
904773,441,26,2024-06-06,2024-06-09,Hyderabad,Home & Kitchen,Prepaid,1,2250.0
904774,399,7,2025-02-17,2025-02-23,Hyderabad,Fashion & Apparel,COD,1,2150.0
904775,101,39,2024-04-18,2024-04-21,Bangalore,Beauty & Personal Care,COD,1,780.0
904776,543,10,2025-03-14,2025-03-17,Chennai,Footwear,COD,2,7400.0
904777,599,36,2024-08-25,2024-08-29,Delhi NCR,Beauty & Personal Care,Prepaid,1,1130.0
904778,113,12,2024-06-21,2024-06-25,Kochi,Footwear,COD,1,2600.0
904779,409,23,2024-07-11,2024-07-13,Mumbai,Electronics,COD,1,12780.0
904780,62,30,2024-06-08,2024-06-14,Pune,Home & Kitchen,Prepaid,2,5100.0
904781,532,47,2024-12-31,2025-01-03,Pune,Accessories,Prepaid,2,1780.0
904782,242,7,2025-02-04,2025-02-07,Kochi,Fashion & Apparel,Prepaid,1,2150.0
904783,414,18,2024-06-18,2024-06-23,Delhi NCR,Electronics,COD,1,13140.0
904784,8,15,2024-08-15,2024-08-18,Delhi NCR,Footwear,COD,1,3740.0
904785,12,26,2024-07-10,2024-07-12,Pune,Home & Kitchen,COD,1,2250.0
904786,374,22,2024-11-05,2024-11-08,Chennai,Electronics,COD,1,13330.0
904787,210,3,2024-04-16,2024-04-18,Chennai,Fashion & Apparel,Prepaid,1,1770.0
904788,119,7,2024-11-01,2024-11-03,Delhi NCR,Fashion & Apparel,COD,1,2150.0
904789,71,9,2024-05-02,2024-05-08,Chennai,Footwear,COD,2,6740.0
904790,517,2,2025-02-17,2025-02-21,Chennai,Fashion & Apparel,Prepaid,1,1190.0
904791,25,6,2024-08-11,2024-08-15,Mumbai,Fashion & Apparel,Prepaid,1,1510.0
904792,560,9,2024-05-02,2024-05-05,Kochi,Footwear,COD,1,3370.0
904793,508,45,2025-01-12,2025-01-16,Mumbai,Accessories,COD,1,1290.0
904794,387,28,2024-10-13,2024-10-18,Delhi NCR,Home & Kitchen,COD,1,3170.0
904795,28,39,2025-02-15,2025-02-17,Mumbai,Beauty & Personal Care,Prepaid,2,1560.0
904796,309,30,2024-09-14,2024-09-19,Mumbai,Home & Kitchen,COD,1,2550.0
904797,600,46,2024-07-07,2024-07-13,Mumbai,Accessories,COD,1,1320.0
904798,178,34,2025-01-01,2025-01-05,Chennai,Beauty & Personal Care,Prepaid,1,410.0
904799,177,21,2024-05-25,2024-05-31,Delhi NCR,Electronics,Prepaid,1,9950.0
904800,246,46,2025-03-17,2025-03-22,Pune,Accessories,COD,1,1320.0
904801,232,47,2024-06-02,2024-06-07,Bangalore,Accessories,COD,1,890.0
904802,532,5,2024-10-24,2024-10-29,Pune,Fashion & Apparel,Prepaid,1,1960.0
904803,303,36,2024-09-11,2024-09-14,Mumbai,Beauty & Personal Care,COD,1,1130.0
904804,194,5,2025-01-28,2025-01-30,Delhi NCR,Fashion & Apparel,Prepaid,1,1960.0
904805,356,44,2025-03-02,2025-03-08,Mumbai,Accessories,Prepaid,1,1130.0
904806,567,8,2024-07-29,2024-08-03,Mumbai,Fashion & Apparel,Prepaid,1,1870.0
904807,87,3,2024-04-02,2024-04-05,Pune,Fashion & Apparel,Prepaid,1,1770.0
904808,534,5,2025-03-15,2025-03-17,Mumbai,Fashion & Apparel,Prepaid,1,1960.0
904809,1,30,2025-02-25,2025-03-03,Delhi NCR,Home & Kitchen,Prepaid,2,5100.0
904810,419,38,2025-01-21,2025-01-25,Delhi NCR,Beauty & Personal Care,COD,1,510.0
904811,186,43,2025-01-29,2025-02-01,Hyderabad,Accessories,COD,1,910.0
904812,60,48,2025-01-08,2025-01-10,Bangalore,Accessories,COD,1,1560.0
904813,78,11,2024-09-11,2024-09-15,Chennai,Footwear,Prepaid,1,2560.0
904814,123,25,2024-05-17,2024-05-23,Pune,Home & Kitchen,Prepaid,1,3150.0
904815,54,21,2025-02-11,2025-02-16,Chennai,Electronics,Prepaid,1,9950.0
904816,267,31,2025-03-14,2025-03-20,Bangalore,Home & Kitchen,Prepaid,1,1740.0
904817,219,17,2024-07-14,2024-07-19,Hyderabad,Electronics,Prepaid,1,13790.0
904818,215,46,2024-09-06,2024-09-09,Hyderabad,Accessories,COD,1,1320.0
904819,426,14,2025-03-05,2025-03-10,Bangalore,Footwear,Prepaid,1,2370.0
904820,101,16,2025-03-05,2025-03-08,Bangalore,Footwear,COD,1,3900.0
904821,435,43,2024-12-21,2024-12-24,Bangalore,Accessories,COD,1,910.0
904822,182,1,2024-05-09,2024-05-14,Kochi,Fashion & Apparel,Prepaid,1,1110.0
904823,239,11,2024-10-11,2024-10-14,Kochi,Footwear,Prepaid,1,2560.0
904824,331,42,2024-10-15,2024-10-17,Bangalore,Accessories,Prepaid,1,810.0
904825,81,2,2024-04-30,2024-05-06,Chennai,Fashion & Apparel,Prepaid,1,1190.0
904826,348,32,2024-09-05,2024-09-10,Kochi,Home & Kitchen,Prepaid,1,1990.0
904827,254,42,2024-06-30,2024-07-04,Bangalore,Accessories,Prepaid,2,1620.0
904828,14,42,2025-01-14,2025-01-17,Mumbai,Accessories,COD,1,810.0
904829,221,48,2025-03-06,2025-03-10,Hyderabad,Accessories,COD,1,1560.0
904830,10,38,2024-10-08,2024-10-11,Pune,Beauty & Personal Care,COD,2,1020.0
904831,396,43,2024-09-06,2024-09-09,Delhi NCR,Accessories,Prepaid,2,1820.0
904832,394,2,2024-05-10,2024-05-16,Delhi NCR,Fashion & Apparel,COD,2,2380.0
904833,339,7,2024-11-29,2024-12-05,Delhi NCR,Fashion & Apparel,Prepaid,1,2150.0
904834,249,29,2024-04-01,2024-04-07,Pune,Home & Kitchen,Prepaid,1,2450.0
904835,483,3,2024-07-26,2024-07-30,Bangalore,Fashion & Apparel,Prepaid,1,1770.0
904836,359,39,2024-06-01,2024-06-07,Pune,Beauty & Personal Care,Prepaid,2,1560.0
904837,276,29,2024-04-08,2024-04-12,Bangalore,Home & Kitchen,Prepaid,1,2450.0
904838,264,32,2025-01-01,2025-01-07,Mumbai,Home & Kitchen,Prepaid,1,1990.0
904839,69,40,2024-10-28,2024-11-01,Bangalore,Beauty & Personal Care,Prepaid,1,540.0
904840,245,17,2024-06-19,2024-06-21,Mumbai,Electronics,COD,1,13790.0
904841,49,37,2024-12-19,2024-12-21,Hyderabad,Beauty & Personal Care,COD,1,810.0
904842,249,17,2024-07-31,2024-08-02,Pune,Electronics,Prepaid,1,13790.0
904843,135,42,2025-01-27,2025-01-30,Hyderabad,Accessories,COD,1,810.0
904844,206,19,2024-10-23,2024-10-25,Chennai,Electronics,Prepaid,1,10800.0
904845,428,32,2025-02-01,2025-02-07,Hyderabad,Home & Kitchen,COD,1,1990.0
904846,318,21,2024-07-29,2024-08-01,Delhi NCR,Electronics,Prepaid,1,9950.0
904847,593,12,2024-05-20,2024-05-22,Pune,Footwear,COD,1,2600.0
904848,301,28,2024-05-05,2024-05-08,Bangalore,Home & Kitchen,Prepaid,1,3170.0
904849,427,32,2024-07-11,2024-07-17,Bangalore,Home & Kitchen,Prepaid,2,3980.0
904850,105,41,2024-09-15,2024-09-18,Mumbai,Accessories,COD,1,1390.0
904851,204,9,2025-03-10,2025-03-14,Chennai,Footwear,Prepaid,1,3370.0
904852,280,21,2025-03-06,2025-03-11,Hyderabad,Electronics,Prepaid,1,9950.0
904853,298,46,2024-05-21,2024-05-26,Mumbai,Accessories,COD,1,1320.0
904854,537,1,2024-08-18,2024-08-20,Delhi NCR,Fashion & Apparel,Prepaid,1,1110.0
904855,311,32,2024-06-09,2024-06-12,Mumbai,Home & Kitchen,Prepaid,3,5970.0
904856,317,2,2024-08-29,2024-08-31,Mumbai,Fashion & Apparel,COD,2,2380.0
904857,41,10,2025-03-18,2025-03-24,Mumbai,Footwear,Prepaid,1,3700.0
904858,467,13,2024-07-22,2024-07-27,Hyderabad,Footwear,Prepaid,1,3000.0
904859,64,4,2024-12-20,2024-12-25,Hyderabad,Fashion & Apparel,Prepaid,1,970.0
904860,238,39,2024-10-06,2024-10-12,Delhi NCR,Beauty & Personal Care,COD,1,780.0
904861,293,23,2024-05-04,2024-05-08,Delhi NCR,Electronics,Prepaid,1,12780.0
904862,298,19,2024-07-12,2024-07-17,Mumbai,Electronics,Prepaid,1,10800.0
904863,105,33,2024-06-11,2024-06-16,Mumbai,Beauty & Personal Care,Prepaid,1,740.0
904864,365,46,2024-07-13,2024-07-16,Delhi NCR,Accessories,Prepaid,2,2640.0
904865,244,13,2025-02-26,2025-03-03,Mumbai,Footwear,Prepaid,1,3000.0
904866,101,36,2024-07-11,2024-07-15,Bangalore,Beauty & Personal Care,Prepaid,1,1130.0
904867,467,15,2025-02-18,2025-02-24,Hyderabad,Footwear,Prepaid,1,3740.0
904868,85,33,2024-12-27,2024-12-30,Pune,Beauty & Personal Care,Prepaid,1,740.0
904869,106,27,2025-01-19,2025-01-24,Delhi NCR,Home & Kitchen,Prepaid,1,1080.0
904870,31,17,2025-01-07,2025-01-12,Mumbai,Electronics,COD,1,13790.0
904871,153,38,2024-10-05,2024-10-07,Bangalore,Beauty & Personal Care,Prepaid,1,510.0
904872,441,7,2025-02-06,2025-02-09,Hyderabad,Fashion & Apparel,Prepaid,1,2150.0
904873,473,7,2025-01-07,2025-01-09,Chennai,Fashion & Apparel,Prepaid,2,4300.0
904874,143,20,2024-04-27,2024-04-30,Bangalore,Electronics,COD,1,12810.0
904875,194,9,2024-08-22,2024-08-27,Delhi NCR,Footwear,Prepaid,1,3370.0
904876,384,36,2024-04-18,2024-04-23,Chennai,Beauty & Personal Care,COD,1,1130.0
904877,180,3,2024-11-13,2024-11-15,Pune,Fashion & Apparel,Prepaid,2,3540.0
904878,117,15,2025-02-10,2025-02-15,Mumbai,Footwear,COD,1,3740.0
904879,18,41,2024-12-20,2024-12-24,Hyderabad,Accessories,COD,1,1390.0
904880,560,4,2024-05-13,2024-05-16,Kochi,Fashion & Apparel,COD,1,970.0
904881,13,28,2024-08-20,2024-08-26,Kochi,Home & Kitchen,Prepaid,1,3170.0
904882,86,17,2024-05-17,2024-05-22,Mumbai,Electronics,Prepaid,3,41370.0
904883,161,40,2025-01-31,2025-02-05,Bangalore,Beauty & Personal Care,Prepaid,1,540.0
904884,410,20,2025-03-14,2025-03-16,Bangalore,Electronics,Prepaid,1,12810.0
904885,39,21,2024-12-26,2024-12-29,Pune,Electronics,Prepaid,1,9950.0
904886,160,41,2024-06-02,2024-06-05,Pune,Accessories,Prepaid,1,1390.0
904887,479,15,2024-12-31,2025-01-04,Chennai,Footwear,COD,3,11220.0
904888,364,4,2024-12-30,2025-01-04,Hyderabad,Fashion & Apparel,COD,1,970.0
904889,501,8,2025-03-26,2025-03-28,Kochi,Fashion & Apparel,COD,2,3740.0
904890,485,41,2024-05-28,2024-05-31,Hyderabad,Accessories,Prepaid,1,1390.0
904891,162,43,2024-09-17,2024-09-23,Pune,Accessories,COD,2,1820.0
904892,421,35,2025-02-22,2025-02-24,Mumbai,Beauty & Personal Care,Prepaid,1,590.0
904893,187,41,2024-05-18,2024-05-23,Chennai,Accessories,Prepaid,1,1390.0
904894,581,31,2024-06-08,2024-06-10,Bangalore,Home & Kitchen,Prepaid,3,5220.0
904895,456,46,2024-06-07,2024-06-13,Bangalore,Accessories,Prepaid,2,2640.0
904896,549,42,2024-10-14,2024-10-18,Kochi,Accessories,Prepaid,1,810.0
904897,306,26,2025-03-20,2025-03-25,Chennai,Home & Kitchen,Prepaid,1,2250.0
904898,592,27,2024-07-13,2024-07-19,Mumbai,Home & Kitchen,COD,1,1080.0
904899,385,45,2025-03-04,2025-03-09,Hyderabad,Accessories,COD,1,1290.0
904900,454,12,2025-01-17,2025-01-21,Mumbai,Footwear,Prepaid,2,5200.0
904901,111,16,2024-10-07,2024-10-10,Bangalore,Footwear,Prepaid,1,3900.0
904902,360,36,2024-06-05,2024-06-10,Delhi NCR,Beauty & Personal Care,Prepaid,1,1130.0
904903,383,20,2024-12-23,2024-12-26,Mumbai,Electronics,Prepaid,1,12810.0
904904,471,15,2024-08-15,2024-08-20,Hyderabad,Footwear,COD,1,3740.0
904905,90,37,2024-06-14,2024-06-17,Pune,Beauty & Personal Care,COD,1,810.0
904906,444,48,2025-01-14,2025-01-17,Mumbai,Accessories,COD,3,4680.0
904907,398,20,2024-08-21,2024-08-23,Pune,Electronics,Prepaid,1,12810.0
904908,237,10,2024-06-23,2024-06-27,Hyderabad,Footwear,Prepaid,1,3700.0
904909,176,31,2025-02-13,2025-02-15,Kochi,Home & Kitchen,Prepaid,1,1740.0
904910,597,4,2024-11-10,2024-11-14,Mumbai,Fashion & Apparel,Prepaid,1,970.0
904911,154,2,2024-12-04,2024-12-09,Chennai,Fashion & Apparel,Prepaid,1,1190.0
904912,205,10,2024-12-12,2024-12-16,Chennai,Footwear,COD,1,3700.0
904913,284,15,2024-05-10,2024-05-16,Bangalore,Footwear,COD,1,3740.0
904914,350,7,2024-06-17,2024-06-22,Hyderabad,Fashion & Apparel,COD,1,2150.0
904915,327,31,2024-11-25,2024-11-29,Delhi NCR,Home & Kitchen,COD,1,1740.0
904916,437,17,2024-11-28,2024-12-04,Bangalore,Electronics,Prepaid,1,13790.0
904917,355,22,2025-02-24,2025-03-01,Delhi NCR,Electronics,Prepaid,1,13330.0
904918,98,25,2024-06-07,2024-06-09,Bangalore,Home & Kitchen,Prepaid,1,3150.0
904919,132,41,2024-12-05,2024-12-08,Chennai,Accessories,Prepaid,2,2780.0
904920,285,42,2024-06-20,2024-06-26,Chennai,Accessories,COD,1,810.0
904921,264,7,2024-09-29,2024-10-05,Mumbai,Fashion & Apparel,COD,1,2150.0
904922,201,41,2025-01-21,2025-01-25,Hyderabad,Accessories,Prepaid,2,2780.0
904923,99,23,2024-10-17,2024-10-20,Delhi NCR,Electronics,COD,1,12780.0
904924,517,46,2024-06-01,2024-06-06,Chennai,Accessories,Prepaid,1,1320.0
904925,160,41,2024-06-20,2024-06-23,Pune,Accessories,COD,1,1390.0
904926,158,18,2024-12-19,2024-12-21,Mumbai,Electronics,Prepaid,2,26280.0
904927,302,21,2024-05-22,2024-05-27,Bangalore,Electronics,COD,1,9950.0
904928,209,18,2024-06-11,2024-06-13,Bangalore,Electronics,Prepaid,1,13140.0
904929,260,42,2024-06-13,2024-06-19,Pune,Accessories,COD,1,810.0
904930,354,8,2024-12-10,2024-12-15,Chennai,Fashion & Apparel,COD,1,1870.0
904931,89,25,2024-04-16,2024-04-20,Delhi NCR,Home & Kitchen,Prepaid,2,6300.0
904932,10,24,2025-03-16,2025-03-20,Pune,Electronics,COD,1,11450.0
904933,313,32,2024-07-04,2024-07-09,Bangalore,Home & Kitchen,Prepaid,1,1990.0
904934,12,9,2025-01-24,2025-01-26,Pune,Footwear,Prepaid,1,3370.0
904935,171,6,2025-01-09,2025-01-14,Bangalore,Fashion & Apparel,Prepaid,1,1510.0
904936,88,4,2024-07-29,2024-08-04,Chennai,Fashion & Apparel,Prepaid,1,970.0
904937,496,23,2025-03-05,2025-03-07,Hyderabad,Electronics,Prepaid,1,12780.0
904938,262,21,2025-01-11,2025-01-15,Hyderabad,Electronics,Prepaid,1,9950.0
904939,249,3,2024-05-23,2024-05-26,Pune,Fashion & Apparel,Prepaid,1,1770.0
904940,148,19,2024-11-16,2024-11-22,Hyderabad,Electronics,Prepaid,1,10800.0
904941,143,11,2024-04-16,2024-04-22,Bangalore,Footwear,COD,2,5120.0
904942,286,9,2025-03-04,2025-03-07,Mumbai,Footwear,COD,2,6740.0
904943,370,34,2024-05-06,2024-05-11,Pune,Beauty & Personal Care,Prepaid,1,410.0
904944,331,25,2024-06-02,2024-06-06,Bangalore,Home & Kitchen,Prepaid,1,3150.0
904945,568,18,2024-04-03,2024-04-08,Kochi,Electronics,Prepaid,1,13140.0
904946,429,30,2024-07-23,2024-07-29,Bangalore,Home & Kitchen,Prepaid,1,2550.0
904947,540,4,2024-09-22,2024-09-25,Delhi NCR,Fashion & Apparel,Prepaid,1,970.0
904948,513,9,2024-08-28,2024-08-30,Chennai,Footwear,Prepaid,1,3370.0
904949,15,5,2024-11-21,2024-11-25,Bangalore,Fashion & Apparel,COD,2,3920.0
904950,426,46,2024-06-11,2024-06-15,Bangalore,Accessories,COD,1,1320.0
904951,95,14,2024-06-17,2024-06-23,Mumbai,Footwear,Prepaid,2,4740.0
904952,275,34,2024-12-14,2024-12-17,Pune,Beauty & Personal Care,Prepaid,1,410.0
904953,371,22,2024-10-06,2024-10-10,Bangalore,Electronics,COD,1,13330.0
904954,315,25,2024-08-06,2024-08-11,Kochi,Home & Kitchen,COD,1,3150.0
904955,421,20,2024-11-10,2024-11-16,Mumbai,Electronics,COD,1,12810.0
904956,460,7,2024-10-03,2024-10-09,Delhi NCR,Fashion & Apparel,Prepaid,1,2150.0
904957,97,45,2024-09-19,2024-09-23,Mumbai,Accessories,Prepaid,1,1290.0
904958,158,36,2024-06-25,2024-07-01,Mumbai,Beauty & Personal Care,COD,1,1130.0
904959,140,21,2024-12-17,2024-12-21,Mumbai,Electronics,Prepaid,1,9950.0
904960,395,19,2025-03-24,2025-03-28,Delhi NCR,Electronics,Prepaid,1,10800.0
904961,400,15,2024-04-19,2024-04-23,Chennai,Footwear,COD,1,3740.0
904962,156,14,2024-11-28,2024-11-30,Bangalore,Footwear,COD,1,2370.0
904963,49,22,2025-03-11,2025-03-15,Hyderabad,Electronics,Prepaid,1,13330.0
904964,528,38,2025-01-17,2025-01-21,Bangalore,Beauty & Personal Care,Prepaid,1,510.0
904965,180,3,2025-01-07,2025-01-09,Pune,Fashion & Apparel,Prepaid,1,1770.0
904966,450,7,2024-07-04,2024-07-07,Pune,Fashion & Apparel,Prepaid,1,2150.0
904967,500,13,2024-05-27,2024-05-29,Delhi NCR,Footwear,Prepaid,1,3000.0
904968,399,12,2024-04-04,2024-04-09,Hyderabad,Footwear,Prepaid,1,2600.0
904969,6,41,2024-04-17,2024-04-21,Kochi,Accessories,Prepaid,1,1390.0
904970,439,39,2025-01-03,2025-01-07,Hyderabad,Beauty & Personal Care,COD,1,780.0
904971,470,5,2024-11-30,2024-12-06,Kochi,Fashion & Apparel,Prepaid,1,1960.0
904972,64,33,2024-08-06,2024-08-09,Hyderabad,Beauty & Personal Care,Prepaid,1,740.0
904973,593,16,2024-10-17,2024-10-20,Pune,Footwear,Prepaid,2,7800.0
904974,450,3,2024-07-09,2024-07-14,Pune,Fashion & Apparel,Prepaid,1,1770.0
904975,438,25,2024-11-11,2024-11-13,Hyderabad,Home & Kitchen,COD,1,3150.0
904976,410,18,2024-12-30,2025-01-05,Bangalore,Electronics,Prepaid,1,13140.0
904977,445,33,2025-01-05,2025-01-08,Chennai,Beauty & Personal Care,Prepaid,1,740.0
904978,302,15,2025-02-08,2025-02-12,Bangalore,Footwear,Prepaid,2,7480.0
904979,121,12,2024-10-06,2024-10-09,Bangalore,Footwear,Prepaid,2,5200.0
904980,86,48,2024-04-30,2024-05-06,Mumbai,Accessories,Prepaid,1,1560.0
904981,13,36,2024-09-09,2024-09-13,Kochi,Beauty & Personal Care,Prepaid,1,1130.0
904982,26,15,2024-04-25,2024-04-27,Hyderabad,Footwear,Prepaid,1,3740.0
904983,168,17,2024-05-26,2024-05-30,Bangalore,Electronics,COD,2,27580.0
904984,78,21,2024-06-30,2024-07-04,Chennai,Electronics,COD,1,9950.0
904985,495,43,2025-02-27,2025-03-02,Kochi,Accessories,COD,1,910.0
904986,65,42,2025-02-19,2025-02-25,Pune,Accessories,COD,1,810.0
904987,433,25,2025-03-22,2025-03-27,Pune,Home & Kitchen,Prepaid,1,3150.0
904988,381,22,2024-12-01,2024-12-07,Mumbai,Electronics,Prepaid,1,13330.0
904989,349,21,2025-02-07,2025-02-09,Hyderabad,Electronics,Prepaid,2,19900.0
904990,334,2,2024-11-17,2024-11-22,Kochi,Fashion & Apparel,Prepaid,1,1190.0
904991,376,23,2024-11-23,2024-11-25,Hyderabad,Electronics,COD,1,12780.0
904992,491,23,2024-08-29,2024-09-02,Delhi NCR,Electronics,COD,1,12780.0
904993,323,39,2024-07-04,2024-07-06,Chennai,Beauty & Personal Care,Prepaid,3,2340.0
904994,551,9,2024-11-17,2024-11-22,Hyderabad,Footwear,Prepaid,1,3370.0
904995,221,24,2024-06-08,2024-06-13,Hyderabad,Electronics,Prepaid,1,11450.0
904996,535,35,2025-02-03,2025-02-07,Bangalore,Beauty & Personal Care,COD,1,590.0
904997,407,42,2024-11-28,2024-12-03,Mumbai,Accessories,COD,1,810.0
904998,467,1,2025-03-01,2025-03-03,Hyderabad,Fashion & Apparel,COD,1,1110.0
904999,274,31,2025-02-24,2025-02-26,Mumbai,Home & Kitchen,COD,1,1740.0
905000,134,22,2024-12-10,2024-12-16,Delhi NCR,Electronics,Prepaid,2,26660.0
905001,457,35,2024-12-10,2024-12-16,Pune,Beauty & Personal Care,Prepaid,1,590.0
905002,296,36,2024-06-17,2024-06-23,Bangalore,Beauty & Personal Care,Prepaid,2,2260.0
905003,95,14,2024-05-09,2024-05-12,Mumbai,Footwear,COD,2,4740.0
905004,538,6,2025-03-05,2025-03-08,Bangalore,Fashion & Apparel,COD,3,4530.0
905005,259,4,2025-03-10,2025-03-16,Bangalore,Fashion & Apparel,Prepaid,1,970.0
905006,242,37,2024-07-24,2024-07-30,Kochi,Beauty & Personal Care,Prepaid,2,1620.0
905007,265,19,2024-04-12,2024-04-18,Chennai,Electronics,Prepaid,2,21600.0
905008,196,9,2024-08-07,2024-08-09,Mumbai,Footwear,Prepaid,1,3370.0
905009,497,33,2024-05-27,2024-05-29,Mumbai,Beauty & Personal Care,Prepaid,1,740.0
905010,596,5,2024-11-25,2024-11-29,Mumbai,Fashion & Apparel,Prepaid,1,1960.0
905011,199,1,2024-09-22,2024-09-24,Bangalore,Fashion & Apparel,COD,1,1110.0
905012,21,36,2024-10-29,2024-11-03,Mumbai,Beauty & Personal Care,Prepaid,1,1130.0
905013,37,22,2024-06-27,2024-06-30,Kochi,Electronics,Prepaid,1,13330.0
905014,69,44,2024-06-01,2024-06-05,Bangalore,Accessories,COD,1,1130.0
905015,183,44,2025-02-21,2025-02-27,Hyderabad,Accessories,Prepaid,2,2260.0
905016,551,47,2025-01-01,2025-01-05,Hyderabad,Accessories,Prepaid,2,1780.0
905017,114,21,2024-11-17,2024-11-23,Delhi NCR,Electronics,Prepaid,2,19900.0
905018,295,31,2024-06-12,2024-06-17,Delhi NCR,Home & Kitchen,COD,1,1740.0
905019,362,33,2024-06-05,2024-06-07,Hyderabad,Beauty & Personal Care,Prepaid,1,740.0
905020,296,26,2024-08-28,2024-08-31,Bangalore,Home & Kitchen,Prepaid,1,2250.0
905021,549,5,2024-08-17,2024-08-23,Kochi,Fashion & Apparel,Prepaid,1,1960.0
905022,541,8,2024-12-14,2024-12-18,Bangalore,Fashion & Apparel,COD,1,1870.0
905023,340,48,2024-05-20,2024-05-24,Delhi NCR,Accessories,COD,1,1560.0
905024,66,44,2024-09-06,2024-09-08,Delhi NCR,Accessories,Prepaid,2,2260.0
905025,568,4,2024-09-24,2024-09-29,Kochi,Fashion & Apparel,COD,1,970.0
905026,213,18,2025-02-03,2025-02-08,Bangalore,Electronics,Prepaid,3,39420.0
905027,569,26,2025-03-18,2025-03-22,Bangalore,Home & Kitchen,Prepaid,1,2250.0
905028,25,2,2024-11-25,2024-11-29,Mumbai,Fashion & Apparel,COD,1,1190.0
905029,80,43,2024-08-21,2024-08-26,Mumbai,Accessories,COD,1,910.0
905030,345,14,2024-07-27,2024-08-02,Bangalore,Footwear,COD,2,4740.0
905031,560,19,2024-10-11,2024-10-17,Kochi,Electronics,COD,1,10800.0
905032,160,23,2024-05-28,2024-05-31,Pune,Electronics,Prepaid,1,12780.0
905033,328,46,2025-02-06,2025-02-12,Delhi NCR,Accessories,Prepaid,1,1320.0
905034,107,13,2025-03-13,2025-03-16,Chennai,Footwear,Prepaid,1,3000.0
905035,18,2,2024-06-10,2024-06-13,Hyderabad,Fashion & Apparel,Prepaid,1,1190.0
905036,60,4,2024-04-04,2024-04-09,Bangalore,Fashion & Apparel,Prepaid,2,1940.0
905037,9,36,2024-12-06,2024-12-10,Bangalore,Beauty & Personal Care,COD,1,1130.0
905038,223,36,2024-09-12,2024-09-14,Pune,Beauty & Personal Care,Prepaid,1,1130.0
905039,317,3,2024-11-25,2024-11-30,Mumbai,Fashion & Apparel,COD,1,1770.0
905040,47,9,2024-07-12,2024-07-16,Kochi,Footwear,Prepaid,1,3370.0
905041,214,13,2024-12-09,2024-12-15,Bangalore,Footwear,Prepaid,2,6000.0
905042,189,1,2024-06-04,2024-06-09,Bangalore,Fashion & Apparel,Prepaid,1,1110.0
905043,125,31,2024-11-01,2024-11-07,Delhi NCR,Home & Kitchen,Prepaid,2,3480.0
905044,127,17,2024-07-31,2024-08-05,Hyderabad,Electronics,COD,1,13790.0
905045,267,19,2024-05-01,2024-05-07,Bangalore,Electronics,Prepaid,1,10800.0
905046,446,31,2024-05-20,2024-05-24,Pune,Home & Kitchen,Prepaid,1,1740.0
905047,125,26,2024-08-18,2024-08-20,Delhi NCR,Home & Kitchen,Prepaid,1,2250.0
905048,39,44,2024-12-24,2024-12-28,Pune,Accessories,COD,1,1130.0
905049,149,19,2024-07-29,2024-07-31,Mumbai,Electronics,COD,1,10800.0
905050,568,29,2024-07-24,2024-07-26,Kochi,Home & Kitchen,COD,2,4900.0
905051,264,24,2024-04-18,2024-04-22,Mumbai,Electronics,Prepaid,1,11450.0
905052,80,5,2024-05-27,2024-06-01,Mumbai,Fashion & Apparel,COD,1,1960.0
905053,349,39,2024-12-29,2025-01-04,Hyderabad,Beauty & Personal Care,Prepaid,1,780.0
905054,567,35,2024-09-04,2024-09-06,Mumbai,Beauty & Personal Care,Prepaid,3,1770.0
905055,24,48,2024-10-08,2024-10-14,Mumbai,Accessories,Prepaid,1,1560.0
905056,252,19,2024-11-05,2024-11-11,Kochi,Electronics,Prepaid,1,10800.0
905057,481,45,2025-03-09,2025-03-13,Pune,Accessories,Prepaid,1,1290.0
905058,419,5,2024-06-21,2024-06-25,Delhi NCR,Fashion & Apparel,Prepaid,1,1960.0
905059,98,26,2025-02-03,2025-02-07,Bangalore,Home & Kitchen,COD,1,2250.0
905060,266,28,2024-10-29,2024-11-02,Delhi NCR,Home & Kitchen,Prepaid,3,9510.0
905061,12,37,2024-10-11,2024-10-14,Pune,Beauty & Personal Care,Prepaid,1,810.0
905062,77,2,2024-05-21,2024-05-26,Delhi NCR,Fashion & Apparel,COD,1,1190.0
905063,162,41,2024-07-18,2024-07-20,Pune,Accessories,COD,2,2780.0
905064,543,4,2024-11-12,2024-11-17,Chennai,Fashion & Apparel,Prepaid,1,970.0
905065,471,17,2024-12-24,2024-12-28,Hyderabad,Electronics,Prepaid,1,13790.0
905066,483,38,2024-06-13,2024-06-17,Bangalore,Beauty & Personal Care,Prepaid,1,510.0
905067,277,24,2024-12-31,2025-01-02,Bangalore,Electronics,COD,1,11450.0
905068,64,9,2024-09-04,2024-09-08,Hyderabad,Footwear,COD,1,3370.0
905069,421,46,2025-01-29,2025-01-31,Mumbai,Accessories,Prepaid,1,1320.0
905070,367,47,2024-05-16,2024-05-19,Mumbai,Accessories,COD,1,890.0
905071,308,40,2024-10-18,2024-10-24,Kochi,Beauty & Personal Care,Prepaid,1,540.0
905072,276,41,2024-04-09,2024-04-14,Bangalore,Accessories,Prepaid,1,1390.0
905073,475,37,2025-03-06,2025-03-09,Bangalore,Beauty & Personal Care,Prepaid,1,810.0
905074,288,27,2025-03-18,2025-03-22,Pune,Home & Kitchen,Prepaid,1,1080.0
905075,435,47,2024-10-15,2024-10-18,Bangalore,Accessories,Prepaid,2,1780.0
905076,485,37,2024-11-13,2024-11-18,Hyderabad,Beauty & Personal Care,COD,2,1620.0
905077,232,41,2025-03-04,2025-03-09,Bangalore,Accessories,Prepaid,1,1390.0
905078,245,6,2024-04-12,2024-04-17,Mumbai,Fashion & Apparel,Prepaid,1,1510.0
905079,176,30,2025-03-13,2025-03-18,Kochi,Home & Kitchen,COD,1,2550.0
905080,521,19,2024-06-13,2024-06-16,Chennai,Electronics,COD,1,10800.0
905081,265,11,2025-01-08,2025-01-14,Chennai,Footwear,COD,1,2560.0
905082,436,3,2024-07-30,2024-08-03,Mumbai,Fashion & Apparel,Prepaid,1,1770.0
905083,335,33,2024-07-24,2024-07-29,Bangalore,Beauty & Personal Care,COD,2,1480.0
905084,81,8,2024-09-26,2024-09-29,Chennai,Fashion & Apparel,COD,1,1870.0
905085,313,48,2024-10-01,2024-10-03,Bangalore,Accessories,COD,1,1560.0
905086,284,2,2024-06-29,2024-07-03,Bangalore,Fashion & Apparel,Prepaid,2,2380.0
905087,377,43,2025-03-03,2025-03-09,Delhi NCR,Accessories,COD,2,1820.0
905088,192,3,2024-05-02,2024-05-04,Bangalore,Fashion & Apparel,COD,1,1770.0
905089,162,32,2024-08-08,2024-08-13,Pune,Home & Kitchen,Prepaid,1,1990.0
905090,35,17,2024-06-12,2024-06-17,Delhi NCR,Electronics,Prepaid,2,27580.0
905091,452,42,2024-10-13,2024-10-16,Bangalore,Accessories,COD,1,810.0
905092,84,14,2024-09-19,2024-09-22,Kochi,Footwear,Prepaid,1,2370.0
905093,555,37,2024-06-06,2024-06-12,Chennai,Beauty & Personal Care,Prepaid,2,1620.0
905094,191,39,2025-03-16,2025-03-20,Pune,Beauty & Personal Care,COD,1,780.0
905095,503,11,2024-04-05,2024-04-08,Chennai,Footwear,COD,1,2560.0
905096,234,18,2024-05-08,2024-05-12,Bangalore,Electronics,COD,3,39420.0
905097,469,44,2025-01-09,2025-01-14,Delhi NCR,Accessories,COD,1,1130.0
905098,257,36,2024-06-24,2024-06-27,Hyderabad,Beauty & Personal Care,Prepaid,1,1130.0
905099,56,47,2024-11-28,2024-12-03,Pune,Accessories,COD,1,890.0
905100,528,46,2024-05-30,2024-06-02,Bangalore,Accessories,Prepaid,3,3960.0
905101,49,5,2024-11-14,2024-11-19,Hyderabad,Fashion & Apparel,Prepaid,1,1960.0
905102,442,42,2024-08-02,2024-08-05,Kochi,Accessories,Prepaid,1,810.0
905103,302,16,2024-12-29,2025-01-01,Bangalore,Footwear,Prepaid,1,3900.0
905104,394,40,2024-07-07,2024-07-13,Delhi NCR,Beauty & Personal Care,Prepaid,1,540.0
905105,35,34,2024-10-11,2024-10-17,Delhi NCR,Beauty & Personal Care,Prepaid,1,410.0
905106,420,34,2024-06-29,2024-07-02,Chennai,Beauty & Personal Care,Prepaid,1,410.0
905107,419,25,2024-07-10,2024-07-15,Delhi NCR,Home & Kitchen,COD,1,3150.0
905108,104,14,2024-12-24,2024-12-26,Mumbai,Footwear,Prepaid,2,4740.0
905109,502,27,2024-08-06,2024-08-12,Mumbai,Home & Kitchen,COD,1,1080.0
905110,330,46,2024-12-07,2024-12-11,Hyderabad,Accessories,Prepaid,1,1320.0
905111,212,19,2025-03-06,2025-03-09,Bangalore,Electronics,COD,2,21600.0
905112,251,25,2024-11-16,2024-11-20,Delhi NCR,Home & Kitchen,Prepaid,2,6300.0
905113,455,17,2024-09-08,2024-09-11,Mumbai,Electronics,Prepaid,2,27580.0
905114,319,4,2024-04-06,2024-04-10,Chennai,Fashion & Apparel,Prepaid,1,970.0
905115,404,34,2024-09-02,2024-09-06,Hyderabad,Beauty & Personal Care,COD,1,410.0
905116,595,3,2024-04-08,2024-04-11,Delhi NCR,Fashion & Apparel,Prepaid,1,1770.0
905117,598,29,2024-05-11,2024-05-13,Bangalore,Home & Kitchen,COD,1,2450.0
905118,101,9,2025-03-25,2025-03-27,Bangalore,Footwear,Prepaid,2,6740.0
905119,336,24,2025-02-15,2025-02-21,Chennai,Electronics,Prepaid,1,11450.0
905120,44,3,2025-01-25,2025-01-31,Chennai,Fashion & Apparel,Prepaid,1,1770.0
905121,29,22,2024-11-18,2024-11-24,Mumbai,Electronics,Prepaid,1,13330.0
905122,14,26,2024-06-28,2024-06-30,Mumbai,Home & Kitchen,Prepaid,1,2250.0
905123,189,26,2024-10-29,2024-11-04,Bangalore,Home & Kitchen,Prepaid,1,2250.0
905124,375,13,2024-05-14,2024-05-20,Delhi NCR,Footwear,COD,2,6000.0
905125,287,2,2024-12-01,2024-12-07,Pune,Fashion & Apparel,Prepaid,1,1190.0
905126,75,25,2024-04-01,2024-04-06,Hyderabad,Home & Kitchen,Prepaid,1,3150.0
905127,5,28,2025-03-21,2025-03-23,Mumbai,Home & Kitchen,Prepaid,2,6340.0
905128,138,21,2024-12-14,2024-12-16,Chennai,Electronics,COD,1,9950.0
905129,377,34,2024-12-14,2024-12-19,Delhi NCR,Beauty & Personal Care,Prepaid,3,1230.0
905130,552,48,2024-12-17,2024-12-23,Chennai,Accessories,Prepaid,1,1560.0
905131,538,10,2024-09-26,2024-10-02,Bangalore,Footwear,Prepaid,1,3700.0
905132,192,10,2024-06-28,2024-07-01,Bangalore,Footwear,Prepaid,1,3700.0
905133,343,36,2025-01-16,2025-01-22,Chennai,Beauty & Personal Care,Prepaid,2,2260.0
905134,150,42,2024-08-03,2024-08-07,Kochi,Accessories,COD,1,810.0
905135,241,21,2025-01-29,2025-02-03,Pune,Electronics,Prepaid,1,9950.0
905136,74,12,2025-01-23,2025-01-26,Hyderabad,Footwear,Prepaid,1,2600.0
905137,436,30,2024-04-14,2024-04-16,Mumbai,Home & Kitchen,COD,2,5100.0
905138,54,16,2024-06-17,2024-06-22,Chennai,Footwear,Prepaid,2,7800.0
905139,410,2,2024-07-20,2024-07-24,Bangalore,Fashion & Apparel,COD,1,1190.0
905140,559,10,2025-01-23,2025-01-25,Kochi,Footwear,Prepaid,1,3700.0
905141,408,43,2024-12-21,2024-12-23,Pune,Accessories,Prepaid,2,1820.0
905142,467,41,2024-12-29,2025-01-02,Hyderabad,Accessories,Prepaid,1,1390.0
905143,56,29,2024-09-16,2024-09-21,Pune,Home & Kitchen,COD,1,2450.0
905144,370,4,2024-08-14,2024-08-18,Pune,Fashion & Apparel,Prepaid,1,970.0
905145,206,32,2025-02-02,2025-02-04,Chennai,Home & Kitchen,Prepaid,1,1990.0
905146,11,3,2024-12-21,2024-12-24,Hyderabad,Fashion & Apparel,Prepaid,1,1770.0
905147,435,27,2025-03-15,2025-03-17,Bangalore,Home & Kitchen,Prepaid,1,1080.0
905148,578,15,2024-12-28,2025-01-02,Delhi NCR,Footwear,COD,1,3740.0
905149,156,37,2024-09-21,2024-09-25,Bangalore,Beauty & Personal Care,Prepaid,1,810.0
905150,321,32,2024-08-16,2024-08-21,Chennai,Home & Kitchen,COD,1,1990.0
905151,178,48,2024-07-27,2024-08-02,Chennai,Accessories,COD,1,1560.0
905152,84,27,2025-01-15,2025-01-19,Kochi,Home & Kitchen,COD,1,1080.0
905153,486,32,2024-05-14,2024-05-20,Pune,Home & Kitchen,Prepaid,1,1990.0
905154,334,36,2024-10-31,2024-11-02,Kochi,Beauty & Personal Care,COD,1,1130.0
905155,501,1,2025-03-15,2025-03-21,Kochi,Fashion & Apparel,Prepaid,1,1110.0
905156,261,26,2024-05-31,2024-06-05,Bangalore,Home & Kitchen,Prepaid,2,4500.0
905157,9,11,2024-09-12,2024-09-16,Bangalore,Footwear,COD,2,5120.0
905158,19,6,2024-06-26,2024-07-01,Kochi,Fashion & Apparel,COD,1,1510.0
905159,49,28,2024-05-04,2024-05-07,Hyderabad,Home & Kitchen,COD,1,3170.0
905160,545,30,2024-05-16,2024-05-18,Mumbai,Home & Kitchen,COD,1,2550.0
905161,314,37,2025-03-20,2025-03-23,Kochi,Beauty & Personal Care,COD,1,810.0
905162,357,39,2024-05-28,2024-05-30,Mumbai,Beauty & Personal Care,Prepaid,1,780.0
905163,102,29,2024-10-29,2024-11-02,Delhi NCR,Home & Kitchen,Prepaid,1,2450.0
905164,538,28,2025-01-24,2025-01-27,Bangalore,Home & Kitchen,Prepaid,1,3170.0
905165,588,27,2025-02-23,2025-02-28,Mumbai,Home & Kitchen,Prepaid,1,1080.0
905166,344,23,2025-01-16,2025-01-22,Mumbai,Electronics,COD,1,12780.0
905167,150,6,2024-07-18,2024-07-23,Kochi,Fashion & Apparel,COD,1,1510.0
905168,78,29,2024-09-16,2024-09-19,Chennai,Home & Kitchen,Prepaid,1,2450.0
905169,360,6,2024-09-10,2024-09-14,Delhi NCR,Fashion & Apparel,COD,1,1510.0
905170,438,26,2024-05-15,2024-05-17,Hyderabad,Home & Kitchen,Prepaid,1,2250.0
905171,511,40,2024-09-21,2024-09-25,Bangalore,Beauty & Personal Care,Prepaid,1,540.0
905172,229,1,2024-10-13,2024-10-15,Hyderabad,Fashion & Apparel,Prepaid,3,3330.0
905173,422,23,2024-11-22,2024-11-26,Bangalore,Electronics,COD,1,12780.0
905174,304,15,2024-07-30,2024-08-02,Pune,Footwear,COD,1,3740.0
905175,487,3,2024-11-15,2024-11-19,Delhi NCR,Fashion & Apparel,COD,1,1770.0
905176,181,45,2025-02-17,2025-02-21,Kochi,Accessories,Prepaid,1,1290.0
905177,487,44,2024-04-11,2024-04-16,Delhi NCR,Accessories,Prepaid,1,1130.0
905178,252,38,2024-04-02,2024-04-08,Kochi,Beauty & Personal Care,COD,1,510.0
905179,217,46,2024-05-19,2024-05-24,Mumbai,Accessories,COD,1,1320.0
905180,35,18,2024-08-17,2024-08-20,Delhi NCR,Electronics,COD,1,13140.0
905181,526,25,2024-04-21,2024-04-24,Bangalore,Home & Kitchen,Prepaid,1,3150.0
905182,217,30,2024-08-17,2024-08-23,Mumbai,Home & Kitchen,Prepaid,1,2550.0
905183,212,22,2024-08-30,2024-09-02,Bangalore,Electronics,Prepaid,1,13330.0
905184,31,8,2024-12-28,2025-01-01,Mumbai,Fashion & Apparel,COD,1,1870.0
905185,310,14,2024-08-20,2024-08-24,Chennai,Footwear,COD,1,2370.0
905186,348,32,2024-07-02,2024-07-06,Kochi,Home & Kitchen,Prepaid,2,3980.0
905187,537,4,2024-08-05,2024-08-11,Delhi NCR,Fashion & Apparel,COD,2,1940.0
905188,295,31,2024-07-24,2024-07-27,Delhi NCR,Home & Kitchen,COD,1,1740.0
905189,329,14,2024-09-02,2024-09-07,Hyderabad,Footwear,Prepaid,1,2370.0
905190,539,10,2025-02-24,2025-03-01,Mumbai,Footwear,Prepaid,1,3700.0
905191,143,14,2024-06-12,2024-06-18,Bangalore,Footwear,Prepaid,3,7110.0
905192,332,33,2024-07-25,2024-07-31,Mumbai,Beauty & Personal Care,COD,2,1480.0
905193,414,2,2024-07-18,2024-07-23,Delhi NCR,Fashion & Apparel,Prepaid,1,1190.0
905194,205,42,2025-02-01,2025-02-05,Chennai,Accessories,Prepaid,1,810.0
905195,23,43,2024-05-05,2024-05-08,Pune,Accessories,Prepaid,1,910.0
905196,28,37,2024-05-02,2024-05-07,Mumbai,Beauty & Personal Care,COD,1,810.0
905197,262,13,2024-11-25,2024-11-30,Hyderabad,Footwear,Prepaid,1,3000.0
905198,158,42,2025-02-06,2025-02-12,Mumbai,Accessories,COD,1,810.0
905199,501,43,2024-12-15,2024-12-17,Kochi,Accessories,Prepaid,1,910.0
905200,99,18,2025-02-10,2025-02-16,Delhi NCR,Electronics,COD,1,13140.0
905201,578,2,2024-06-28,2024-06-30,Delhi NCR,Fashion & Apparel,COD,1,1190.0
905202,171,16,2025-02-27,2025-03-05,Bangalore,Footwear,COD,2,7800.0
905203,156,27,2024-10-30,2024-11-04,Bangalore,Home & Kitchen,Prepaid,1,1080.0
905204,322,4,2024-06-02,2024-06-07,Bangalore,Fashion & Apparel,Prepaid,1,970.0
905205,547,28,2024-10-07,2024-10-10,Bangalore,Home & Kitchen,COD,1,3170.0
905206,62,12,2025-01-05,2025-01-11,Pune,Footwear,COD,1,2600.0
905207,88,2,2024-06-11,2024-06-14,Chennai,Fashion & Apparel,COD,1,1190.0
905208,431,19,2024-09-18,2024-09-23,Pune,Electronics,Prepaid,1,10800.0
905209,114,15,2025-01-31,2025-02-03,Delhi NCR,Footwear,Prepaid,1,3740.0
905210,280,38,2025-02-26,2025-03-02,Hyderabad,Beauty & Personal Care,Prepaid,1,510.0
905211,13,36,2025-03-28,2025-04-02,Kochi,Beauty & Personal Care,Prepaid,2,2260.0
905212,320,12,2024-04-03,2024-04-09,Bangalore,Footwear,COD,1,2600.0
905213,130,40,2024-08-19,2024-08-24,Hyderabad,Beauty & Personal Care,Prepaid,1,540.0
905214,483,13,2024-11-06,2024-11-10,Bangalore,Footwear,Prepaid,1,3000.0
905215,117,13,2024-07-08,2024-07-11,Mumbai,Footwear,Prepaid,2,6000.0
905216,362,41,2024-07-30,2024-08-01,Hyderabad,Accessories,Prepaid,1,1390.0
905217,199,15,2024-11-24,2024-11-27,Bangalore,Footwear,COD,1,3740.0
905218,80,46,2024-04-21,2024-04-27,Mumbai,Accessories,Prepaid,1,1320.0
905219,524,32,2024-04-11,2024-04-17,Pune,Home & Kitchen,COD,1,1990.0
905220,448,35,2025-01-26,2025-01-31,Pune,Beauty & Personal Care,COD,1,590.0
905221,553,30,2024-12-16,2024-12-20,Hyderabad,Home & Kitchen,COD,2,5100.0
905222,306,10,2024-11-19,2024-11-25,Chennai,Footwear,COD,1,3700.0
905223,452,11,2025-03-03,2025-03-08,Bangalore,Footwear,Prepaid,1,2560.0
905224,209,44,2024-12-30,2025-01-02,Bangalore,Accessories,COD,1,1130.0
905225,230,26,2025-03-18,2025-03-23,Bangalore,Home & Kitchen,Prepaid,1,2250.0
905226,240,42,2024-04-24,2024-04-26,Chennai,Accessories,Prepaid,1,810.0
905227,261,3,2024-05-04,2024-05-10,Bangalore,Fashion & Apparel,COD,1,1770.0
905228,123,16,2024-04-06,2024-04-11,Pune,Footwear,COD,1,3900.0
905229,558,16,2024-06-22,2024-06-24,Kochi,Footwear,Prepaid,2,7800.0
905230,202,13,2024-04-10,2024-04-14,Mumbai,Footwear,Prepaid,1,3000.0
905231,135,21,2024-06-24,2024-06-30,Hyderabad,Electronics,Prepaid,1,9950.0
905232,186,19,2025-03-17,2025-03-22,Hyderabad,Electronics,Prepaid,1,10800.0
905233,448,15,2024-09-30,2024-10-03,Pune,Footwear,Prepaid,1,3740.0
905234,103,38,2024-11-30,2024-12-03,Bangalore,Beauty & Personal Care,COD,1,510.0
905235,301,16,2024-09-16,2024-09-18,Bangalore,Footwear,Prepaid,1,3900.0
905236,309,20,2024-07-20,2024-07-22,Mumbai,Electronics,COD,2,25620.0
905237,144,26,2024-10-09,2024-10-12,Kochi,Home & Kitchen,COD,1,2250.0
905238,104,10,2024-12-02,2024-12-07,Mumbai,Footwear,COD,1,3700.0
905239,539,24,2024-04-15,2024-04-19,Mumbai,Electronics,Prepaid,1,11450.0
905240,274,11,2025-03-12,2025-03-14,Mumbai,Footwear,COD,1,2560.0
905241,328,35,2025-03-15,2025-03-18,Delhi NCR,Beauty & Personal Care,COD,1,590.0
905242,120,30,2024-05-20,2024-05-22,Pune,Home & Kitchen,Prepaid,1,2550.0
905243,397,17,2024-08-30,2024-09-03,Bangalore,Electronics,Prepaid,1,13790.0
905244,83,13,2024-05-04,2024-05-06,Delhi NCR,Footwear,COD,2,6000.0
905245,11,30,2024-10-27,2024-10-31,Hyderabad,Home & Kitchen,Prepaid,1,2550.0
905246,537,23,2025-01-14,2025-01-16,Delhi NCR,Electronics,Prepaid,1,12780.0
905247,169,19,2024-06-04,2024-06-10,Hyderabad,Electronics,Prepaid,2,21600.0
905248,146,18,2024-11-20,2024-11-25,Hyderabad,Electronics,COD,1,13140.0
905249,27,9,2025-02-13,2025-02-17,Bangalore,Footwear,Prepaid,1,3370.0
905250,191,9,2024-11-30,2024-12-02,Pune,Footwear,Prepaid,1,3370.0
905251,498,14,2024-09-15,2024-09-18,Mumbai,Footwear,Prepaid,1,2370.0
905252,563,19,2024-07-08,2024-07-14,Pune,Electronics,COD,1,10800.0
905253,491,17,2024-04-04,2024-04-08,Delhi NCR,Electronics,Prepaid,1,13790.0
905254,493,17,2024-07-16,2024-07-21,Mumbai,Electronics,COD,1,13790.0
905255,164,41,2024-08-22,2024-08-26,Chennai,Accessories,Prepaid,2,2780.0
905256,177,20,2024-07-16,2024-07-22,Delhi NCR,Electronics,Prepaid,1,12810.0
905257,548,39,2025-02-23,2025-02-25,Delhi NCR,Beauty & Personal Care,Prepaid,1,780.0
905258,5,35,2025-02-15,2025-02-21,Mumbai,Beauty & Personal Care,Prepaid,1,590.0
905259,407,21,2024-07-24,2024-07-27,Mumbai,Electronics,COD,1,9950.0
905260,283,24,2024-11-27,2024-12-03,Mumbai,Electronics,Prepaid,1,11450.0
905261,310,18,2025-03-29,2025-04-03,Chennai,Electronics,Prepaid,1,13140.0
905262,591,40,2025-01-20,2025-01-24,Hyderabad,Beauty & Personal Care,Prepaid,1,540.0
905263,217,43,2024-07-05,2024-07-08,Mumbai,Accessories,Prepaid,1,910.0
905264,506,1,2024-04-25,2024-05-01,Pune,Fashion & Apparel,Prepaid,1,1110.0
905265,4,36,2024-08-26,2024-08-31,Chennai,Beauty & Personal Care,COD,1,1130.0
905266,284,42,2024-11-12,2024-11-15,Bangalore,Accessories,Prepaid,1,810.0
905267,95,38,2025-01-06,2025-01-12,Mumbai,Beauty & Personal Care,COD,1,510.0
905268,96,3,2024-05-15,2024-05-18,Mumbai,Fashion & Apparel,Prepaid,1,1770.0
905269,154,28,2024-10-11,2024-10-13,Chennai,Home & Kitchen,Prepaid,1,3170.0
905270,541,37,2024-04-03,2024-04-06,Bangalore,Beauty & Personal Care,COD,1,810.0
905271,361,28,2024-08-12,2024-08-18,Chennai,Home & Kitchen,COD,1,3170.0
905272,390,19,2024-09-08,2024-09-14,Mumbai,Electronics,COD,1,10800.0
905273,355,13,2024-06-24,2024-06-26,Delhi NCR,Footwear,COD,1,3000.0
905274,44,39,2024-11-11,2024-11-16,Chennai,Beauty & Personal Care,Prepaid,1,780.0
905275,31,18,2024-07-13,2024-07-18,Mumbai,Electronics,Prepaid,1,13140.0
905276,145,48,2024-05-23,2024-05-26,Bangalore,Accessories,Prepaid,1,1560.0
905277,457,11,2024-12-20,2024-12-25,Pune,Footwear,COD,1,2560.0
905278,480,31,2024-11-29,2024-12-01,Mumbai,Home & Kitchen,Prepaid,1,1740.0
905279,175,33,2024-07-08,2024-07-14,Mumbai,Beauty & Personal Care,Prepaid,1,740.0
905280,233,37,2025-02-22,2025-02-24,Chennai,Beauty & Personal Care,COD,1,810.0
905281,171,24,2024-05-14,2024-05-18,Bangalore,Electronics,COD,1,11450.0
905282,155,19,2025-03-21,2025-03-27,Chennai,Electronics,COD,1,10800.0
905283,309,15,2024-05-24,2024-05-30,Mumbai,Footwear,COD,1,3740.0
905284,541,34,2024-06-21,2024-06-23,Bangalore,Beauty & Personal Care,Prepaid,1,410.0
905285,292,23,2024-09-08,2024-09-13,Mumbai,Electronics,Prepaid,1,12780.0
905286,353,20,2025-01-23,2025-01-25,Bangalore,Electronics,Prepaid,2,25620.0
905287,350,41,2024-12-25,2024-12-30,Hyderabad,Accessories,Prepaid,1,1390.0
905288,393,1,2024-08-16,2024-08-21,Delhi NCR,Fashion & Apparel,Prepaid,2,2220.0
905289,193,2,2024-04-04,2024-04-06,Bangalore,Fashion & Apparel,Prepaid,1,1190.0
905290,489,27,2025-03-17,2025-03-22,Delhi NCR,Home & Kitchen,COD,1,1080.0
905291,358,46,2024-04-01,2024-04-04,Pune,Accessories,Prepaid,1,1320.0
905292,7,11,2024-06-21,2024-06-24,Mumbai,Footwear,COD,1,2560.0
905293,294,28,2024-07-11,2024-07-16,Hyderabad,Home & Kitchen,Prepaid,1,3170.0
905294,381,41,2024-08-19,2024-08-21,Mumbai,Accessories,COD,1,1390.0
905295,50,1,2024-10-28,2024-11-02,Kochi,Fashion & Apparel,Prepaid,1,1110.0
905296,241,40,2024-10-27,2024-10-29,Pune,Beauty & Personal Care,COD,2,1080.0
905297,398,48,2024-09-19,2024-09-25,Pune,Accessories,COD,1,1560.0
905298,393,12,2024-05-03,2024-05-05,Delhi NCR,Footwear,COD,2,5200.0
905299,446,19,2024-06-01,2024-06-07,Pune,Electronics,Prepaid,1,10800.0
905300,139,39,2024-07-03,2024-07-07,Delhi NCR,Beauty & Personal Care,Prepaid,1,780.0
905301,313,37,2024-09-10,2024-09-13,Bangalore,Beauty & Personal Care,Prepaid,1,810.0
905302,586,17,2024-09-07,2024-09-13,Bangalore,Electronics,Prepaid,1,13790.0
905303,458,7,2024-05-15,2024-05-17,Bangalore,Fashion & Apparel,COD,1,2150.0
905304,353,29,2025-02-09,2025-02-13,Bangalore,Home & Kitchen,Prepaid,1,2450.0
905305,40,37,2024-08-03,2024-08-05,Mumbai,Beauty & Personal Care,Prepaid,1,810.0
905306,124,39,2024-07-31,2024-08-03,Chennai,Beauty & Personal Care,COD,1,780.0
905307,78,39,2024-10-10,2024-10-14,Chennai,Beauty & Personal Care,COD,2,1560.0
905308,190,43,2025-01-23,2025-01-25,Delhi NCR,Accessories,Prepaid,1,910.0
905309,149,9,2024-05-22,2024-05-28,Mumbai,Footwear,Prepaid,1,3370.0
905310,434,45,2024-10-16,2024-10-18,Chennai,Accessories,COD,3,3870.0
905311,145,10,2024-07-02,2024-07-08,Bangalore,Footwear,COD,1,3700.0
905312,480,10,2024-08-11,2024-08-15,Mumbai,Footwear,COD,1,3700.0
905313,339,28,2024-10-23,2024-10-25,Delhi NCR,Home & Kitchen,COD,1,3170.0
905314,366,9,2025-03-25,2025-03-28,Delhi NCR,Footwear,Prepaid,1,3370.0
905315,136,41,2024-04-05,2024-04-10,Bangalore,Accessories,Prepaid,1,1390.0
905316,151,16,2025-03-14,2025-03-18,Pune,Footwear,COD,1,3900.0
905317,4,6,2024-12-07,2024-12-12,Chennai,Fashion & Apparel,COD,1,1510.0
905318,140,28,2024-09-10,2024-09-16,Mumbai,Home & Kitchen,COD,2,6340.0
905319,481,4,2025-03-20,2025-03-25,Pune,Fashion & Apparel,Prepaid,1,970.0
905320,144,35,2025-02-27,2025-03-05,Kochi,Beauty & Personal Care,Prepaid,1,590.0
905321,6,25,2024-09-26,2024-09-28,Kochi,Home & Kitchen,COD,1,3150.0
905322,466,44,2025-02-20,2025-02-23,Hyderabad,Accessories,COD,2,2260.0
905323,334,20,2024-09-18,2024-09-22,Kochi,Electronics,COD,1,12810.0
905324,436,29,2024-07-11,2024-07-17,Mumbai,Home & Kitchen,COD,1,2450.0
905325,544,6,2024-09-20,2024-09-26,Bangalore,Fashion & Apparel,COD,1,1510.0
905326,240,23,2024-04-13,2024-04-17,Chennai,Electronics,Prepaid,1,12780.0
905327,264,19,2024-10-12,2024-10-15,Mumbai,Electronics,COD,1,10800.0
905328,232,17,2024-04-14,2024-04-16,Bangalore,Electronics,Prepaid,1,13790.0
905329,316,29,2024-11-10,2024-11-13,Bangalore,Home & Kitchen,Prepaid,1,2450.0
905330,65,21,2025-02-08,2025-02-11,Pune,Electronics,Prepaid,2,19900.0
905331,497,42,2024-07-05,2024-07-09,Mumbai,Accessories,Prepaid,1,810.0
905332,569,31,2025-01-19,2025-01-25,Bangalore,Home & Kitchen,Prepaid,1,1740.0
905333,303,25,2024-12-11,2024-12-16,Mumbai,Home & Kitchen,COD,1,3150.0
905334,467,39,2024-04-09,2024-04-13,Hyderabad,Beauty & Personal Care,Prepaid,1,780.0
905335,140,47,2024-07-04,2024-07-08,Mumbai,Accessories,Prepaid,1,890.0
905336,191,10,2025-03-02,2025-03-08,Pune,Footwear,Prepaid,1,3700.0
905337,145,6,2024-07-24,2024-07-29,Bangalore,Fashion & Apparel,COD,2,3020.0
905338,347,46,2024-04-09,2024-04-15,Bangalore,Accessories,COD,1,1320.0
905339,485,5,2025-02-06,2025-02-10,Hyderabad,Fashion & Apparel,COD,1,1960.0
905340,211,30,2025-01-04,2025-01-09,Bangalore,Home & Kitchen,Prepaid,1,2550.0
905341,72,41,2024-04-07,2024-04-13,Mumbai,Accessories,Prepaid,1,1390.0
905342,553,20,2025-03-07,2025-03-10,Hyderabad,Electronics,Prepaid,1,12810.0
905343,34,13,2024-10-29,2024-11-01,Bangalore,Footwear,Prepaid,1,3000.0
905344,58,38,2024-07-03,2024-07-06,Chennai,Beauty & Personal Care,COD,1,510.0
905345,177,46,2024-07-25,2024-07-29,Delhi NCR,Accessories,COD,2,2640.0
905346,297,5,2024-04-29,2024-05-02,Delhi NCR,Fashion & Apparel,Prepaid,1,1960.0
905347,39,23,2024-12-24,2024-12-29,Pune,Electronics,Prepaid,1,12780.0
905348,282,9,2024-07-14,2024-07-20,Hyderabad,Footwear,Prepaid,2,6740.0
905349,199,3,2025-01-18,2025-01-23,Bangalore,Fashion & Apparel,Prepaid,1,1770.0
905350,199,45,2024-11-30,2024-12-02,Bangalore,Accessories,Prepaid,1,1290.0
905351,373,10,2024-07-13,2024-07-19,Mumbai,Footwear,COD,1,3700.0
905352,488,48,2024-06-22,2024-06-27,Hyderabad,Accessories,COD,1,1560.0
905353,322,7,2024-05-26,2024-05-29,Bangalore,Fashion & Apparel,COD,1,2150.0
905354,588,47,2024-05-16,2024-05-19,Mumbai,Accessories,COD,2,1780.0
905355,246,14,2024-08-31,2024-09-04,Pune,Footwear,Prepaid,1,2370.0
905356,338,5,2024-06-11,2024-06-13,Bangalore,Fashion & Apparel,Prepaid,1,1960.0
905357,54,6,2024-10-20,2024-10-23,Chennai,Fashion & Apparel,Prepaid,1,1510.0
905358,135,27,2024-06-20,2024-06-24,Hyderabad,Home & Kitchen,Prepaid,1,1080.0
905359,497,34,2025-01-24,2025-01-27,Mumbai,Beauty & Personal Care,Prepaid,1,410.0
905360,431,7,2025-02-18,2025-02-24,Pune,Fashion & Apparel,Prepaid,2,4300.0
905361,580,28,2024-04-11,2024-04-14,Delhi NCR,Home & Kitchen,Prepaid,1,3170.0
905362,24,44,2024-12-08,2024-12-10,Mumbai,Accessories,Prepaid,2,2260.0
905363,360,42,2024-12-07,2024-12-10,Delhi NCR,Accessories,Prepaid,1,810.0
905364,104,26,2025-01-04,2025-01-08,Mumbai,Home & Kitchen,COD,3,6750.0
905365,135,26,2024-11-11,2024-11-17,Hyderabad,Home & Kitchen,Prepaid,1,2250.0
905366,189,33,2024-09-06,2024-09-10,Bangalore,Beauty & Personal Care,Prepaid,1,740.0
905367,566,32,2024-06-15,2024-06-19,Pune,Home & Kitchen,Prepaid,3,5970.0
905368,243,20,2024-11-16,2024-11-20,Chennai,Electronics,COD,1,12810.0
905369,234,37,2025-03-03,2025-03-05,Bangalore,Beauty & Personal Care,Prepaid,1,810.0
905370,467,46,2024-04-16,2024-04-22,Hyderabad,Accessories,Prepaid,1,1320.0
905371,26,15,2024-07-17,2024-07-22,Hyderabad,Footwear,Prepaid,1,3740.0
905372,300,9,2024-09-21,2024-09-27,Mumbai,Footwear,Prepaid,2,6740.0
905373,151,45,2024-07-14,2024-07-17,Pune,Accessories,Prepaid,1,1290.0
905374,432,29,2024-07-19,2024-07-22,Hyderabad,Home & Kitchen,Prepaid,1,2450.0
905375,384,39,2024-08-09,2024-08-15,Chennai,Beauty & Personal Care,COD,2,1560.0
905376,384,1,2024-07-19,2024-07-22,Chennai,Fashion & Apparel,Prepaid,1,1110.0
905377,557,5,2024-11-17,2024-11-21,Mumbai,Fashion & Apparel,COD,1,1960.0
905378,153,3,2024-08-26,2024-08-30,Bangalore,Fashion & Apparel,Prepaid,1,1770.0
905379,270,43,2024-09-04,2024-09-08,Mumbai,Accessories,Prepaid,1,910.0
905380,59,46,2025-01-01,2025-01-05,Delhi NCR,Accessories,COD,1,1320.0
905381,174,46,2024-06-29,2024-07-02,Bangalore,Accessories,Prepaid,1,1320.0
905382,443,44,2025-01-04,2025-01-06,Hyderabad,Accessories,COD,1,1130.0
905383,501,17,2024-12-17,2024-12-22,Kochi,Electronics,Prepaid,2,27580.0
905384,187,36,2024-08-30,2024-09-04,Chennai,Beauty & Personal Care,Prepaid,1,1130.0
905385,419,1,2024-04-26,2024-04-29,Delhi NCR,Fashion & Apparel,Prepaid,2,2220.0
905386,402,21,2024-12-31,2025-01-03,Chennai,Electronics,COD,1,9950.0
905387,441,37,2024-12-16,2024-12-18,Hyderabad,Beauty & Personal Care,Prepaid,1,810.0
905388,490,41,2024-10-17,2024-10-21,Delhi NCR,Accessories,Prepaid,1,1390.0
905389,104,20,2024-11-23,2024-11-27,Mumbai,Electronics,COD,1,12810.0
905390,163,14,2024-12-24,2024-12-30,Mumbai,Footwear,COD,2,4740.0
905391,215,36,2024-07-17,2024-07-21,Hyderabad,Beauty & Personal Care,Prepaid,1,1130.0
905392,57,1,2024-06-09,2024-06-11,Delhi NCR,Fashion & Apparel,COD,2,2220.0
905393,468,24,2024-04-06,2024-04-10,Chennai,Electronics,Prepaid,1,11450.0
905394,393,25,2025-03-29,2025-04-01,Delhi NCR,Home & Kitchen,Prepaid,2,6300.0
905395,365,39,2024-06-29,2024-07-03,Delhi NCR,Beauty & Personal Care,COD,2,1560.0
905396,150,38,2024-09-01,2024-09-03,Kochi,Beauty & Personal Care,Prepaid,1,510.0
905397,227,4,2024-08-23,2024-08-28,Bangalore,Fashion & Apparel,Prepaid,1,970.0
905398,189,29,2024-04-27,2024-04-30,Bangalore,Home & Kitchen,Prepaid,2,4900.0
905399,292,16,2024-12-21,2024-12-25,Mumbai,Footwear,COD,1,3900.0
905400,284,2,2024-09-26,2024-09-28,Bangalore,Fashion & Apparel,Prepaid,1,1190.0
905401,83,21,2025-01-18,2025-01-23,Delhi NCR,Electronics,Prepaid,1,9950.0
905402,331,2,2024-06-25,2024-07-01,Bangalore,Fashion & Apparel,Prepaid,1,1190.0
905403,131,36,2024-07-12,2024-07-14,Bangalore,Beauty & Personal Care,Prepaid,1,1130.0
905404,127,46,2024-11-12,2024-11-14,Hyderabad,Accessories,Prepaid,2,2640.0
905405,27,16,2024-08-19,2024-08-21,Bangalore,Footwear,Prepaid,1,3900.0
905406,432,48,2024-08-31,2024-09-04,Hyderabad,Accessories,COD,2,3120.0
905407,43,4,2024-07-13,2024-07-19,Chennai,Fashion & Apparel,COD,1,970.0
905408,89,26,2025-01-29,2025-02-04,Delhi NCR,Home & Kitchen,Prepaid,1,2250.0
905409,428,39,2025-02-14,2025-02-17,Hyderabad,Beauty & Personal Care,Prepaid,1,780.0
905410,482,34,2024-06-14,2024-06-20,Bangalore,Beauty & Personal Care,COD,1,410.0
905411,41,16,2024-12-02,2024-12-06,Mumbai,Footwear,Prepaid,1,3900.0
905412,501,30,2024-12-04,2024-12-06,Kochi,Home & Kitchen,Prepaid,1,2550.0
905413,304,45,2024-07-31,2024-08-06,Pune,Accessories,Prepaid,2,2580.0
905414,6,21,2025-01-30,2025-02-01,Kochi,Electronics,Prepaid,2,19900.0
905415,239,44,2024-04-02,2024-04-04,Kochi,Accessories,COD,1,1130.0
905416,251,41,2024-07-21,2024-07-24,Delhi NCR,Accessories,Prepaid,1,1390.0
905417,183,41,2024-08-24,2024-08-28,Hyderabad,Accessories,Prepaid,1,1390.0
905418,527,14,2025-02-15,2025-02-17,Bangalore,Footwear,COD,1,2370.0
905419,231,12,2024-04-14,2024-04-18,Bangalore,Footwear,Prepaid,1,2600.0
905420,392,13,2024-06-17,2024-06-21,Bangalore,Footwear,Prepaid,1,3000.0
905421,78,28,2024-08-13,2024-08-19,Chennai,Home & Kitchen,Prepaid,1,3170.0
905422,69,12,2024-11-19,2024-11-22,Bangalore,Footwear,Prepaid,1,2600.0
905423,542,6,2024-09-02,2024-09-07,Delhi NCR,Fashion & Apparel,Prepaid,1,1510.0
905424,176,16,2024-05-06,2024-05-10,Kochi,Footwear,COD,1,3900.0
905425,551,17,2024-11-10,2024-11-12,Hyderabad,Electronics,COD,1,13790.0
905426,130,9,2024-07-28,2024-07-30,Hyderabad,Footwear,COD,1,3370.0
905427,185,21,2025-02-27,2025-03-04,Bangalore,Electronics,COD,3,29850.0
905428,282,30,2024-10-15,2024-10-18,Hyderabad,Home & Kitchen,Prepaid,1,2550.0
905429,313,36,2024-10-15,2024-10-21,Bangalore,Beauty & Personal Care,COD,1,1130.0
905430,13,21,2024-05-21,2024-05-27,Kochi,Electronics,Prepaid,1,9950.0
905431,580,34,2024-12-02,2024-12-06,Delhi NCR,Beauty & Personal Care,COD,1,410.0
905432,487,29,2024-12-16,2024-12-19,Delhi NCR,Home & Kitchen,Prepaid,1,2450.0
905433,249,37,2024-10-16,2024-10-21,Pune,Beauty & Personal Care,Prepaid,1,810.0
905434,375,22,2024-06-06,2024-06-11,Delhi NCR,Electronics,Prepaid,1,13330.0
905435,10,40,2024-05-17,2024-05-20,Pune,Beauty & Personal Care,Prepaid,1,540.0
905436,19,46,2025-02-03,2025-02-07,Kochi,Accessories,COD,1,1320.0
905437,405,3,2024-08-15,2024-08-18,Pune,Fashion & Apparel,COD,1,1770.0
905438,423,7,2024-05-06,2024-05-12,Bangalore,Fashion & Apparel,Prepaid,2,4300.0
905439,222,10,2024-12-28,2025-01-01,Bangalore,Footwear,Prepaid,3,11100.0
905440,184,48,2024-06-04,2024-06-10,Mumbai,Accessories,Prepaid,1,1560.0
905441,228,21,2024-07-11,2024-07-15,Pune,Electronics,Prepaid,1,9950.0
905442,572,2,2024-08-30,2024-09-04,Hyderabad,Fashion & Apparel,COD,1,1190.0
905443,387,16,2024-05-06,2024-05-08,Delhi NCR,Footwear,Prepaid,1,3900.0
905444,304,42,2024-08-28,2024-08-31,Pune,Accessories,COD,1,810.0
905445,407,18,2025-01-27,2025-01-31,Mumbai,Electronics,Prepaid,1,13140.0
905446,485,19,2024-06-22,2024-06-24,Hyderabad,Electronics,COD,1,10800.0
905447,476,46,2024-10-24,2024-10-29,Mumbai,Accessories,COD,1,1320.0
905448,167,27,2024-08-28,2024-08-30,Chennai,Home & Kitchen,Prepaid,1,1080.0
905449,553,25,2024-04-06,2024-04-11,Hyderabad,Home & Kitchen,COD,1,3150.0
905450,528,36,2024-07-13,2024-07-16,Bangalore,Beauty & Personal Care,COD,2,2260.0
905451,80,2,2024-06-14,2024-06-16,Mumbai,Fashion & Apparel,Prepaid,2,2380.0
905452,144,26,2024-09-01,2024-09-06,Kochi,Home & Kitchen,Prepaid,1,2250.0
905453,142,30,2025-03-16,2025-03-19,Chennai,Home & Kitchen,COD,2,5100.0
905454,350,12,2025-03-08,2025-03-12,Hyderabad,Footwear,Prepaid,1,2600.0
905455,153,16,2024-12-01,2024-12-05,Bangalore,Footwear,Prepaid,2,7800.0
905456,275,10,2025-03-30,2025-04-05,Pune,Footwear,COD,2,7400.0
905457,95,47,2025-01-26,2025-01-31,Mumbai,Accessories,Prepaid,2,1780.0
905458,28,48,2024-05-27,2024-06-02,Mumbai,Accessories,COD,1,1560.0
905459,128,14,2024-10-02,2024-10-08,Mumbai,Footwear,COD,1,2370.0
905460,508,7,2024-07-19,2024-07-22,Mumbai,Fashion & Apparel,Prepaid,1,2150.0
905461,438,25,2025-01-03,2025-01-09,Hyderabad,Home & Kitchen,COD,1,3150.0
905462,364,7,2025-01-18,2025-01-23,Hyderabad,Fashion & Apparel,Prepaid,1,2150.0
905463,436,19,2024-09-13,2024-09-16,Mumbai,Electronics,Prepaid,1,10800.0
905464,123,38,2024-07-18,2024-07-22,Pune,Beauty & Personal Care,COD,1,510.0
905465,503,30,2024-06-28,2024-07-04,Chennai,Home & Kitchen,COD,2,5100.0
905466,342,9,2024-04-26,2024-05-01,Hyderabad,Footwear,Prepaid,1,3370.0
905467,453,13,2024-06-21,2024-06-26,Mumbai,Footwear,Prepaid,1,3000.0
905468,197,34,2024-09-18,2024-09-20,Hyderabad,Beauty & Personal Care,Prepaid,1,410.0
905469,5,36,2025-03-04,2025-03-09,Mumbai,Beauty & Personal Care,Prepaid,2,2260.0
905470,317,47,2024-11-12,2024-11-15,Mumbai,Accessories,Prepaid,2,1780.0
905471,147,46,2025-01-10,2025-01-14,Mumbai,Accessories,Prepaid,1,1320.0
905472,435,22,2024-09-02,2024-09-07,Bangalore,Electronics,Prepaid,2,26660.0
905473,307,9,2024-11-21,2024-11-24,Hyderabad,Footwear,Prepaid,1,3370.0
905474,154,39,2024-11-11,2024-11-17,Chennai,Beauty & Personal Care,Prepaid,1,780.0
905475,267,33,2024-09-26,2024-09-29,Bangalore,Beauty & Personal Care,Prepaid,1,740.0
905476,233,17,2024-05-12,2024-05-17,Chennai,Electronics,COD,1,13790.0
905477,583,29,2024-08-02,2024-08-07,Bangalore,Home & Kitchen,COD,1,2450.0
905478,57,21,2025-01-11,2025-01-14,Delhi NCR,Electronics,Prepaid,1,9950.0
905479,77,30,2025-01-28,2025-01-31,Delhi NCR,Home & Kitchen,COD,1,2550.0
905480,108,38,2025-03-24,2025-03-28,Chennai,Beauty & Personal Care,Prepaid,3,1530.0
905481,379,14,2025-01-20,2025-01-23,Bangalore,Footwear,Prepaid,1,2370.0
905482,53,11,2025-01-24,2025-01-27,Kochi,Footwear,COD,1,2560.0
905483,275,11,2024-12-28,2025-01-03,Pune,Footwear,Prepaid,1,2560.0
905484,192,13,2025-01-18,2025-01-22,Bangalore,Footwear,COD,2,6000.0
905485,8,16,2025-02-19,2025-02-22,Delhi NCR,Footwear,Prepaid,1,3900.0
905486,291,29,2025-03-29,2025-04-02,Hyderabad,Home & Kitchen,COD,1,2450.0
905487,190,37,2025-02-18,2025-02-23,Delhi NCR,Beauty & Personal Care,Prepaid,3,2430.0
905488,243,36,2024-04-04,2024-04-10,Chennai,Beauty & Personal Care,Prepaid,1,1130.0
905489,335,3,2024-04-16,2024-04-20,Bangalore,Fashion & Apparel,Prepaid,1,1770.0
905490,199,17,2024-06-03,2024-06-05,Bangalore,Electronics,COD,1,13790.0
905491,571,15,2025-01-28,2025-02-01,Delhi NCR,Footwear,Prepaid,2,7480.0
905492,135,15,2024-08-08,2024-08-14,Hyderabad,Footwear,COD,3,11220.0
905493,151,18,2024-04-17,2024-04-23,Pune,Electronics,Prepaid,1,13140.0
905494,127,47,2025-02-08,2025-02-13,Hyderabad,Accessories,COD,1,890.0
905495,271,34,2024-12-07,2024-12-12,Chennai,Beauty & Personal Care,Prepaid,1,410.0
905496,543,28,2024-12-25,2024-12-30,Chennai,Home & Kitchen,COD,1,3170.0
905497,135,22,2024-07-11,2024-07-16,Hyderabad,Electronics,Prepaid,2,26660.0
905498,88,28,2024-05-14,2024-05-16,Chennai,Home & Kitchen,COD,1,3170.0
905499,378,21,2025-02-18,2025-02-20,Kochi,Electronics,Prepaid,2,19900.0
905500,481,13,2024-12-26,2024-12-29,Pune,Footwear,Prepaid,1,3000.0
905501,499,21,2024-08-05,2024-08-08,Mumbai,Electronics,COD,1,9950.0
905502,266,17,2024-07-03,2024-07-09,Delhi NCR,Electronics,COD,1,13790.0
905503,392,46,2024-08-16,2024-08-20,Bangalore,Accessories,Prepaid,1,1320.0
905504,252,39,2024-12-04,2024-12-09,Kochi,Beauty & Personal Care,Prepaid,1,780.0
905505,143,40,2024-06-20,2024-06-25,Bangalore,Beauty & Personal Care,COD,1,540.0
905506,531,23,2024-08-21,2024-08-23,Kochi,Electronics,COD,1,12780.0
905507,296,23,2024-05-10,2024-05-12,Bangalore,Electronics,COD,1,12780.0
905508,542,19,2024-12-22,2024-12-24,Delhi NCR,Electronics,Prepaid,1,10800.0
905509,352,10,2024-05-31,2024-06-04,Delhi NCR,Footwear,COD,2,7400.0
905510,23,47,2024-11-22,2024-11-26,Pune,Accessories,COD,1,890.0
905511,159,39,2024-08-26,2024-08-31,Bangalore,Beauty & Personal Care,COD,1,780.0
905512,457,17,2024-12-03,2024-12-06,Pune,Electronics,Prepaid,1,13790.0
905513,319,39,2024-05-29,2024-06-02,Chennai,Beauty & Personal Care,COD,1,780.0
905514,403,13,2025-03-14,2025-03-17,Mumbai,Footwear,COD,2,6000.0
905515,185,47,2024-08-04,2024-08-09,Bangalore,Accessories,COD,1,890.0
905516,437,45,2024-05-31,2024-06-06,Bangalore,Accessories,Prepaid,1,1290.0
905517,443,37,2024-10-19,2024-10-21,Hyderabad,Beauty & Personal Care,Prepaid,1,810.0
905518,457,28,2024-09-03,2024-09-07,Pune,Home & Kitchen,Prepaid,1,3170.0
905519,534,32,2024-07-09,2024-07-11,Mumbai,Home & Kitchen,COD,1,1990.0
905520,103,26,2024-09-16,2024-09-18,Bangalore,Home & Kitchen,COD,2,4500.0
905521,534,34,2024-09-16,2024-09-20,Mumbai,Beauty & Personal Care,COD,1,410.0
905522,387,8,2024-07-04,2024-07-08,Delhi NCR,Fashion & Apparel,COD,1,1870.0
905523,363,21,2025-02-23,2025-02-28,Hyderabad,Electronics,COD,1,9950.0
905524,364,23,2024-12-18,2024-12-24,Hyderabad,Electronics,Prepaid,1,12780.0
905525,302,22,2024-09-14,2024-09-17,Bangalore,Electronics,COD,1,13330.0
905526,58,44,2024-07-16,2024-07-21,Chennai,Accessories,Prepaid,1,1130.0
905527,56,7,2024-05-21,2024-05-26,Pune,Fashion & Apparel,COD,1,2150.0
905528,342,12,2024-04-10,2024-04-15,Hyderabad,Footwear,COD,1,2600.0
905529,452,3,2025-02-27,2025-03-04,Bangalore,Fashion & Apparel,Prepaid,1,1770.0
905530,328,13,2024-12-23,2024-12-29,Delhi NCR,Footwear,Prepaid,1,3000.0
905531,24,4,2024-12-13,2024-12-16,Mumbai,Fashion & Apparel,Prepaid,1,970.0
905532,588,35,2024-06-06,2024-06-10,Mumbai,Beauty & Personal Care,Prepaid,1,590.0
905533,94,27,2024-08-03,2024-08-06,Delhi NCR,Home & Kitchen,Prepaid,1,1080.0
905534,592,25,2024-09-13,2024-09-18,Mumbai,Home & Kitchen,Prepaid,1,3150.0
905535,522,7,2025-03-06,2025-03-11,Hyderabad,Fashion & Apparel,Prepaid,1,2150.0
905536,333,20,2024-05-19,2024-05-22,Hyderabad,Electronics,COD,1,12810.0
905537,401,43,2024-10-23,2024-10-26,Kochi,Accessories,Prepaid,1,910.0
905538,384,27,2025-02-16,2025-02-20,Chennai,Home & Kitchen,Prepaid,1,1080.0
905539,207,28,2024-04-19,2024-04-21,Kochi,Home & Kitchen,Prepaid,1,3170.0
905540,127,14,2025-01-22,2025-01-27,Hyderabad,Footwear,Prepaid,1,2370.0
905541,500,10,2025-03-19,2025-03-23,Delhi NCR,Footwear,Prepaid,1,3700.0
905542,458,24,2024-06-07,2024-06-11,Bangalore,Electronics,COD,1,11450.0
905543,230,5,2024-09-14,2024-09-19,Bangalore,Fashion & Apparel,Prepaid,1,1960.0
905544,284,17,2024-07-01,2024-07-03,Bangalore,Electronics,COD,1,13790.0
905545,77,35,2024-04-16,2024-04-22,Delhi NCR,Beauty & Personal Care,Prepaid,1,590.0
905546,318,21,2025-01-13,2025-01-15,Delhi NCR,Electronics,COD,1,9950.0
905547,466,12,2024-10-03,2024-10-05,Hyderabad,Footwear,Prepaid,1,2600.0
905548,80,15,2024-11-07,2024-11-09,Mumbai,Footwear,Prepaid,1,3740.0
905549,504,15,2024-10-03,2024-10-05,Pune,Footwear,COD,1,3740.0
905550,237,41,2024-04-12,2024-04-18,Hyderabad,Accessories,Prepaid,1,1390.0
905551,191,41,2024-06-20,2024-06-22,Pune,Accessories,Prepaid,2,2780.0
905552,423,32,2024-12-14,2024-12-16,Bangalore,Home & Kitchen,COD,1,1990.0
905553,528,5,2024-06-22,2024-06-24,Bangalore,Fashion & Apparel,Prepaid,1,1960.0
905554,44,16,2025-03-25,2025-03-30,Chennai,Footwear,COD,1,3900.0
905555,556,20,2024-10-24,2024-10-26,Pune,Electronics,Prepaid,1,12810.0
905556,335,17,2024-09-20,2024-09-26,Bangalore,Electronics,COD,2,27580.0
905557,207,45,2024-07-01,2024-07-03,Kochi,Accessories,COD,1,1290.0
905558,316,12,2024-06-01,2024-06-07,Bangalore,Footwear,Prepaid,1,2600.0
905559,184,9,2025-03-23,2025-03-28,Mumbai,Footwear,Prepaid,1,3370.0
905560,540,19,2024-07-31,2024-08-03,Delhi NCR,Electronics,Prepaid,1,10800.0
905561,488,29,2024-07-15,2024-07-17,Hyderabad,Home & Kitchen,Prepaid,2,4900.0
905562,57,15,2024-09-14,2024-09-17,Delhi NCR,Footwear,Prepaid,1,3740.0
905563,490,34,2024-05-18,2024-05-23,Delhi NCR,Beauty & Personal Care,Prepaid,3,1230.0
905564,304,25,2024-04-30,2024-05-04,Pune,Home & Kitchen,COD,2,6300.0
905565,171,23,2024-12-19,2024-12-23,Bangalore,Electronics,COD,1,12780.0
905566,291,39,2024-07-19,2024-07-21,Hyderabad,Beauty & Personal Care,Prepaid,1,780.0
905567,567,34,2024-04-26,2024-04-28,Mumbai,Beauty & Personal Care,Prepaid,1,410.0
905568,474,19,2024-07-05,2024-07-09,Hyderabad,Electronics,Prepaid,1,10800.0
905569,261,41,2024-09-13,2024-09-16,Bangalore,Accessories,Prepaid,2,2780.0
905570,494,15,2025-02-01,2025-02-03,Bangalore,Footwear,Prepaid,1,3740.0
905571,404,13,2024-06-15,2024-06-18,Hyderabad,Footwear,Prepaid,1,3000.0
905572,260,32,2024-08-03,2024-08-06,Pune,Home & Kitchen,COD,1,1990.0
905573,52,9,2024-10-07,2024-10-12,Kochi,Footwear,Prepaid,2,6740.0
905574,128,13,2024-05-14,2024-05-18,Mumbai,Footwear,COD,2,6000.0
905575,135,1,2024-06-04,2024-06-10,Hyderabad,Fashion & Apparel,COD,1,1110.0
905576,444,18,2024-09-16,2024-09-18,Mumbai,Electronics,COD,2,26280.0
905577,164,40,2024-08-14,2024-08-18,Chennai,Beauty & Personal Care,Prepaid,1,540.0
905578,278,25,2025-01-07,2025-01-12,Mumbai,Home & Kitchen,Prepaid,3,9450.0
905579,368,46,2025-03-24,2025-03-29,Kochi,Accessories,COD,1,1320.0
905580,10,44,2024-12-21,2024-12-27,Pune,Accessories,COD,2,2260.0
905581,556,39,2024-06-16,2024-06-22,Pune,Beauty & Personal Care,COD,1,780.0
905582,340,31,2024-11-04,2024-11-10,Delhi NCR,Home & Kitchen,COD,1,1740.0
905583,355,12,2025-02-21,2025-02-25,Delhi NCR,Footwear,Prepaid,1,2600.0
905584,20,19,2024-05-13,2024-05-18,Pune,Electronics,Prepaid,1,10800.0
905585,576,24,2024-05-26,2024-05-31,Chennai,Electronics,Prepaid,1,11450.0
905586,301,39,2024-08-06,2024-08-11,Bangalore,Beauty & Personal Care,Prepaid,2,1560.0
905587,59,12,2024-07-20,2024-07-23,Delhi NCR,Footwear,Prepaid,1,2600.0
905588,29,17,2024-04-15,2024-04-18,Mumbai,Electronics,Prepaid,1,13790.0
905589,144,2,2025-02-15,2025-02-21,Kochi,Fashion & Apparel,Prepaid,1,1190.0
905590,212,22,2024-06-29,2024-07-01,Bangalore,Electronics,Prepaid,1,13330.0
905591,147,42,2025-02-08,2025-02-12,Mumbai,Accessories,Prepaid,1,810.0
905592,182,46,2024-04-11,2024-04-16,Kochi,Accessories,COD,1,1320.0
905593,193,10,2024-08-29,2024-09-02,Bangalore,Footwear,Prepaid,2,7400.0
905594,302,26,2024-07-13,2024-07-16,Bangalore,Home & Kitchen,COD,1,2250.0
905595,250,48,2025-02-15,2025-02-18,Delhi NCR,Accessories,COD,1,1560.0
905596,252,31,2025-01-30,2025-02-02,Kochi,Home & Kitchen,Prepaid,2,3480.0
905597,217,22,2024-05-07,2024-05-12,Mumbai,Electronics,Prepaid,2,26660.0
905598,218,6,2024-07-14,2024-07-19,Bangalore,Fashion & Apparel,COD,1,1510.0
905599,252,35,2025-02-08,2025-02-14,Kochi,Beauty & Personal Care,Prepaid,1,590.0
905600,531,20,2024-10-16,2024-10-18,Kochi,Electronics,Prepaid,1,12810.0
905601,476,16,2025-01-16,2025-01-22,Mumbai,Footwear,Prepaid,1,3900.0
905602,132,22,2024-04-28,2024-05-03,Chennai,Electronics,Prepaid,1,13330.0
905603,323,47,2025-01-19,2025-01-24,Chennai,Accessories,Prepaid,1,890.0
905604,365,19,2024-07-28,2024-08-01,Delhi NCR,Electronics,Prepaid,1,10800.0
905605,525,1,2024-06-25,2024-06-28,Pune,Fashion & Apparel,COD,1,1110.0
905606,591,14,2024-08-13,2024-08-19,Hyderabad,Footwear,Prepaid,1,2370.0
905607,338,34,2025-02-27,2025-03-04,Bangalore,Beauty & Personal Care,COD,1,410.0
905608,444,41,2024-10-05,2024-10-07,Mumbai,Accessories,COD,2,2780.0
905609,322,39,2024-10-11,2024-10-17,Bangalore,Beauty & Personal Care,Prepaid,1,780.0
905610,584,36,2024-07-20,2024-07-26,Delhi NCR,Beauty & Personal Care,COD,1,1130.0
905611,276,3,2024-12-29,2025-01-04,Bangalore,Fashion & Apparel,Prepaid,2,3540.0
905612,509,41,2024-12-10,2024-12-14,Mumbai,Accessories,Prepaid,1,1390.0
905613,56,48,2024-10-26,2024-10-30,Pune,Accessories,COD,1,1560.0
905614,569,18,2024-07-16,2024-07-22,Bangalore,Electronics,Prepaid,2,26280.0
905615,497,22,2025-01-18,2025-01-20,Mumbai,Electronics,Prepaid,1,13330.0
905616,166,13,2024-12-27,2025-01-02,Bangalore,Footwear,COD,1,3000.0
905617,223,16,2025-03-01,2025-03-05,Pune,Footwear,COD,1,3900.0
905618,45,4,2024-09-19,2024-09-24,Hyderabad,Fashion & Apparel,Prepaid,1,970.0
905619,418,22,2025-01-14,2025-01-18,Hyderabad,Electronics,COD,1,13330.0
905620,292,2,2024-08-31,2024-09-02,Mumbai,Fashion & Apparel,Prepaid,1,1190.0
905621,82,26,2024-11-25,2024-11-27,Hyderabad,Home & Kitchen,Prepaid,1,2250.0
905622,176,10,2024-07-24,2024-07-30,Kochi,Footwear,COD,2,7400.0
905623,516,34,2025-03-16,2025-03-19,Mumbai,Beauty & Personal Care,Prepaid,1,410.0
905624,493,17,2024-07-30,2024-08-01,Mumbai,Electronics,COD,1,13790.0
905625,340,21,2024-09-07,2024-09-11,Delhi NCR,Electronics,COD,1,9950.0
905626,511,1,2025-03-25,2025-03-29,Bangalore,Fashion & Apparel,Prepaid,1,1110.0
905627,17,40,2025-02-25,2025-02-28,Kochi,Beauty & Personal Care,Prepaid,3,1620.0
905628,230,1,2024-07-22,2024-07-25,Bangalore,Fashion & Apparel,COD,1,1110.0
905629,282,29,2024-09-07,2024-09-12,Hyderabad,Home & Kitchen,COD,1,2450.0
905630,98,1,2024-06-23,2024-06-27,Bangalore,Fashion & Apparel,Prepaid,1,1110.0
905631,43,13,2024-06-24,2024-06-27,Chennai,Footwear,COD,2,6000.0
905632,135,36,2024-07-25,2024-07-30,Hyderabad,Beauty & Personal Care,Prepaid,2,2260.0
905633,483,5,2024-04-03,2024-04-07,Bangalore,Fashion & Apparel,Prepaid,1,1960.0
905634,97,32,2024-05-18,2024-05-21,Mumbai,Home & Kitchen,COD,1,1990.0
905635,37,13,2025-02-01,2025-02-06,Kochi,Footwear,COD,3,9000.0
905636,443,14,2024-10-25,2024-10-27,Hyderabad,Footwear,COD,2,4740.0
905637,311,5,2024-05-27,2024-06-01,Mumbai,Fashion & Apparel,COD,1,1960.0
905638,327,30,2024-08-08,2024-08-13,Delhi NCR,Home & Kitchen,COD,1,2550.0
905639,492,26,2024-04-21,2024-04-24,Chennai,Home & Kitchen,Prepaid,1,2250.0
905640,87,2,2024-09-29,2024-10-04,Pune,Fashion & Apparel,Prepaid,2,2380.0
905641,283,43,2024-11-18,2024-11-21,Mumbai,Accessories,COD,1,910.0
905642,150,47,2024-09-03,2024-09-05,Kochi,Accessories,Prepaid,1,890.0
905643,23,32,2024-10-12,2024-10-16,Pune,Home & Kitchen,Prepaid,1,1990.0
905644,279,1,2024-10-07,2024-10-09,Delhi NCR,Fashion & Apparel,Prepaid,3,3330.0
905645,346,23,2025-01-15,2025-01-19,Bangalore,Electronics,Prepaid,1,12780.0
905646,504,31,2024-04-05,2024-04-11,Pune,Home & Kitchen,Prepaid,1,1740.0
905647,119,16,2024-09-08,2024-09-13,Delhi NCR,Footwear,COD,1,3900.0
905648,279,22,2024-12-24,2024-12-30,Delhi NCR,Electronics,Prepaid,1,13330.0
905649,120,37,2024-12-30,2025-01-02,Pune,Beauty & Personal Care,Prepaid,1,810.0
905650,533,19,2024-12-20,2024-12-24,Delhi NCR,Electronics,COD,1,10800.0
905651,50,42,2024-09-09,2024-09-13,Kochi,Accessories,COD,1,810.0
905652,256,2,2024-07-09,2024-07-14,Bangalore,Fashion & Apparel,COD,2,2380.0
905653,426,33,2025-03-04,2025-03-09,Bangalore,Beauty & Personal Care,Prepaid,1,740.0
905654,482,32,2024-07-13,2024-07-15,Bangalore,Home & Kitchen,Prepaid,1,1990.0
905655,517,46,2025-01-19,2025-01-25,Chennai,Accessories,Prepaid,1,1320.0
905656,435,26,2025-02-15,2025-02-18,Bangalore,Home & Kitchen,Prepaid,3,6750.0
905657,31,34,2025-02-08,2025-02-14,Mumbai,Beauty & Personal Care,COD,1,410.0
905658,274,37,2024-06-30,2024-07-03,Mumbai,Beauty & Personal Care,COD,1,810.0
905659,17,33,2024-08-23,2024-08-28,Kochi,Beauty & Personal Care,COD,1,740.0
905660,556,6,2024-05-14,2024-05-19,Pune,Fashion & Apparel,Prepaid,1,1510.0
905661,87,19,2024-08-06,2024-08-12,Pune,Electronics,Prepaid,1,10800.0
905662,137,33,2024-05-29,2024-06-02,Chennai,Beauty & Personal Care,Prepaid,1,740.0
905663,600,40,2025-02-02,2025-02-07,Mumbai,Beauty & Personal Care,Prepaid,2,1080.0
905664,322,34,2024-07-22,2024-07-28,Bangalore,Beauty & Personal Care,Prepaid,2,820.0
905665,48,11,2025-02-07,2025-02-10,Delhi NCR,Footwear,Prepaid,1,2560.0
905666,146,43,2025-02-07,2025-02-12,Hyderabad,Accessories,Prepaid,2,1820.0
905667,92,20,2025-02-23,2025-02-28,Hyderabad,Electronics,Prepaid,1,12810.0
905668,155,39,2024-08-22,2024-08-26,Chennai,Beauty & Personal Care,COD,1,780.0
905669,436,23,2025-02-27,2025-03-05,Mumbai,Electronics,Prepaid,1,12780.0
905670,423,31,2024-10-22,2024-10-27,Bangalore,Home & Kitchen,Prepaid,1,1740.0
905671,57,33,2024-05-07,2024-05-12,Delhi NCR,Beauty & Personal Care,Prepaid,1,740.0
905672,594,15,2024-12-15,2024-12-21,Hyderabad,Footwear,Prepaid,1,3740.0
905673,147,42,2025-01-30,2025-02-05,Mumbai,Accessories,COD,1,810.0
905674,68,17,2024-08-03,2024-08-07,Bangalore,Electronics,COD,1,13790.0
905675,434,29,2025-03-23,2025-03-27,Chennai,Home & Kitchen,Prepaid,1,2450.0
905676,153,38,2024-08-20,2024-08-24,Bangalore,Beauty & Personal Care,Prepaid,1,510.0
905677,165,21,2024-07-18,2024-07-23,Chennai,Electronics,Prepaid,2,19900.0
905678,52,9,2024-05-04,2024-05-07,Kochi,Footwear,Prepaid,1,3370.0
905679,279,27,2024-07-10,2024-07-15,Delhi NCR,Home & Kitchen,Prepaid,1,1080.0
905680,183,31,2024-11-03,2024-11-07,Hyderabad,Home & Kitchen,Prepaid,1,1740.0
905681,303,44,2024-05-30,2024-06-03,Mumbai,Accessories,Prepaid,1,1130.0
905682,14,31,2024-08-22,2024-08-27,Mumbai,Home & Kitchen,COD,2,3480.0
905683,470,13,2025-03-18,2025-03-24,Kochi,Footwear,Prepaid,1,3000.0
905684,561,45,2024-07-14,2024-07-19,Pune,Accessories,Prepaid,1,1290.0
905685,593,36,2024-04-07,2024-04-13,Pune,Beauty & Personal Care,COD,1,1130.0
905686,152,23,2024-06-09,2024-06-11,Hyderabad,Electronics,Prepaid,1,12780.0
905687,491,35,2024-07-17,2024-07-22,Delhi NCR,Beauty & Personal Care,COD,1,590.0
905688,110,8,2024-04-03,2024-04-08,Pune,Fashion & Apparel,Prepaid,1,1870.0
905689,365,15,2025-01-05,2025-01-08,Delhi NCR,Footwear,COD,1,3740.0
905690,276,29,2024-04-16,2024-04-20,Bangalore,Home & Kitchen,Prepaid,1,2450.0
905691,508,4,2024-10-11,2024-10-14,Mumbai,Fashion & Apparel,COD,1,970.0
905692,282,45,2024-12-15,2024-12-20,Hyderabad,Accessories,Prepaid,2,2580.0
905693,10,33,2025-01-29,2025-02-01,Pune,Beauty & Personal Care,Prepaid,1,740.0
905694,450,25,2025-03-09,2025-03-14,Pune,Home & Kitchen,Prepaid,1,3150.0
905695,382,15,2025-03-12,2025-03-16,Pune,Footwear,COD,1,3740.0
905696,289,36,2024-09-30,2024-10-05,Delhi NCR,Beauty & Personal Care,COD,1,1130.0
905697,341,4,2024-09-21,2024-09-24,Hyderabad,Fashion & Apparel,COD,1,970.0
905698,274,6,2024-10-19,2024-10-22,Mumbai,Fashion & Apparel,COD,1,1510.0
905699,329,32,2025-03-29,2025-04-02,Hyderabad,Home & Kitchen,Prepaid,3,5970.0
905700,549,13,2025-03-12,2025-03-14,Kochi,Footwear,Prepaid,1,3000.0
905701,246,35,2024-10-23,2024-10-25,Pune,Beauty & Personal Care,Prepaid,1,590.0
905702,86,16,2024-07-29,2024-08-01,Mumbai,Footwear,Prepaid,2,7800.0
905703,290,9,2025-02-03,2025-02-08,Delhi NCR,Footwear,Prepaid,1,3370.0
905704,86,39,2024-06-06,2024-06-08,Mumbai,Beauty & Personal Care,COD,1,780.0
905705,403,35,2024-04-25,2024-05-01,Mumbai,Beauty & Personal Care,Prepaid,1,590.0
905706,239,26,2024-11-06,2024-11-09,Kochi,Home & Kitchen,Prepaid,1,2250.0
905707,105,42,2024-04-03,2024-04-05,Mumbai,Accessories,Prepaid,2,1620.0
905708,98,22,2025-01-24,2025-01-29,Bangalore,Electronics,Prepaid,1,13330.0
905709,499,36,2024-06-11,2024-06-15,Mumbai,Beauty & Personal Care,Prepaid,1,1130.0
905710,557,2,2024-11-25,2024-11-30,Mumbai,Fashion & Apparel,COD,1,1190.0
905711,513,4,2024-08-25,2024-08-28,Chennai,Fashion & Apparel,Prepaid,2,1940.0
905712,482,29,2024-05-08,2024-05-11,Bangalore,Home & Kitchen,COD,1,2450.0
905713,582,26,2024-08-15,2024-08-21,Hyderabad,Home & Kitchen,Prepaid,1,2250.0
905714,532,13,2024-11-14,2024-11-19,Pune,Footwear,COD,1,3000.0
905715,98,17,2024-06-25,2024-07-01,Bangalore,Electronics,COD,1,13790.0
905716,359,33,2025-02-13,2025-02-16,Pune,Beauty & Personal Care,Prepaid,1,740.0
905717,10,3,2024-05-21,2024-05-27,Pune,Fashion & Apparel,Prepaid,1,1770.0
905718,82,32,2024-11-09,2024-11-14,Hyderabad,Home & Kitchen,Prepaid,2,3980.0
905719,80,8,2024-11-10,2024-11-13,Mumbai,Fashion & Apparel,COD,2,3740.0
905720,201,24,2024-10-13,2024-10-18,Hyderabad,Electronics,Prepaid,1,11450.0
905721,188,40,2024-05-06,2024-05-08,Delhi NCR,Beauty & Personal Care,COD,1,540.0
905722,12,38,2024-07-13,2024-07-15,Pune,Beauty & Personal Care,Prepaid,1,510.0
905723,206,43,2024-12-15,2024-12-21,Chennai,Accessories,Prepaid,1,910.0
905724,30,40,2025-02-28,2025-03-04,Pune,Beauty & Personal Care,COD,1,540.0
905725,310,42,2024-11-29,2024-12-01,Chennai,Accessories,Prepaid,1,810.0
905726,103,32,2024-05-19,2024-05-22,Bangalore,Home & Kitchen,COD,1,1990.0
905727,436,39,2024-05-15,2024-05-21,Mumbai,Beauty & Personal Care,Prepaid,1,780.0
905728,71,38,2024-10-04,2024-10-10,Chennai,Beauty & Personal Care,Prepaid,2,1020.0
905729,547,29,2024-11-05,2024-11-08,Bangalore,Home & Kitchen,COD,2,4900.0
905730,248,13,2024-06-30,2024-07-05,Hyderabad,Footwear,Prepaid,1,3000.0
905731,34,23,2024-12-03,2024-12-09,Bangalore,Electronics,Prepaid,1,12780.0
905732,238,36,2024-09-02,2024-09-08,Delhi NCR,Beauty & Personal Care,COD,1,1130.0
905733,148,3,2024-06-28,2024-07-04,Hyderabad,Fashion & Apparel,Prepaid,1,1770.0
905734,324,48,2025-01-27,2025-01-30,Mumbai,Accessories,COD,1,1560.0
905735,90,16,2024-05-23,2024-05-27,Pune,Footwear,COD,1,3900.0
905736,376,46,2024-10-28,2024-11-03,Hyderabad,Accessories,COD,1,1320.0
905737,462,1,2025-03-03,2025-03-08,Hyderabad,Fashion & Apparel,COD,1,1110.0
905738,385,26,2024-10-14,2024-10-16,Hyderabad,Home & Kitchen,COD,1,2250.0
905739,221,18,2025-03-13,2025-03-15,Hyderabad,Electronics,Prepaid,1,13140.0
905740,519,32,2024-10-21,2024-10-23,Delhi NCR,Home & Kitchen,COD,2,3980.0
905741,598,39,2024-05-13,2024-05-16,Bangalore,Beauty & Personal Care,Prepaid,2,1560.0
905742,585,34,2024-10-23,2024-10-29,Bangalore,Beauty & Personal Care,Prepaid,1,410.0
905743,408,6,2024-04-30,2024-05-02,Pune,Fashion & Apparel,Prepaid,1,1510.0
905744,529,33,2024-11-18,2024-11-20,Pune,Beauty & Personal Care,COD,1,740.0
905745,457,12,2024-06-04,2024-06-07,Pune,Footwear,Prepaid,2,5200.0
905746,131,39,2024-08-07,2024-08-13,Bangalore,Beauty & Personal Care,COD,1,780.0
905747,26,42,2024-05-01,2024-05-03,Hyderabad,Accessories,Prepaid,1,810.0
905748,519,6,2024-11-09,2024-11-12,Delhi NCR,Fashion & Apparel,Prepaid,1,1510.0
905749,122,37,2024-04-19,2024-04-25,Mumbai,Beauty & Personal Care,COD,2,1620.0
905750,531,8,2025-03-10,2025-03-16,Kochi,Fashion & Apparel,COD,1,1870.0
905751,39,41,2024-05-20,2024-05-26,Pune,Accessories,Prepaid,1,1390.0
905752,348,31,2024-10-29,2024-11-01,Kochi,Home & Kitchen,COD,1,1740.0
905753,146,48,2024-04-29,2024-05-05,Hyderabad,Accessories,COD,1,1560.0
905754,203,34,2025-03-10,2025-03-13,Hyderabad,Beauty & Personal Care,Prepaid,1,410.0
905755,445,1,2025-03-27,2025-03-29,Chennai,Fashion & Apparel,COD,2,2220.0
905756,353,5,2024-05-09,2024-05-14,Bangalore,Fashion & Apparel,COD,1,1960.0
905757,226,36,2024-09-02,2024-09-08,Bangalore,Beauty & Personal Care,COD,1,1130.0
905758,415,19,2024-05-02,2024-05-08,Mumbai,Electronics,COD,2,21600.0
905759,548,26,2024-06-05,2024-06-10,Delhi NCR,Home & Kitchen,Prepaid,1,2250.0
905760,95,21,2024-12-20,2024-12-22,Mumbai,Electronics,Prepaid,1,9950.0
905761,479,23,2024-09-16,2024-09-21,Chennai,Electronics,COD,1,12780.0
905762,52,7,2024-04-26,2024-04-29,Kochi,Fashion & Apparel,COD,1,2150.0
905763,277,31,2024-04-14,2024-04-20,Bangalore,Home & Kitchen,COD,2,3480.0
905764,186,19,2024-05-22,2024-05-26,Hyderabad,Electronics,Prepaid,1,10800.0
905765,188,15,2024-06-04,2024-06-07,Delhi NCR,Footwear,Prepaid,2,7480.0
905766,144,46,2025-03-10,2025-03-12,Kochi,Accessories,Prepaid,1,1320.0
905767,68,10,2025-02-14,2025-02-18,Bangalore,Footwear,Prepaid,1,3700.0
905768,142,17,2024-10-04,2024-10-10,Chennai,Electronics,Prepaid,1,13790.0
905769,219,25,2024-09-23,2024-09-28,Hyderabad,Home & Kitchen,COD,1,3150.0
905770,113,26,2024-07-21,2024-07-27,Kochi,Home & Kitchen,Prepaid,1,2250.0
905771,276,33,2024-11-26,2024-11-28,Bangalore,Beauty & Personal Care,COD,3,2220.0
905772,491,2,2024-12-08,2024-12-12,Delhi NCR,Fashion & Apparel,Prepaid,1,1190.0
905773,462,32,2024-04-01,2024-04-06,Hyderabad,Home & Kitchen,Prepaid,1,1990.0
905774,7,27,2025-02-26,2025-02-28,Mumbai,Home & Kitchen,Prepaid,1,1080.0
905775,71,34,2024-11-21,2024-11-25,Chennai,Beauty & Personal Care,Prepaid,1,410.0
905776,454,32,2024-09-01,2024-09-03,Mumbai,Home & Kitchen,COD,1,1990.0
905777,433,1,2024-08-06,2024-08-09,Pune,Fashion & Apparel,Prepaid,1,1110.0
905778,83,24,2025-01-01,2025-01-07,Delhi NCR,Electronics,Prepaid,1,11450.0
905779,225,39,2025-01-03,2025-01-07,Bangalore,Beauty & Personal Care,COD,1,780.0
905780,154,42,2025-01-21,2025-01-26,Chennai,Accessories,COD,1,810.0
905781,277,8,2024-07-23,2024-07-28,Bangalore,Fashion & Apparel,Prepaid,3,5610.0
905782,62,39,2024-05-14,2024-05-16,Pune,Beauty & Personal Care,Prepaid,3,2340.0
905783,216,39,2024-05-18,2024-05-23,Delhi NCR,Beauty & Personal Care,COD,1,780.0
905784,114,12,2024-04-04,2024-04-10,Delhi NCR,Footwear,Prepaid,2,5200.0
905785,96,14,2024-05-25,2024-05-27,Mumbai,Footwear,Prepaid,2,4740.0
905786,256,17,2024-12-29,2024-12-31,Bangalore,Electronics,Prepaid,1,13790.0
905787,64,29,2024-09-28,2024-09-30,Hyderabad,Home & Kitchen,COD,1,2450.0
905788,116,44,2024-04-20,2024-04-25,Mumbai,Accessories,COD,1,1130.0
905789,67,26,2024-12-13,2024-12-19,Pune,Home & Kitchen,Prepaid,1,2250.0
905790,232,28,2024-06-15,2024-06-21,Bangalore,Home & Kitchen,Prepaid,1,3170.0
905791,590,14,2024-06-17,2024-06-20,Mumbai,Footwear,COD,2,4740.0
905792,402,39,2024-05-12,2024-05-18,Chennai,Beauty & Personal Care,COD,1,780.0
905793,29,29,2024-06-26,2024-06-28,Mumbai,Home & Kitchen,COD,1,2450.0
905794,506,18,2024-08-17,2024-08-23,Pune,Electronics,COD,2,26280.0
905795,185,25,2024-06-11,2024-06-13,Bangalore,Home & Kitchen,Prepaid,1,3150.0
905796,514,45,2024-11-18,2024-11-24,Chennai,Accessories,COD,1,1290.0
905797,497,7,2025-01-10,2025-01-15,Mumbai,Fashion & Apparel,Prepaid,1,2150.0
905798,502,25,2024-11-23,2024-11-29,Mumbai,Home & Kitchen,Prepaid,1,3150.0
905799,225,10,2024-11-22,2024-11-28,Bangalore,Footwear,Prepaid,1,3700.0
905800,156,44,2024-07-06,2024-07-10,Bangalore,Accessories,Prepaid,1,1130.0
905801,182,36,2024-11-11,2024-11-16,Kochi,Beauty & Personal Care,COD,1,1130.0
905802,248,15,2024-06-21,2024-06-23,Hyderabad,Footwear,COD,1,3740.0
905803,263,9,2024-08-06,2024-08-12,Bangalore,Footwear,Prepaid,1,3370.0
905804,319,15,2024-06-29,2024-07-01,Chennai,Footwear,Prepaid,1,3740.0
905805,556,47,2024-09-12,2024-09-16,Pune,Accessories,COD,1,890.0
905806,305,38,2025-03-09,2025-03-13,Bangalore,Beauty & Personal Care,COD,1,510.0
905807,522,2,2024-12-21,2024-12-27,Hyderabad,Fashion & Apparel,Prepaid,3,3570.0
905808,438,5,2025-02-06,2025-02-09,Hyderabad,Fashion & Apparel,Prepaid,1,1960.0
905809,297,39,2024-04-12,2024-04-16,Delhi NCR,Beauty & Personal Care,Prepaid,1,780.0
905810,104,36,2024-05-15,2024-05-18,Mumbai,Beauty & Personal Care,Prepaid,1,1130.0
905811,585,24,2025-01-23,2025-01-25,Bangalore,Electronics,COD,2,22900.0
905812,595,45,2024-12-26,2025-01-01,Delhi NCR,Accessories,Prepaid,1,1290.0
905813,568,7,2024-05-03,2024-05-06,Kochi,Fashion & Apparel,COD,3,6450.0
905814,285,9,2024-10-25,2024-10-30,Chennai,Footwear,Prepaid,1,3370.0
905815,151,10,2024-05-23,2024-05-25,Pune,Footwear,COD,1,3700.0
905816,522,15,2024-12-15,2024-12-18,Hyderabad,Footwear,Prepaid,1,3740.0
905817,373,19,2024-04-02,2024-04-04,Mumbai,Electronics,COD,1,10800.0
905818,98,48,2024-05-09,2024-05-12,Bangalore,Accessories,COD,1,1560.0
905819,359,8,2024-06-20,2024-06-26,Pune,Fashion & Apparel,Prepaid,1,1870.0
905820,239,2,2024-11-09,2024-11-14,Kochi,Fashion & Apparel,Prepaid,1,1190.0
905821,461,19,2024-10-07,2024-10-10,Chennai,Electronics,COD,1,10800.0
905822,19,1,2024-07-18,2024-07-20,Kochi,Fashion & Apparel,Prepaid,1,1110.0
905823,164,5,2024-05-31,2024-06-04,Chennai,Fashion & Apparel,Prepaid,1,1960.0
905824,362,40,2024-12-16,2024-12-22,Hyderabad,Beauty & Personal Care,COD,2,1080.0
905825,221,13,2025-03-28,2025-04-02,Hyderabad,Footwear,COD,1,3000.0
905826,307,35,2024-10-31,2024-11-02,Hyderabad,Beauty & Personal Care,Prepaid,1,590.0
905827,245,4,2025-02-24,2025-03-01,Mumbai,Fashion & Apparel,COD,2,1940.0
905828,240,30,2024-11-05,2024-11-11,Chennai,Home & Kitchen,Prepaid,1,2550.0
905829,272,11,2025-02-17,2025-02-22,Delhi NCR,Footwear,Prepaid,1,2560.0
905830,136,25,2024-06-26,2024-06-29,Bangalore,Home & Kitchen,COD,1,3150.0
905831,354,41,2024-08-18,2024-08-23,Chennai,Accessories,Prepaid,1,1390.0
905832,451,21,2024-05-08,2024-05-11,Bangalore,Electronics,COD,3,29850.0
905833,323,46,2024-05-01,2024-05-03,Chennai,Accessories,Prepaid,1,1320.0
905834,222,32,2024-05-26,2024-06-01,Bangalore,Home & Kitchen,COD,1,1990.0
905835,132,43,2024-07-23,2024-07-27,Chennai,Accessories,Prepaid,1,910.0
905836,181,33,2024-07-02,2024-07-05,Kochi,Beauty & Personal Care,Prepaid,1,740.0
905837,485,3,2024-07-12,2024-07-15,Hyderabad,Fashion & Apparel,COD,2,3540.0
905838,169,35,2024-07-16,2024-07-20,Hyderabad,Beauty & Personal Care,Prepaid,1,590.0
905839,482,15,2024-12-03,2024-12-07,Bangalore,Footwear,COD,1,3740.0
905840,275,13,2025-03-03,2025-03-07,Pune,Footwear,Prepaid,1,3000.0
905841,245,20,2025-01-09,2025-01-14,Mumbai,Electronics,COD,1,12810.0
905842,11,40,2024-06-04,2024-06-07,Hyderabad,Beauty & Personal Care,Prepaid,1,540.0
905843,112,7,2025-02-04,2025-02-10,Kochi,Fashion & Apparel,COD,1,2150.0
905844,312,7,2025-01-07,2025-01-10,Chennai,Fashion & Apparel,COD,2,4300.0
905845,258,13,2024-06-13,2024-06-18,Delhi NCR,Footwear,Prepaid,1,3000.0
905846,563,2,2024-08-06,2024-08-09,Pune,Fashion & Apparel,COD,2,2380.0
905847,579,13,2024-09-01,2024-09-03,Hyderabad,Footwear,COD,1,3000.0
905848,33,22,2024-09-03,2024-09-09,Bangalore,Electronics,COD,1,13330.0
905849,14,17,2025-03-02,2025-03-08,Mumbai,Electronics,Prepaid,1,13790.0
905850,151,10,2025-01-04,2025-01-09,Pune,Footwear,COD,1,3700.0
905851,322,33,2024-06-20,2024-06-22,Bangalore,Beauty & Personal Care,COD,1,740.0
905852,43,32,2024-06-06,2024-06-09,Chennai,Home & Kitchen,COD,2,3980.0
905853,70,48,2024-05-02,2024-05-04,Pune,Accessories,COD,1,1560.0
905854,338,37,2024-12-20,2024-12-24,Bangalore,Beauty & Personal Care,COD,3,2430.0
905855,436,18,2024-05-03,2024-05-09,Mumbai,Electronics,COD,1,13140.0
905856,226,41,2024-12-06,2024-12-08,Bangalore,Accessories,Prepaid,1,1390.0
905857,392,22,2024-06-30,2024-07-03,Bangalore,Electronics,Prepaid,2,26660.0
905858,7,15,2025-02-11,2025-02-13,Mumbai,Footwear,Prepaid,1,3740.0
905859,562,7,2024-12-17,2024-12-23,Kochi,Fashion & Apparel,Prepaid,1,2150.0
905860,435,31,2024-05-05,2024-05-07,Bangalore,Home & Kitchen,COD,1,1740.0
905861,416,34,2024-08-01,2024-08-06,Hyderabad,Beauty & Personal Care,COD,1,410.0
905862,83,26,2024-04-10,2024-04-12,Delhi NCR,Home & Kitchen,Prepaid,1,2250.0
905863,577,25,2024-12-19,2024-12-22,Kochi,Home & Kitchen,Prepaid,1,3150.0
905864,499,39,2025-03-26,2025-03-31,Mumbai,Beauty & Personal Care,Prepaid,1,780.0
905865,396,21,2024-10-06,2024-10-11,Delhi NCR,Electronics,COD,1,9950.0
905866,561,37,2024-04-15,2024-04-17,Pune,Beauty & Personal Care,Prepaid,1,810.0
905867,119,6,2024-09-08,2024-09-11,Delhi NCR,Fashion & Apparel,Prepaid,1,1510.0
905868,409,32,2025-01-13,2025-01-19,Mumbai,Home & Kitchen,COD,1,1990.0
905869,181,6,2024-05-09,2024-05-11,Kochi,Fashion & Apparel,COD,3,4530.0
905870,474,41,2024-08-26,2024-08-31,Hyderabad,Accessories,Prepaid,1,1390.0
905871,11,1,2025-01-09,2025-01-12,Hyderabad,Fashion & Apparel,Prepaid,2,2220.0
905872,239,30,2025-03-20,2025-03-23,Kochi,Home & Kitchen,COD,1,2550.0
905873,255,4,2024-08-17,2024-08-21,Kochi,Fashion & Apparel,Prepaid,1,970.0
905874,227,17,2024-09-02,2024-09-04,Bangalore,Electronics,Prepaid,1,13790.0
905875,3,1,2024-05-28,2024-05-30,Bangalore,Fashion & Apparel,COD,2,2220.0
905876,393,47,2025-02-09,2025-02-12,Delhi NCR,Accessories,COD,1,890.0
905877,320,44,2024-06-29,2024-07-04,Bangalore,Accessories,Prepaid,1,1130.0
905878,224,25,2025-03-26,2025-04-01,Kochi,Home & Kitchen,COD,2,6300.0
905879,492,9,2024-08-19,2024-08-22,Chennai,Footwear,Prepaid,1,3370.0
905880,85,28,2025-02-03,2025-02-07,Pune,Home & Kitchen,Prepaid,1,3170.0
905881,416,17,2025-03-30,2025-04-05,Hyderabad,Electronics,Prepaid,1,13790.0
905882,40,8,2024-11-18,2024-11-20,Mumbai,Fashion & Apparel,Prepaid,1,1870.0
905883,472,20,2024-12-26,2024-12-30,Bangalore,Electronics,Prepaid,1,12810.0
905884,232,13,2024-09-15,2024-09-17,Bangalore,Footwear,COD,1,3000.0
905885,373,34,2024-12-15,2024-12-17,Mumbai,Beauty & Personal Care,Prepaid,1,410.0
905886,195,6,2025-01-26,2025-01-31,Mumbai,Fashion & Apparel,Prepaid,2,3020.0
905887,227,41,2024-08-31,2024-09-02,Bangalore,Accessories,COD,1,1390.0
905888,276,6,2025-01-29,2025-02-04,Bangalore,Fashion & Apparel,COD,1,1510.0
905889,373,6,2024-12-23,2024-12-29,Mumbai,Fashion & Apparel,Prepaid,1,1510.0
905890,245,34,2024-12-01,2024-12-04,Mumbai,Beauty & Personal Care,Prepaid,2,820.0
905891,112,29,2024-08-08,2024-08-11,Kochi,Home & Kitchen,COD,1,2450.0
905892,218,44,2024-07-13,2024-07-19,Bangalore,Accessories,Prepaid,1,1130.0
905893,154,1,2024-09-22,2024-09-27,Chennai,Fashion & Apparel,Prepaid,1,1110.0
905894,357,30,2025-01-08,2025-01-13,Mumbai,Home & Kitchen,COD,2,5100.0
905895,370,40,2024-05-17,2024-05-23,Pune,Beauty & Personal Care,COD,1,540.0
905896,94,16,2024-09-14,2024-09-19,Delhi NCR,Footwear,Prepaid,2,7800.0
905897,437,15,2024-06-18,2024-06-22,Bangalore,Footwear,Prepaid,1,3740.0
905898,208,26,2025-02-21,2025-02-25,Bangalore,Home & Kitchen,COD,1,2250.0
905899,178,40,2024-11-16,2024-11-18,Chennai,Beauty & Personal Care,COD,1,540.0
905900,437,31,2024-04-26,2024-04-30,Bangalore,Home & Kitchen,Prepaid,1,1740.0
905901,342,42,2024-10-24,2024-10-27,Hyderabad,Accessories,Prepaid,3,2430.0
905902,235,37,2025-01-18,2025-01-23,Hyderabad,Beauty & Personal Care,Prepaid,1,810.0
905903,103,29,2025-01-17,2025-01-23,Bangalore,Home & Kitchen,Prepaid,1,2450.0
905904,208,15,2024-07-13,2024-07-17,Bangalore,Footwear,Prepaid,1,3740.0
905905,568,33,2025-02-10,2025-02-13,Kochi,Beauty & Personal Care,Prepaid,1,740.0
905906,33,28,2024-05-06,2024-05-11,Bangalore,Home & Kitchen,Prepaid,3,9510.0
905907,43,18,2024-07-18,2024-07-24,Chennai,Electronics,COD,1,13140.0
905908,99,44,2024-05-05,2024-05-07,Delhi NCR,Accessories,COD,2,2260.0
905909,473,44,2025-02-02,2025-02-08,Chennai,Accessories,Prepaid,2,2260.0
905910,139,16,2024-04-20,2024-04-26,Delhi NCR,Footwear,Prepaid,1,3900.0
905911,220,43,2024-10-25,2024-10-28,Chennai,Accessories,Prepaid,1,910.0
905912,55,11,2024-09-01,2024-09-06,Delhi NCR,Footwear,COD,1,2560.0
905913,13,5,2024-06-22,2024-06-24,Kochi,Fashion & Apparel,Prepaid,1,1960.0
905914,462,24,2024-05-05,2024-05-10,Hyderabad,Electronics,Prepaid,3,34350.0
905915,166,35,2024-07-03,2024-07-08,Bangalore,Beauty & Personal Care,Prepaid,1,590.0
905916,143,4,2025-03-27,2025-03-31,Bangalore,Fashion & Apparel,COD,3,2910.0
905917,443,30,2024-07-30,2024-08-01,Hyderabad,Home & Kitchen,COD,1,2550.0
905918,211,11,2024-08-07,2024-08-13,Bangalore,Footwear,COD,1,2560.0
905919,41,12,2025-01-19,2025-01-23,Mumbai,Footwear,COD,1,2600.0
905920,106,48,2025-01-06,2025-01-10,Delhi NCR,Accessories,COD,1,1560.0
905921,109,47,2025-03-02,2025-03-08,Mumbai,Accessories,Prepaid,2,1780.0
905922,258,36,2025-02-03,2025-02-06,Delhi NCR,Beauty & Personal Care,COD,1,1130.0
905923,366,22,2025-01-18,2025-01-24,Delhi NCR,Electronics,COD,1,13330.0
905924,104,6,2024-07-21,2024-07-26,Mumbai,Fashion & Apparel,COD,1,1510.0
905925,558,44,2024-09-22,2024-09-25,Kochi,Accessories,Prepaid,1,1130.0
905926,416,48,2024-11-07,2024-11-11,Hyderabad,Accessories,Prepaid,1,1560.0
905927,298,8,2024-09-28,2024-10-03,Mumbai,Fashion & Apparel,COD,1,1870.0
905928,64,29,2024-06-29,2024-07-01,Hyderabad,Home & Kitchen,Prepaid,1,2450.0
905929,250,15,2024-08-30,2024-09-05,Delhi NCR,Footwear,Prepaid,1,3740.0
905930,499,11,2024-09-13,2024-09-18,Mumbai,Footwear,Prepaid,1,2560.0
905931,293,31,2024-12-18,2024-12-20,Delhi NCR,Home & Kitchen,Prepaid,1,1740.0
905932,203,19,2024-07-02,2024-07-08,Hyderabad,Electronics,COD,1,10800.0
905933,214,1,2025-03-05,2025-03-10,Bangalore,Fashion & Apparel,Prepaid,2,2220.0
905934,204,48,2024-04-21,2024-04-24,Chennai,Accessories,COD,1,1560.0
905935,70,32,2024-04-02,2024-04-04,Pune,Home & Kitchen,Prepaid,1,1990.0
905936,499,28,2024-06-11,2024-06-13,Mumbai,Home & Kitchen,COD,1,3170.0
905937,72,27,2024-06-06,2024-06-11,Mumbai,Home & Kitchen,Prepaid,1,1080.0
905938,285,45,2024-09-05,2024-09-10,Chennai,Accessories,COD,1,1290.0
905939,128,25,2024-12-18,2024-12-24,Mumbai,Home & Kitchen,Prepaid,1,3150.0
905940,90,45,2025-01-23,2025-01-25,Pune,Accessories,Prepaid,1,1290.0
905941,442,35,2025-03-22,2025-03-24,Kochi,Beauty & Personal Care,Prepaid,1,590.0
905942,587,47,2025-03-06,2025-03-08,Hyderabad,Accessories,COD,1,890.0
905943,53,16,2024-04-04,2024-04-09,Kochi,Footwear,Prepaid,1,3900.0
905944,92,18,2024-11-18,2024-11-21,Hyderabad,Electronics,Prepaid,1,13140.0
905945,452,19,2024-05-04,2024-05-09,Bangalore,Electronics,COD,1,10800.0
905946,290,39,2025-03-11,2025-03-14,Delhi NCR,Beauty & Personal Care,Prepaid,1,780.0
905947,431,28,2025-01-17,2025-01-21,Pune,Home & Kitchen,Prepaid,1,3170.0
905948,465,7,2025-03-20,2025-03-24,Bangalore,Fashion & Apparel,Prepaid,1,2150.0
905949,354,36,2024-06-26,2024-07-01,Chennai,Beauty & Personal Care,Prepaid,1,1130.0
905950,118,41,2025-01-25,2025-01-29,Delhi NCR,Accessories,COD,1,1390.0
905951,203,16,2024-12-31,2025-01-05,Hyderabad,Footwear,Prepaid,1,3900.0
905952,227,35,2024-11-05,2024-11-08,Bangalore,Beauty & Personal Care,COD,2,1180.0
905953,391,14,2024-06-26,2024-06-30,Pune,Footwear,Prepaid,2,4740.0
905954,473,26,2024-09-08,2024-09-11,Chennai,Home & Kitchen,Prepaid,1,2250.0
905955,468,35,2024-04-13,2024-04-18,Chennai,Beauty & Personal Care,COD,1,590.0
905956,294,35,2024-10-28,2024-11-01,Hyderabad,Beauty & Personal Care,COD,1,590.0
905957,340,32,2024-07-09,2024-07-14,Delhi NCR,Home & Kitchen,Prepaid,1,1990.0
905958,159,37,2024-10-21,2024-10-27,Bangalore,Beauty & Personal Care,Prepaid,1,810.0
905959,363,8,2024-09-25,2024-09-28,Hyderabad,Fashion & Apparel,Prepaid,1,1870.0
905960,561,15,2024-06-24,2024-06-26,Pune,Footwear,Prepaid,2,7480.0
905961,520,18,2024-10-22,2024-10-25,Bangalore,Electronics,Prepaid,1,13140.0
905962,434,25,2025-02-02,2025-02-04,Chennai,Home & Kitchen,Prepaid,3,9450.0
905963,525,35,2024-08-15,2024-08-19,Pune,Beauty & Personal Care,Prepaid,1,590.0
905964,99,4,2024-04-28,2024-05-01,Delhi NCR,Fashion & Apparel,Prepaid,2,1940.0
905965,219,40,2024-05-25,2024-05-31,Hyderabad,Beauty & Personal Care,Prepaid,1,540.0
905966,482,22,2024-08-17,2024-08-22,Bangalore,Electronics,Prepaid,1,13330.0
905967,214,14,2024-11-14,2024-11-17,Bangalore,Footwear,COD,1,2370.0
905968,53,9,2024-05-30,2024-06-03,Kochi,Footwear,Prepaid,1,3370.0
905969,53,7,2024-12-04,2024-12-09,Kochi,Fashion & Apparel,COD,1,2150.0
905970,194,12,2025-01-16,2025-01-18,Delhi NCR,Footwear,Prepaid,1,2600.0
905971,599,17,2024-10-29,2024-11-01,Delhi NCR,Electronics,Prepaid,2,27580.0
905972,106,19,2024-08-31,2024-09-02,Delhi NCR,Electronics,Prepaid,2,21600.0
905973,396,6,2025-02-14,2025-02-19,Delhi NCR,Fashion & Apparel,COD,3,4530.0
905974,196,22,2025-01-20,2025-01-24,Mumbai,Electronics,Prepaid,1,13330.0
905975,103,47,2024-06-02,2024-06-06,Bangalore,Accessories,Prepaid,1,890.0
905976,259,47,2024-05-19,2024-05-23,Bangalore,Accessories,COD,1,890.0
905977,37,9,2024-11-01,2024-11-07,Kochi,Footwear,COD,2,6740.0
905978,241,8,2025-01-12,2025-01-18,Pune,Fashion & Apparel,Prepaid,1,1870.0
905979,459,5,2024-06-18,2024-06-20,Hyderabad,Fashion & Apparel,COD,1,1960.0
905980,364,44,2025-03-01,2025-03-07,Hyderabad,Accessories,COD,2,2260.0
905981,227,48,2024-07-08,2024-07-12,Bangalore,Accessories,Prepaid,1,1560.0
905982,205,6,2024-10-11,2024-10-13,Chennai,Fashion & Apparel,Prepaid,1,1510.0
905983,322,48,2024-10-27,2024-10-29,Bangalore,Accessories,COD,1,1560.0
905984,34,9,2024-10-16,2024-10-20,Bangalore,Footwear,Prepaid,1,3370.0
905985,170,8,2024-09-28,2024-09-30,Bangalore,Fashion & Apparel,COD,1,1870.0
905986,102,13,2024-04-19,2024-04-24,Delhi NCR,Footwear,Prepaid,2,6000.0
905987,296,20,2024-09-21,2024-09-26,Bangalore,Electronics,Prepaid,1,12810.0
905988,498,43,2024-11-10,2024-11-14,Mumbai,Accessories,COD,1,910.0
905989,193,21,2024-07-22,2024-07-28,Bangalore,Electronics,Prepaid,1,9950.0
905990,474,20,2024-11-30,2024-12-05,Hyderabad,Electronics,COD,1,12810.0
905991,360,45,2025-02-13,2025-02-16,Delhi NCR,Accessories,COD,1,1290.0
905992,483,6,2024-06-17,2024-06-20,Bangalore,Fashion & Apparel,Prepaid,3,4530.0
905993,110,37,2024-07-08,2024-07-13,Pune,Beauty & Personal Care,COD,2,1620.0
905994,139,32,2025-03-07,2025-03-12,Delhi NCR,Home & Kitchen,COD,1,1990.0
905995,2,40,2024-09-30,2024-10-06,Mumbai,Beauty & Personal Care,COD,1,540.0
905996,272,45,2024-06-22,2024-06-26,Delhi NCR,Accessories,Prepaid,1,1290.0
905997,556,30,2024-12-17,2024-12-21,Pune,Home & Kitchen,Prepaid,2,5100.0
905998,530,28,2024-12-13,2024-12-19,Delhi NCR,Home & Kitchen,Prepaid,1,3170.0
905999,34,9,2024-09-12,2024-09-14,Bangalore,Footwear,Prepaid,1,3370.0
906000,116,35,2024-08-23,2024-08-26,Mumbai,Beauty & Personal Care,Prepaid,1,590.0
906001,269,43,2025-03-19,2025-03-22,Pune,Accessories,Prepaid,1,910.0
906002,579,38,2025-01-25,2025-01-30,Hyderabad,Beauty & Personal Care,COD,2,1020.0
906003,288,36,2024-04-12,2024-04-15,Pune,Beauty & Personal Care,Prepaid,1,1130.0
906004,322,5,2025-02-11,2025-02-15,Bangalore,Fashion & Apparel,COD,1,1960.0
906005,452,46,2024-08-11,2024-08-15,Bangalore,Accessories,Prepaid,1,1320.0
906006,65,17,2025-02-27,2025-03-01,Pune,Electronics,COD,2,27580.0
906007,312,30,2024-05-13,2024-05-19,Chennai,Home & Kitchen,Prepaid,1,2550.0
906008,576,40,2024-12-01,2024-12-07,Chennai,Beauty & Personal Care,Prepaid,1,540.0
906009,153,21,2024-06-24,2024-06-26,Bangalore,Electronics,COD,2,19900.0
906010,107,26,2025-03-14,2025-03-20,Chennai,Home & Kitchen,Prepaid,2,4500.0
906011,600,31,2024-10-08,2024-10-13,Mumbai,Home & Kitchen,Prepaid,1,1740.0
906012,337,20,2024-09-30,2024-10-04,Bangalore,Electronics,Prepaid,1,12810.0
906013,152,35,2024-06-20,2024-06-25,Hyderabad,Beauty & Personal Care,COD,1,590.0
906014,553,42,2024-05-04,2024-05-07,Hyderabad,Accessories,Prepaid,1,810.0
906015,525,27,2024-05-14,2024-05-16,Pune,Home & Kitchen,COD,1,1080.0
906016,362,29,2025-03-29,2025-04-04,Hyderabad,Home & Kitchen,Prepaid,1,2450.0
906017,472,28,2025-01-03,2025-01-07,Bangalore,Home & Kitchen,COD,1,3170.0
906018,596,29,2024-11-01,2024-11-04,Mumbai,Home & Kitchen,COD,1,2450.0
906019,421,34,2024-05-09,2024-05-12,Mumbai,Beauty & Personal Care,COD,1,410.0
906020,165,39,2024-12-04,2024-12-06,Chennai,Beauty & Personal Care,COD,2,1560.0
906021,44,11,2024-11-17,2024-11-19,Chennai,Footwear,Prepaid,1,2560.0
906022,69,26,2024-04-20,2024-04-23,Bangalore,Home & Kitchen,COD,2,4500.0
906023,320,40,2024-09-18,2024-09-22,Bangalore,Beauty & Personal Care,COD,1,540.0
906024,257,21,2024-12-15,2024-12-17,Hyderabad,Electronics,COD,1,9950.0
906025,435,29,2024-10-01,2024-10-03,Bangalore,Home & Kitchen,Prepaid,1,2450.0
906026,252,20,2024-09-18,2024-09-20,Kochi,Electronics,Prepaid,1,12810.0
906027,302,22,2024-06-07,2024-06-13,Bangalore,Electronics,COD,1,13330.0
906028,176,21,2024-11-08,2024-11-10,Kochi,Electronics,COD,1,9950.0
906029,394,25,2025-02-14,2025-02-16,Delhi NCR,Home & Kitchen,Prepaid,1,3150.0
906030,322,15,2024-06-04,2024-06-07,Bangalore,Footwear,COD,1,3740.0
906031,180,43,2025-02-21,2025-02-24,Pune,Accessories,Prepaid,1,910.0
906032,357,25,2025-02-08,2025-02-10,Mumbai,Home & Kitchen,Prepaid,3,9450.0
906033,141,28,2024-08-25,2024-08-27,Bangalore,Home & Kitchen,COD,2,6340.0
906034,68,14,2024-07-29,2024-07-31,Bangalore,Footwear,COD,1,2370.0
906035,139,29,2025-02-06,2025-02-12,Delhi NCR,Home & Kitchen,Prepaid,1,2450.0
906036,279,21,2025-02-28,2025-03-05,Delhi NCR,Electronics,Prepaid,1,9950.0
906037,184,31,2024-08-28,2024-09-02,Mumbai,Home & Kitchen,Prepaid,1,1740.0
906038,21,20,2024-06-06,2024-06-08,Mumbai,Electronics,Prepaid,3,38430.0
906039,279,18,2024-05-09,2024-05-15,Delhi NCR,Electronics,COD,1,13140.0
906040,207,17,2024-11-29,2024-12-04,Kochi,Electronics,Prepaid,1,13790.0
906041,466,10,2024-08-07,2024-08-13,Hyderabad,Footwear,Prepaid,1,3700.0
906042,517,42,2025-03-03,2025-03-06,Chennai,Accessories,Prepaid,2,1620.0
906043,50,30,2024-04-13,2024-04-17,Kochi,Home & Kitchen,COD,1,2550.0
906044,390,3,2024-07-09,2024-07-13,Mumbai,Fashion & Apparel,COD,1,1770.0
906045,238,20,2025-02-26,2025-03-03,Delhi NCR,Electronics,Prepaid,1,12810.0
906046,575,32,2024-07-02,2024-07-06,Mumbai,Home & Kitchen,Prepaid,2,3980.0
906047,513,34,2024-05-16,2024-05-18,Chennai,Beauty & Personal Care,Prepaid,1,410.0
906048,69,8,2024-09-21,2024-09-23,Bangalore,Fashion & Apparel,COD,2,3740.0
906049,209,47,2024-11-15,2024-11-19,Bangalore,Accessories,COD,3,2670.0
906050,142,38,2024-09-09,2024-09-12,Chennai,Beauty & Personal Care,Prepaid,1,510.0
906051,21,10,2025-03-16,2025-03-18,Mumbai,Footwear,Prepaid,1,3700.0
906052,84,37,2025-02-13,2025-02-16,Kochi,Beauty & Personal Care,COD,1,810.0
906053,494,11,2025-02-03,2025-02-07,Bangalore,Footwear,Prepaid,2,5120.0
906054,194,22,2024-12-02,2024-12-05,Delhi NCR,Electronics,Prepaid,1,13330.0
906055,359,2,2025-01-17,2025-01-21,Pune,Fashion & Apparel,Prepaid,1,1190.0
906056,62,25,2025-02-10,2025-02-12,Pune,Home & Kitchen,Prepaid,2,6300.0
906057,380,10,2024-06-14,2024-06-19,Chennai,Footwear,COD,1,3700.0
906058,179,2,2024-12-07,2024-12-11,Hyderabad,Fashion & Apparel,Prepaid,1,1190.0
906059,205,29,2024-12-27,2025-01-01,Chennai,Home & Kitchen,Prepaid,2,4900.0
906060,273,23,2024-07-10,2024-07-13,Hyderabad,Electronics,Prepaid,2,25560.0
906061,54,40,2024-10-22,2024-10-28,Chennai,Beauty & Personal Care,COD,1,540.0
906062,265,26,2024-06-05,2024-06-09,Chennai,Home & Kitchen,Prepaid,1,2250.0
906063,466,48,2025-03-19,2025-03-23,Hyderabad,Accessories,COD,2,3120.0
906064,277,18,2024-10-05,2024-10-08,Bangalore,Electronics,Prepaid,3,39420.0
906065,518,8,2025-02-06,2025-02-11,Bangalore,Fashion & Apparel,Prepaid,1,1870.0
906066,271,23,2024-12-06,2024-12-08,Chennai,Electronics,COD,2,25560.0
906067,25,12,2024-08-15,2024-08-18,Mumbai,Footwear,Prepaid,1,2600.0
906068,315,39,2024-05-05,2024-05-10,Kochi,Beauty & Personal Care,COD,1,780.0
906069,506,36,2024-12-14,2024-12-16,Pune,Beauty & Personal Care,COD,1,1130.0
906070,156,39,2025-01-02,2025-01-07,Bangalore,Beauty & Personal Care,Prepaid,1,780.0
906071,86,27,2025-01-08,2025-01-13,Mumbai,Home & Kitchen,COD,1,1080.0
906072,462,24,2024-12-29,2024-12-31,Hyderabad,Electronics,Prepaid,1,11450.0
906073,339,38,2024-04-01,2024-04-03,Delhi NCR,Beauty & Personal Care,COD,2,1020.0
906074,52,39,2024-06-09,2024-06-11,Kochi,Beauty & Personal Care,Prepaid,1,780.0
906075,172,48,2024-06-21,2024-06-24,Mumbai,Accessories,Prepaid,1,1560.0
906076,571,20,2025-01-26,2025-01-28,Delhi NCR,Electronics,Prepaid,1,12810.0
906077,483,41,2025-01-05,2025-01-11,Bangalore,Accessories,COD,1,1390.0
906078,194,27,2024-12-10,2024-12-14,Delhi NCR,Home & Kitchen,Prepaid,2,2160.0
906079,593,23,2024-11-25,2024-11-30,Pune,Electronics,Prepaid,1,12780.0
906080,200,40,2024-09-05,2024-09-09,Delhi NCR,Beauty & Personal Care,COD,1,540.0
906081,75,15,2024-08-20,2024-08-25,Hyderabad,Footwear,Prepaid,3,11220.0
906082,324,12,2024-08-15,2024-08-20,Mumbai,Footwear,COD,1,2600.0
906083,67,12,2024-11-24,2024-11-26,Pune,Footwear,COD,2,5200.0
906084,398,17,2024-09-27,2024-09-30,Pune,Electronics,Prepaid,1,13790.0
906085,246,45,2025-01-20,2025-01-22,Pune,Accessories,COD,2,2580.0
906086,424,46,2024-11-16,2024-11-20,Bangalore,Accessories,Prepaid,1,1320.0
906087,451,46,2024-04-20,2024-04-26,Bangalore,Accessories,COD,1,1320.0
906088,280,21,2024-08-07,2024-08-10,Hyderabad,Electronics,COD,1,9950.0
906089,394,7,2024-09-25,2024-09-27,Delhi NCR,Fashion & Apparel,Prepaid,1,2150.0
906090,265,36,2024-06-15,2024-06-17,Chennai,Beauty & Personal Care,COD,1,1130.0
906091,511,39,2024-05-20,2024-05-23,Bangalore,Beauty & Personal Care,Prepaid,1,780.0
906092,58,34,2024-10-28,2024-11-01,Chennai,Beauty & Personal Care,Prepaid,1,410.0
906093,69,21,2025-01-15,2025-01-19,Bangalore,Electronics,Prepaid,1,9950.0
906094,202,36,2024-08-27,2024-08-29,Mumbai,Beauty & Personal Care,COD,1,1130.0
906095,238,17,2024-10-01,2024-10-04,Delhi NCR,Electronics,COD,1,13790.0
906096,199,10,2024-05-14,2024-05-20,Bangalore,Footwear,COD,1,3700.0
906097,275,48,2024-07-12,2024-07-17,Pune,Accessories,Prepaid,1,1560.0
906098,214,2,2025-01-01,2025-01-07,Bangalore,Fashion & Apparel,Prepaid,1,1190.0
906099,51,9,2024-08-14,2024-08-17,Kochi,Footwear,Prepaid,1,3370.0
906100,184,18,2024-07-12,2024-07-15,Mumbai,Electronics,Prepaid,1,13140.0
906101,52,12,2025-02-04,2025-02-08,Kochi,Footwear,COD,1,2600.0
906102,131,23,2024-09-19,2024-09-25,Bangalore,Electronics,Prepaid,1,12780.0
906103,433,18,2024-04-18,2024-04-24,Pune,Electronics,Prepaid,1,13140.0
906104,278,48,2024-06-28,2024-07-01,Mumbai,Accessories,Prepaid,1,1560.0
906105,24,3,2024-08-21,2024-08-26,Mumbai,Fashion & Apparel,COD,1,1770.0
906106,176,28,2024-04-30,2024-05-06,Kochi,Home & Kitchen,COD,1,3170.0
906107,466,14,2024-06-14,2024-06-20,Hyderabad,Footwear,Prepaid,1,2370.0
906108,211,47,2024-06-29,2024-07-04,Bangalore,Accessories,Prepaid,1,890.0
906109,157,30,2024-06-07,2024-06-10,Pune,Home & Kitchen,Prepaid,1,2550.0
906110,19,2,2025-03-24,2025-03-29,Kochi,Fashion & Apparel,Prepaid,1,1190.0
906111,245,15,2024-04-13,2024-04-16,Mumbai,Footwear,Prepaid,1,3740.0
906112,208,34,2025-01-22,2025-01-26,Bangalore,Beauty & Personal Care,Prepaid,2,820.0
906113,320,26,2025-01-20,2025-01-26,Bangalore,Home & Kitchen,COD,1,2250.0
906114,41,30,2024-05-30,2024-06-01,Mumbai,Home & Kitchen,COD,1,2550.0
906115,399,24,2024-07-29,2024-08-04,Hyderabad,Electronics,COD,1,11450.0
906116,465,21,2024-07-31,2024-08-04,Bangalore,Electronics,Prepaid,2,19900.0
906117,23,45,2024-09-04,2024-09-08,Pune,Accessories,COD,1,1290.0
906118,171,34,2024-12-10,2024-12-14,Bangalore,Beauty & Personal Care,COD,1,410.0
906119,273,16,2024-04-22,2024-04-28,Hyderabad,Footwear,Prepaid,1,3900.0
906120,428,5,2024-09-10,2024-09-16,Hyderabad,Fashion & Apparel,Prepaid,1,1960.0
906121,33,38,2024-09-22,2024-09-26,Bangalore,Beauty & Personal Care,COD,1,510.0
906122,445,19,2025-02-13,2025-02-18,Chennai,Electronics,COD,1,10800.0
906123,418,15,2024-05-12,2024-05-14,Hyderabad,Footwear,Prepaid,1,3740.0
906124,402,8,2024-04-26,2024-04-30,Chennai,Fashion & Apparel,Prepaid,1,1870.0
906125,447,28,2024-10-08,2024-10-13,Bangalore,Home & Kitchen,Prepaid,1,3170.0
906126,503,26,2025-03-09,2025-03-14,Chennai,Home & Kitchen,Prepaid,2,4500.0
906127,540,20,2024-09-18,2024-09-23,Delhi NCR,Electronics,COD,1,12810.0
906128,280,32,2024-12-09,2024-12-13,Hyderabad,Home & Kitchen,Prepaid,1,1990.0
906129,145,3,2024-12-15,2024-12-21,Bangalore,Fashion & Apparel,COD,1,1770.0
906130,82,40,2024-11-10,2024-11-16,Hyderabad,Beauty & Personal Care,Prepaid,1,540.0
906131,83,10,2024-08-10,2024-08-14,Delhi NCR,Footwear,Prepaid,1,3700.0
906132,168,48,2024-12-12,2024-12-14,Bangalore,Accessories,Prepaid,2,3120.0
906133,252,32,2024-12-28,2025-01-03,Kochi,Home & Kitchen,Prepaid,1,1990.0
906134,188,15,2024-10-25,2024-10-29,Delhi NCR,Footwear,COD,1,3740.0
906135,437,38,2024-05-23,2024-05-28,Bangalore,Beauty & Personal Care,Prepaid,2,1020.0
906136,380,35,2025-01-07,2025-01-13,Chennai,Beauty & Personal Care,COD,1,590.0
906137,458,14,2024-09-28,2024-09-30,Bangalore,Footwear,Prepaid,2,4740.0
906138,251,22,2024-11-24,2024-11-29,Delhi NCR,Electronics,Prepaid,1,13330.0
906139,54,42,2024-08-27,2024-08-29,Chennai,Accessories,COD,1,810.0
906140,45,31,2024-10-02,2024-10-05,Hyderabad,Home & Kitchen,Prepaid,1,1740.0
906141,362,33,2024-07-26,2024-07-30,Hyderabad,Beauty & Personal Care,Prepaid,1,740.0
906142,43,43,2024-08-27,2024-09-02,Chennai,Accessories,COD,2,1820.0
906143,382,28,2025-03-27,2025-03-31,Pune,Home & Kitchen,Prepaid,1,3170.0
906144,49,47,2024-06-30,2024-07-03,Hyderabad,Accessories,COD,1,890.0
906145,19,17,2025-03-04,2025-03-08,Kochi,Electronics,Prepaid,1,13790.0
906146,402,25,2025-01-18,2025-01-22,Chennai,Home & Kitchen,Prepaid,1,3150.0
906147,190,36,2024-10-24,2024-10-29,Delhi NCR,Beauty & Personal Care,COD,1,1130.0
906148,528,15,2025-02-07,2025-02-12,Bangalore,Footwear,Prepaid,2,7480.0
906149,81,8,2025-03-15,2025-03-20,Chennai,Fashion & Apparel,Prepaid,1,1870.0
906150,107,24,2024-12-27,2024-12-31,Chennai,Electronics,Prepaid,2,22900.0
906151,301,36,2024-10-06,2024-10-12,Bangalore,Beauty & Personal Care,Prepaid,1,1130.0
906152,252,18,2025-02-20,2025-02-23,Kochi,Electronics,Prepaid,1,13140.0
906153,297,12,2024-06-21,2024-06-24,Delhi NCR,Footwear,COD,1,2600.0
906154,593,45,2024-10-06,2024-10-08,Pune,Accessories,Prepaid,1,1290.0
906155,37,44,2024-10-29,2024-11-01,Kochi,Accessories,Prepaid,2,2260.0
906156,81,47,2024-12-05,2024-12-11,Chennai,Accessories,Prepaid,1,890.0
906157,412,36,2024-12-22,2024-12-28,Bangalore,Beauty & Personal Care,COD,1,1130.0
906158,514,26,2024-05-08,2024-05-12,Chennai,Home & Kitchen,Prepaid,2,4500.0
906159,281,23,2024-09-13,2024-09-16,Mumbai,Electronics,Prepaid,2,25560.0
906160,505,14,2024-09-20,2024-09-25,Mumbai,Footwear,Prepaid,1,2370.0
906161,587,1,2024-05-03,2024-05-08,Hyderabad,Fashion & Apparel,COD,1,1110.0
906162,514,44,2024-06-22,2024-06-28,Chennai,Accessories,COD,1,1130.0
906163,217,45,2024-04-30,2024-05-06,Mumbai,Accessories,Prepaid,1,1290.0
906164,285,40,2024-05-30,2024-06-05,Chennai,Beauty & Personal Care,COD,1,540.0
906165,588,35,2024-05-09,2024-05-14,Mumbai,Beauty & Personal Care,COD,1,590.0
906166,183,46,2025-01-06,2025-01-11,Hyderabad,Accessories,Prepaid,1,1320.0
906167,442,27,2024-10-02,2024-10-06,Kochi,Home & Kitchen,Prepaid,2,2160.0
906168,519,17,2025-02-22,2025-02-26,Delhi NCR,Electronics,Prepaid,1,13790.0
906169,70,1,2024-07-28,2024-08-01,Pune,Fashion & Apparel,COD,3,3330.0
906170,301,27,2024-09-06,2024-09-09,Bangalore,Home & Kitchen,Prepaid,1,1080.0
906171,113,47,2024-07-09,2024-07-13,Kochi,Accessories,COD,1,890.0
906172,9,33,2024-08-25,2024-08-27,Bangalore,Beauty & Personal Care,COD,2,1480.0
906173,424,29,2024-05-30,2024-06-04,Bangalore,Home & Kitchen,COD,1,2450.0
906174,373,13,2024-05-24,2024-05-26,Mumbai,Footwear,Prepaid,2,6000.0
906175,323,14,2024-12-30,2025-01-03,Chennai,Footwear,COD,1,2370.0
906176,379,1,2025-01-05,2025-01-11,Bangalore,Fashion & Apparel,Prepaid,1,1110.0
906177,13,3,2024-06-23,2024-06-25,Kochi,Fashion & Apparel,COD,1,1770.0
906178,96,13,2024-08-20,2024-08-24,Mumbai,Footwear,Prepaid,1,3000.0
906179,9,27,2024-06-15,2024-06-20,Bangalore,Home & Kitchen,COD,1,1080.0
906180,578,19,2024-05-06,2024-05-11,Delhi NCR,Electronics,COD,1,10800.0
906181,388,11,2024-12-06,2024-12-11,Mumbai,Footwear,Prepaid,1,2560.0
906182,150,16,2025-02-21,2025-02-26,Kochi,Footwear,COD,1,3900.0
906183,583,33,2024-10-22,2024-10-24,Bangalore,Beauty & Personal Care,COD,1,740.0
906184,413,13,2025-02-27,2025-03-01,Delhi NCR,Footwear,COD,1,3000.0
906185,551,6,2024-10-09,2024-10-14,Hyderabad,Fashion & Apparel,Prepaid,1,1510.0
906186,105,48,2024-06-25,2024-06-29,Mumbai,Accessories,COD,1,1560.0
906187,365,39,2024-07-24,2024-07-26,Delhi NCR,Beauty & Personal Care,Prepaid,1,780.0
906188,184,34,2025-03-14,2025-03-19,Mumbai,Beauty & Personal Care,Prepaid,2,820.0
906189,195,35,2025-03-29,2025-04-04,Mumbai,Beauty & Personal Care,COD,1,590.0
906190,413,20,2024-06-05,2024-06-10,Delhi NCR,Electronics,Prepaid,1,12810.0
906191,229,47,2024-05-09,2024-05-13,Hyderabad,Accessories,Prepaid,1,890.0
906192,15,37,2025-02-28,2025-03-02,Bangalore,Beauty & Personal Care,Prepaid,1,810.0
906193,297,22,2024-05-17,2024-05-20,Delhi NCR,Electronics,Prepaid,1,13330.0
906194,430,32,2025-02-04,2025-02-08,Chennai,Home & Kitchen,Prepaid,2,3980.0
906195,587,28,2024-10-14,2024-10-19,Hyderabad,Home & Kitchen,COD,1,3170.0
906196,576,16,2024-11-02,2024-11-05,Chennai,Footwear,Prepaid,1,3900.0
906197,343,40,2024-04-19,2024-04-24,Chennai,Beauty & Personal Care,Prepaid,1,540.0
906198,250,5,2024-11-01,2024-11-03,Delhi NCR,Fashion & Apparel,Prepaid,1,1960.0
906199,130,39,2024-09-29,2024-10-03,Hyderabad,Beauty & Personal Care,COD,1,780.0
906200,67,9,2025-02-08,2025-02-11,Pune,Footwear,Prepaid,3,10110.0
906201,118,30,2024-05-27,2024-06-01,Delhi NCR,Home & Kitchen,COD,1,2550.0
906202,223,42,2024-09-15,2024-09-18,Pune,Accessories,COD,1,810.0
906203,498,46,2024-07-27,2024-08-02,Mumbai,Accessories,Prepaid,1,1320.0
906204,465,25,2024-07-13,2024-07-17,Bangalore,Home & Kitchen,COD,1,3150.0
906205,43,44,2024-09-12,2024-09-14,Chennai,Accessories,COD,1,1130.0
906206,270,33,2024-04-09,2024-04-12,Mumbai,Beauty & Personal Care,Prepaid,1,740.0
906207,238,31,2024-05-21,2024-05-27,Delhi NCR,Home & Kitchen,COD,1,1740.0
906208,184,13,2024-09-24,2024-09-26,Mumbai,Footwear,Prepaid,1,3000.0
906209,321,8,2025-02-04,2025-02-06,Chennai,Fashion & Apparel,Prepaid,1,1870.0
906210,394,15,2024-09-08,2024-09-12,Delhi NCR,Footwear,Prepaid,1,3740.0
906211,355,30,2024-12-21,2024-12-26,Delhi NCR,Home & Kitchen,Prepaid,1,2550.0
906212,362,21,2024-10-02,2024-10-06,Hyderabad,Electronics,Prepaid,1,9950.0
906213,510,39,2024-06-14,2024-06-20,Pune,Beauty & Personal Care,Prepaid,2,1560.0
906214,157,33,2024-06-24,2024-06-30,Pune,Beauty & Personal Care,Prepaid,1,740.0
906215,146,27,2025-03-19,2025-03-24,Hyderabad,Home & Kitchen,Prepaid,1,1080.0
906216,243,20,2024-08-01,2024-08-03,Chennai,Electronics,COD,1,12810.0
906217,508,35,2025-01-07,2025-01-11,Mumbai,Beauty & Personal Care,Prepaid,1,590.0
906218,271,44,2024-11-26,2024-11-30,Chennai,Accessories,COD,2,2260.0
906219,119,28,2024-11-17,2024-11-23,Delhi NCR,Home & Kitchen,Prepaid,2,6340.0
906220,23,35,2025-01-23,2025-01-25,Pune,Beauty & Personal Care,COD,1,590.0
906221,196,30,2024-10-17,2024-10-19,Mumbai,Home & Kitchen,Prepaid,2,5100.0
906222,444,2,2025-01-12,2025-01-16,Mumbai,Fashion & Apparel,COD,1,1190.0
906223,482,16,2025-02-17,2025-02-19,Bangalore,Footwear,COD,2,7800.0
906224,20,2,2024-11-01,2024-11-03,Pune,Fashion & Apparel,COD,2,2380.0
906225,235,6,2024-04-29,2024-05-05,Hyderabad,Fashion & Apparel,COD,1,1510.0
906226,280,22,2024-05-02,2024-05-04,Hyderabad,Electronics,Prepaid,3,39990.0
906227,310,33,2024-06-01,2024-06-05,Chennai,Beauty & Personal Care,Prepaid,2,1480.0
906228,484,48,2024-04-14,2024-04-20,Mumbai,Accessories,Prepaid,1,1560.0
906229,548,19,2025-03-15,2025-03-17,Delhi NCR,Electronics,Prepaid,2,21600.0
906230,338,3,2024-04-04,2024-04-08,Bangalore,Fashion & Apparel,Prepaid,2,3540.0
906231,403,37,2024-08-31,2024-09-04,Mumbai,Beauty & Personal Care,COD,1,810.0
906232,598,37,2024-09-09,2024-09-15,Bangalore,Beauty & Personal Care,Prepaid,1,810.0
906233,200,39,2025-03-15,2025-03-17,Delhi NCR,Beauty & Personal Care,Prepaid,1,780.0
906234,206,18,2024-10-18,2024-10-21,Chennai,Electronics,COD,1,13140.0
906235,128,28,2025-01-11,2025-01-16,Mumbai,Home & Kitchen,Prepaid,2,6340.0
906236,508,33,2024-12-08,2024-12-10,Mumbai,Beauty & Personal Care,Prepaid,1,740.0
906237,592,27,2024-07-18,2024-07-20,Mumbai,Home & Kitchen,Prepaid,1,1080.0
906238,241,43,2024-08-25,2024-08-28,Pune,Accessories,COD,1,910.0
906239,317,9,2024-06-19,2024-06-21,Mumbai,Footwear,COD,1,3370.0
906240,212,43,2024-04-02,2024-04-07,Bangalore,Accessories,COD,1,910.0
906241,449,17,2024-09-14,2024-09-19,Mumbai,Electronics,COD,2,27580.0
906242,26,8,2024-06-01,2024-06-05,Hyderabad,Fashion & Apparel,COD,1,1870.0
906243,436,40,2024-08-18,2024-08-21,Mumbai,Beauty & Personal Care,COD,1,540.0
906244,281,17,2024-08-04,2024-08-07,Mumbai,Electronics,Prepaid,1,13790.0
906245,115,26,2024-09-20,2024-09-26,Kochi,Home & Kitchen,Prepaid,1,2250.0
906246,407,30,2024-06-25,2024-07-01,Mumbai,Home & Kitchen,COD,1,2550.0
906247,288,33,2024-10-12,2024-10-18,Pune,Beauty & Personal Care,COD,1,740.0
906248,85,31,2024-11-05,2024-11-08,Pune,Home & Kitchen,Prepaid,2,3480.0
906249,447,38,2024-05-25,2024-05-27,Bangalore,Beauty & Personal Care,COD,1,510.0
906250,479,8,2024-07-02,2024-07-08,Chennai,Fashion & Apparel,Prepaid,1,1870.0
906251,559,24,2024-05-26,2024-06-01,Kochi,Electronics,Prepaid,1,11450.0
906252,291,46,2024-10-17,2024-10-19,Hyderabad,Accessories,Prepaid,1,1320.0
906253,274,8,2024-11-03,2024-11-05,Mumbai,Fashion & Apparel,Prepaid,3,5610.0
906254,593,37,2024-09-02,2024-09-08,Pune,Beauty & Personal Care,COD,1,810.0
906255,481,6,2024-12-07,2024-12-12,Pune,Fashion & Apparel,Prepaid,1,1510.0
906256,409,27,2024-06-04,2024-06-06,Mumbai,Home & Kitchen,COD,1,1080.0
906257,54,25,2024-09-23,2024-09-26,Chennai,Home & Kitchen,COD,1,3150.0
906258,402,40,2024-08-31,2024-09-03,Chennai,Beauty & Personal Care,COD,1,540.0
906259,414,6,2024-06-10,2024-06-16,Delhi NCR,Fashion & Apparel,Prepaid,1,1510.0
906260,245,38,2025-03-06,2025-03-09,Mumbai,Beauty & Personal Care,Prepaid,1,510.0
906261,56,16,2025-02-23,2025-02-25,Pune,Footwear,Prepaid,1,3900.0
906262,296,1,2025-01-26,2025-02-01,Bangalore,Fashion & Apparel,Prepaid,1,1110.0
906263,539,11,2025-01-25,2025-01-28,Mumbai,Footwear,COD,2,5120.0
906264,101,32,2024-12-01,2024-12-06,Bangalore,Home & Kitchen,COD,1,1990.0
906265,223,35,2024-09-13,2024-09-15,Pune,Beauty & Personal Care,COD,2,1180.0
906266,388,19,2024-04-08,2024-04-13,Mumbai,Electronics,Prepaid,1,10800.0
906267,178,37,2024-05-05,2024-05-11,Chennai,Beauty & Personal Care,COD,1,810.0
906268,297,26,2024-09-19,2024-09-22,Delhi NCR,Home & Kitchen,Prepaid,1,2250.0
906269,532,20,2025-03-25,2025-03-31,Pune,Electronics,Prepaid,1,12810.0
906270,354,35,2024-08-11,2024-08-16,Chennai,Beauty & Personal Care,Prepaid,1,590.0
906271,59,14,2024-07-24,2024-07-29,Delhi NCR,Footwear,Prepaid,1,2370.0
906272,495,12,2024-05-05,2024-05-10,Kochi,Footwear,COD,1,2600.0
906273,197,17,2024-07-30,2024-08-04,Hyderabad,Electronics,Prepaid,1,13790.0
906274,473,4,2024-11-14,2024-11-18,Chennai,Fashion & Apparel,Prepaid,2,1940.0
906275,581,24,2024-07-13,2024-07-15,Bangalore,Electronics,COD,1,11450.0
906276,200,45,2024-11-11,2024-11-15,Delhi NCR,Accessories,Prepaid,2,2580.0
906277,327,8,2024-07-29,2024-08-04,Delhi NCR,Fashion & Apparel,Prepaid,1,1870.0
906278,254,18,2024-12-15,2024-12-20,Bangalore,Electronics,COD,3,39420.0
906279,288,26,2024-08-08,2024-08-11,Pune,Home & Kitchen,COD,1,2250.0
906280,37,6,2024-11-27,2024-12-01,Kochi,Fashion & Apparel,Prepaid,1,1510.0
906281,136,12,2024-10-26,2024-11-01,Bangalore,Footwear,Prepaid,1,2600.0
906282,335,28,2024-04-30,2024-05-03,Bangalore,Home & Kitchen,COD,1,3170.0
906283,591,22,2024-07-22,2024-07-26,Hyderabad,Electronics,COD,1,13330.0
906284,455,1,2025-02-02,2025-02-04,Mumbai,Fashion & Apparel,COD,1,1110.0
906285,370,23,2025-03-22,2025-03-25,Pune,Electronics,Prepaid,1,12780.0
906286,145,13,2025-03-28,2025-03-30,Bangalore,Footwear,Prepaid,1,3000.0
906287,259,5,2025-01-29,2025-02-02,Bangalore,Fashion & Apparel,Prepaid,1,1960.0
906288,576,24,2024-09-29,2024-10-02,Chennai,Electronics,COD,1,11450.0
906289,67,48,2025-03-30,2025-04-03,Pune,Accessories,Prepaid,1,1560.0
906290,223,25,2025-03-10,2025-03-16,Pune,Home & Kitchen,Prepaid,2,6300.0
906291,4,29,2025-03-21,2025-03-25,Chennai,Home & Kitchen,COD,2,4900.0
906292,402,18,2025-03-15,2025-03-20,Chennai,Electronics,Prepaid,2,26280.0
906293,440,31,2025-02-19,2025-02-22,Kochi,Home & Kitchen,Prepaid,2,3480.0
906294,370,9,2025-01-30,2025-02-05,Pune,Footwear,COD,1,3370.0
906295,391,18,2024-08-01,2024-08-05,Pune,Electronics,Prepaid,2,26280.0
906296,107,32,2024-07-27,2024-07-31,Chennai,Home & Kitchen,COD,1,1990.0
906297,337,12,2024-11-30,2024-12-06,Bangalore,Footwear,COD,1,2600.0
906298,564,23,2025-02-25,2025-03-03,Mumbai,Electronics,Prepaid,1,12780.0
906299,176,14,2024-11-29,2024-12-01,Kochi,Footwear,Prepaid,1,2370.0
906300,29,43,2024-12-29,2025-01-01,Mumbai,Accessories,Prepaid,1,910.0
906301,496,12,2024-11-04,2024-11-07,Hyderabad,Footwear,Prepaid,1,2600.0
906302,184,1,2024-04-06,2024-04-12,Mumbai,Fashion & Apparel,Prepaid,1,1110.0
906303,592,32,2024-05-29,2024-06-01,Mumbai,Home & Kitchen,Prepaid,1,1990.0
906304,314,38,2024-06-10,2024-06-14,Kochi,Beauty & Personal Care,Prepaid,1,510.0
906305,302,44,2025-01-31,2025-02-03,Bangalore,Accessories,COD,1,1130.0
906306,180,21,2024-09-08,2024-09-13,Pune,Electronics,COD,1,9950.0
906307,224,25,2024-07-12,2024-07-14,Kochi,Home & Kitchen,Prepaid,1,3150.0
906308,423,10,2025-02-23,2025-02-26,Bangalore,Footwear,Prepaid,1,3700.0
906309,144,11,2024-12-07,2024-12-11,Kochi,Footwear,COD,1,2560.0
906310,202,12,2024-10-31,2024-11-04,Mumbai,Footwear,Prepaid,2,5200.0
906311,515,5,2024-11-27,2024-12-03,Bangalore,Fashion & Apparel,Prepaid,1,1960.0
906312,78,45,2024-07-17,2024-07-22,Chennai,Accessories,COD,1,1290.0
906313,488,30,2024-06-23,2024-06-28,Hyderabad,Home & Kitchen,Prepaid,1,2550.0
906314,50,21,2024-06-25,2024-07-01,Kochi,Electronics,Prepaid,2,19900.0
906315,380,16,2024-04-10,2024-04-12,Chennai,Footwear,Prepaid,1,3900.0
906316,87,10,2024-05-25,2024-05-30,Pune,Footwear,Prepaid,1,3700.0
906317,303,19,2025-03-20,2025-03-25,Mumbai,Electronics,COD,1,10800.0
906318,255,25,2024-06-29,2024-07-01,Kochi,Home & Kitchen,COD,1,3150.0
906319,519,20,2024-10-05,2024-10-11,Delhi NCR,Electronics,Prepaid,1,12810.0
906320,97,33,2024-12-25,2024-12-28,Mumbai,Beauty & Personal Care,COD,1,740.0
906321,554,39,2025-01-31,2025-02-06,Bangalore,Beauty & Personal Care,COD,1,780.0
906322,115,6,2024-09-15,2024-09-20,Kochi,Fashion & Apparel,Prepaid,2,3020.0
906323,392,31,2024-10-16,2024-10-20,Bangalore,Home & Kitchen,Prepaid,1,1740.0
906324,296,33,2025-03-30,2025-04-03,Bangalore,Beauty & Personal Care,Prepaid,1,740.0
906325,10,43,2024-05-13,2024-05-16,Pune,Accessories,COD,1,910.0
906326,246,25,2025-03-05,2025-03-11,Pune,Home & Kitchen,COD,1,3150.0
906327,68,36,2025-01-17,2025-01-22,Bangalore,Beauty & Personal Care,COD,1,1130.0
906328,202,15,2025-03-04,2025-03-09,Mumbai,Footwear,COD,2,7480.0
906329,355,27,2025-03-25,2025-03-29,Delhi NCR,Home & Kitchen,COD,1,1080.0
906330,321,19,2025-03-25,2025-03-30,Chennai,Electronics,COD,1,10800.0
906331,260,26,2025-03-02,2025-03-05,Pune,Home & Kitchen,COD,1,2250.0
906332,248,45,2024-09-16,2024-09-20,Hyderabad,Accessories,Prepaid,1,1290.0
906333,136,1,2025-02-20,2025-02-25,Bangalore,Fashion & Apparel,Prepaid,2,2220.0
906334,269,12,2025-02-07,2025-02-11,Pune,Footwear,Prepaid,1,2600.0
906335,309,23,2024-05-15,2024-05-18,Mumbai,Electronics,Prepaid,1,12780.0
906336,338,26,2024-07-11,2024-07-16,Bangalore,Home & Kitchen,COD,1,2250.0
906337,25,17,2024-06-22,2024-06-24,Mumbai,Electronics,COD,1,13790.0
906338,346,34,2025-03-02,2025-03-06,Bangalore,Beauty & Personal Care,COD,1,410.0
906339,600,19,2025-02-14,2025-02-17,Mumbai,Electronics,Prepaid,1,10800.0
906340,126,46,2024-10-19,2024-10-23,Mumbai,Accessories,COD,1,1320.0
906341,260,5,2024-04-11,2024-04-15,Pune,Fashion & Apparel,Prepaid,1,1960.0
906342,308,48,2024-12-03,2024-12-06,Kochi,Accessories,COD,1,1560.0
906343,339,16,2024-05-27,2024-05-29,Delhi NCR,Footwear,COD,1,3900.0
906344,520,7,2024-12-05,2024-12-11,Bangalore,Fashion & Apparel,Prepaid,1,2150.0
906345,363,1,2024-05-18,2024-05-20,Hyderabad,Fashion & Apparel,Prepaid,2,2220.0
906346,103,43,2024-10-08,2024-10-10,Bangalore,Accessories,Prepaid,1,910.0
906347,304,25,2025-02-25,2025-03-02,Pune,Home & Kitchen,Prepaid,1,3150.0
906348,510,37,2024-11-19,2024-11-25,Pune,Beauty & Personal Care,COD,1,810.0
906349,226,43,2024-04-10,2024-04-13,Bangalore,Accessories,COD,1,910.0
906350,412,16,2024-12-04,2024-12-08,Bangalore,Footwear,Prepaid,1,3900.0
906351,232,48,2024-11-12,2024-11-15,Bangalore,Accessories,COD,2,3120.0
906352,144,48,2024-06-09,2024-06-11,Kochi,Accessories,Prepaid,1,1560.0
906353,478,22,2024-10-07,2024-10-09,Mumbai,Electronics,Prepaid,1,13330.0
906354,11,12,2025-02-12,2025-02-15,Hyderabad,Footwear,COD,1,2600.0
906355,283,14,2025-02-28,2025-03-03,Mumbai,Footwear,Prepaid,2,4740.0
906356,477,42,2024-12-01,2024-12-04,Pune,Accessories,COD,1,810.0
906357,471,12,2024-04-11,2024-04-15,Hyderabad,Footwear,Prepaid,2,5200.0
906358,246,8,2024-05-06,2024-05-09,Pune,Fashion & Apparel,Prepaid,1,1870.0
906359,352,15,2024-10-25,2024-10-27,Delhi NCR,Footwear,Prepaid,1,3740.0
906360,109,6,2024-11-02,2024-11-04,Mumbai,Fashion & Apparel,Prepaid,1,1510.0
906361,573,9,2025-01-18,2025-01-23,Mumbai,Footwear,COD,1,3370.0
906362,452,22,2024-04-23,2024-04-26,Bangalore,Electronics,COD,1,13330.0
906363,379,10,2025-02-01,2025-02-05,Bangalore,Footwear,Prepaid,1,3700.0
906364,350,6,2024-12-10,2024-12-14,Hyderabad,Fashion & Apparel,COD,1,1510.0
906365,87,33,2024-06-05,2024-06-11,Pune,Beauty & Personal Care,Prepaid,1,740.0
906366,97,45,2024-06-07,2024-06-09,Mumbai,Accessories,Prepaid,2,2580.0
906367,355,46,2025-03-27,2025-04-02,Delhi NCR,Accessories,Prepaid,2,2640.0
906368,548,7,2024-10-08,2024-10-11,Delhi NCR,Fashion & Apparel,COD,1,2150.0
906369,533,44,2024-08-01,2024-08-03,Delhi NCR,Accessories,COD,2,2260.0
906370,31,28,2024-04-02,2024-04-06,Mumbai,Home & Kitchen,Prepaid,1,3170.0
906371,388,20,2024-11-10,2024-11-13,Mumbai,Electronics,Prepaid,1,12810.0
906372,497,22,2024-05-28,2024-05-31,Mumbai,Electronics,COD,2,26660.0
906373,461,33,2025-02-01,2025-02-04,Chennai,Beauty & Personal Care,Prepaid,1,740.0
906374,274,26,2025-01-28,2025-01-30,Mumbai,Home & Kitchen,Prepaid,1,2250.0
906375,282,47,2025-01-27,2025-02-02,Hyderabad,Accessories,COD,1,890.0
906376,571,33,2024-10-13,2024-10-15,Delhi NCR,Beauty & Personal Care,COD,1,740.0
906377,69,47,2024-08-01,2024-08-04,Bangalore,Accessories,Prepaid,1,890.0
906378,247,28,2024-09-02,2024-09-04,Delhi NCR,Home & Kitchen,COD,2,6340.0
906379,579,10,2024-12-01,2024-12-03,Hyderabad,Footwear,COD,1,3700.0
906380,260,46,2025-02-21,2025-02-23,Pune,Accessories,COD,1,1320.0
906381,337,33,2024-08-20,2024-08-22,Bangalore,Beauty & Personal Care,Prepaid,1,740.0
906382,68,5,2024-11-13,2024-11-18,Bangalore,Fashion & Apparel,COD,1,1960.0
906383,143,19,2024-08-18,2024-08-24,Bangalore,Electronics,Prepaid,2,21600.0
906384,289,44,2024-06-27,2024-07-01,Delhi NCR,Accessories,COD,1,1130.0
906385,173,36,2024-09-09,2024-09-12,Mumbai,Beauty & Personal Care,COD,2,2260.0
906386,331,46,2025-03-20,2025-03-26,Bangalore,Accessories,COD,3,3960.0
906387,550,33,2024-04-11,2024-04-16,Mumbai,Beauty & Personal Care,Prepaid,1,740.0
906388,548,48,2024-10-10,2024-10-14,Delhi NCR,Accessories,COD,1,1560.0
906389,268,10,2024-04-09,2024-04-15,Delhi NCR,Footwear,Prepaid,2,7400.0
906390,47,43,2024-04-23,2024-04-27,Kochi,Accessories,Prepaid,1,910.0
906391,463,40,2025-03-22,2025-03-27,Kochi,Beauty & Personal Care,Prepaid,1,540.0
906392,163,39,2024-12-21,2024-12-23,Mumbai,Beauty & Personal Care,Prepaid,1,780.0
906393,102,17,2024-10-21,2024-10-23,Delhi NCR,Electronics,COD,2,27580.0
906394,90,20,2024-12-08,2024-12-10,Pune,Electronics,Prepaid,1,12810.0
906395,116,18,2025-02-07,2025-02-12,Mumbai,Electronics,COD,1,13140.0
906396,413,19,2024-09-23,2024-09-27,Delhi NCR,Electronics,Prepaid,1,10800.0
906397,528,24,2025-01-17,2025-01-23,Bangalore,Electronics,Prepaid,1,11450.0
906398,76,3,2024-06-12,2024-06-15,Chennai,Fashion & Apparel,Prepaid,1,1770.0
906399,233,13,2024-12-10,2024-12-14,Chennai,Footwear,COD,1,3000.0
906400,185,43,2024-05-30,2024-06-05,Bangalore,Accessories,Prepaid,1,910.0
906401,431,7,2024-06-23,2024-06-29,Pune,Fashion & Apparel,Prepaid,1,2150.0
906402,371,4,2024-05-07,2024-05-11,Bangalore,Fashion & Apparel,Prepaid,2,1940.0
906403,258,26,2024-11-03,2024-11-08,Delhi NCR,Home & Kitchen,COD,1,2250.0
906404,227,33,2024-04-10,2024-04-14,Bangalore,Beauty & Personal Care,Prepaid,2,1480.0
906405,255,41,2025-01-21,2025-01-25,Kochi,Accessories,COD,1,1390.0
906406,465,38,2024-09-18,2024-09-23,Bangalore,Beauty & Personal Care,COD,1,510.0
906407,163,35,2025-02-05,2025-02-10,Mumbai,Beauty & Personal Care,COD,3,1770.0
906408,376,29,2024-05-14,2024-05-20,Hyderabad,Home & Kitchen,COD,1,2450.0
906409,14,41,2025-02-24,2025-02-26,Mumbai,Accessories,COD,1,1390.0
906410,360,28,2024-08-24,2024-08-28,Delhi NCR,Home & Kitchen,COD,1,3170.0
906411,517,47,2025-01-19,2025-01-25,Chennai,Accessories,COD,1,890.0
906412,575,39,2024-06-06,2024-06-10,Mumbai,Beauty & Personal Care,COD,1,780.0
906413,405,28,2025-01-30,2025-02-04,Pune,Home & Kitchen,COD,2,6340.0
906414,525,4,2024-12-14,2024-12-19,Pune,Fashion & Apparel,Prepaid,1,970.0
906415,529,17,2025-03-26,2025-03-29,Pune,Electronics,COD,2,27580.0
906416,342,2,2024-06-03,2024-06-05,Hyderabad,Fashion & Apparel,Prepaid,1,1190.0
906417,300,11,2024-11-29,2024-12-04,Mumbai,Footwear,COD,1,2560.0
906418,378,13,2024-11-05,2024-11-08,Kochi,Footwear,Prepaid,1,3000.0
906419,130,35,2024-05-29,2024-06-03,Hyderabad,Beauty & Personal Care,COD,1,590.0
906420,387,43,2024-06-06,2024-06-09,Delhi NCR,Accessories,COD,1,910.0
906421,589,37,2024-08-06,2024-08-12,Bangalore,Beauty & Personal Care,Prepaid,1,810.0
906422,437,8,2024-07-03,2024-07-09,Bangalore,Fashion & Apparel,Prepaid,1,1870.0
906423,69,44,2025-03-01,2025-03-06,Bangalore,Accessories,Prepaid,1,1130.0
906424,29,20,2024-10-11,2024-10-14,Mumbai,Electronics,COD,3,38430.0
906425,512,8,2025-03-13,2025-03-18,Kochi,Fashion & Apparel,COD,1,1870.0
906426,184,8,2025-03-30,2025-04-03,Mumbai,Fashion & Apparel,Prepaid,1,1870.0
906427,224,13,2024-08-29,2024-09-01,Kochi,Footwear,Prepaid,1,3000.0
906428,46,40,2024-09-17,2024-09-21,Bangalore,Beauty & Personal Care,COD,2,1080.0
906429,237,16,2024-10-24,2024-10-27,Hyderabad,Footwear,COD,2,7800.0
906430,41,38,2024-04-14,2024-04-17,Mumbai,Beauty & Personal Care,Prepaid,1,510.0
906431,74,37,2025-01-19,2025-01-22,Hyderabad,Beauty & Personal Care,Prepaid,1,810.0
906432,262,15,2024-12-28,2025-01-03,Hyderabad,Footwear,COD,1,3740.0
906433,112,41,2024-11-08,2024-11-11,Kochi,Accessories,COD,1,1390.0
906434,112,35,2024-11-12,2024-11-14,Kochi,Beauty & Personal Care,Prepaid,2,1180.0
906435,501,21,2024-12-31,2025-01-05,Kochi,Electronics,Prepaid,1,9950.0
906436,277,6,2024-12-13,2024-12-16,Bangalore,Fashion & Apparel,Prepaid,1,1510.0
906437,56,48,2024-10-07,2024-10-12,Pune,Accessories,Prepaid,1,1560.0
906438,502,12,2024-04-30,2024-05-02,Mumbai,Footwear,Prepaid,1,2600.0
906439,295,34,2025-02-14,2025-02-17,Delhi NCR,Beauty & Personal Care,Prepaid,1,410.0
906440,298,6,2024-09-22,2024-09-25,Mumbai,Fashion & Apparel,COD,1,1510.0
906441,141,1,2025-03-22,2025-03-26,Bangalore,Fashion & Apparel,COD,1,1110.0
906442,139,34,2025-03-26,2025-04-01,Delhi NCR,Beauty & Personal Care,Prepaid,1,410.0
906443,84,31,2024-11-09,2024-11-15,Kochi,Home & Kitchen,Prepaid,1,1740.0
906444,37,22,2024-04-23,2024-04-29,Kochi,Electronics,COD,1,13330.0
906445,55,48,2024-04-23,2024-04-25,Delhi NCR,Accessories,COD,1,1560.0
906446,249,46,2024-08-19,2024-08-25,Pune,Accessories,COD,1,1320.0
906447,227,19,2025-01-21,2025-01-26,Bangalore,Electronics,Prepaid,1,10800.0
906448,95,16,2024-12-28,2024-12-30,Mumbai,Footwear,COD,1,3900.0
906449,343,47,2025-03-22,2025-03-26,Chennai,Accessories,Prepaid,1,890.0
906450,43,21,2024-06-29,2024-07-05,Chennai,Electronics,Prepaid,2,19900.0
906451,394,45,2024-08-18,2024-08-22,Delhi NCR,Accessories,Prepaid,1,1290.0
906452,200,40,2024-05-21,2024-05-24,Delhi NCR,Beauty & Personal Care,COD,1,540.0
906453,560,45,2024-12-16,2024-12-21,Kochi,Accessories,COD,1,1290.0
906454,348,28,2024-09-11,2024-09-14,Kochi,Home & Kitchen,Prepaid,1,3170.0
906455,27,12,2024-07-12,2024-07-17,Bangalore,Footwear,Prepaid,2,5200.0
906456,491,21,2024-11-17,2024-11-23,Delhi NCR,Electronics,COD,1,9950.0
906457,196,27,2024-11-03,2024-11-06,Mumbai,Home & Kitchen,COD,2,2160.0
906458,236,5,2024-04-18,2024-04-20,Mumbai,Fashion & Apparel,Prepaid,1,1960.0
906459,314,2,2025-03-21,2025-03-27,Kochi,Fashion & Apparel,Prepaid,3,3570.0
906460,169,24,2024-04-29,2024-05-01,Hyderabad,Electronics,Prepaid,1,11450.0
906461,184,20,2024-07-02,2024-07-04,Mumbai,Electronics,COD,1,12810.0
906462,207,33,2024-07-16,2024-07-18,Kochi,Beauty & Personal Care,Prepaid,2,1480.0
906463,565,30,2024-12-28,2024-12-31,Pune,Home & Kitchen,COD,1,2550.0
906464,483,17,2024-06-07,2024-06-10,Bangalore,Electronics,Prepaid,1,13790.0
906465,394,2,2024-07-14,2024-07-18,Delhi NCR,Fashion & Apparel,Prepaid,2,2380.0
906466,119,35,2024-08-26,2024-09-01,Delhi NCR,Beauty & Personal Care,COD,1,590.0
906467,236,7,2024-10-12,2024-10-15,Mumbai,Fashion & Apparel,Prepaid,1,2150.0
906468,283,29,2024-04-04,2024-04-10,Mumbai,Home & Kitchen,COD,1,2450.0
906469,97,18,2024-08-03,2024-08-06,Mumbai,Electronics,COD,1,13140.0
906470,358,12,2024-09-27,2024-10-02,Pune,Footwear,Prepaid,2,5200.0
906471,156,32,2024-05-18,2024-05-24,Bangalore,Home & Kitchen,COD,1,1990.0
906472,340,31,2024-09-03,2024-09-07,Delhi NCR,Home & Kitchen,Prepaid,1,1740.0
906473,129,37,2025-02-17,2025-02-21,Bangalore,Beauty & Personal Care,Prepaid,1,810.0
906474,227,20,2024-08-21,2024-08-23,Bangalore,Electronics,Prepaid,1,12810.0
906475,158,34,2025-02-23,2025-03-01,Mumbai,Beauty & Personal Care,Prepaid,1,410.0
906476,115,19,2024-08-17,2024-08-20,Kochi,Electronics,Prepaid,1,10800.0
906477,369,20,2024-09-21,2024-09-26,Delhi NCR,Electronics,Prepaid,1,12810.0
906478,1,6,2024-11-24,2024-11-28,Delhi NCR,Fashion & Apparel,Prepaid,2,3020.0
906479,539,2,2024-11-03,2024-11-08,Mumbai,Fashion & Apparel,Prepaid,1,1190.0
906480,252,16,2025-01-01,2025-01-03,Kochi,Footwear,Prepaid,1,3900.0
906481,557,31,2024-08-30,2024-09-01,Mumbai,Home & Kitchen,COD,2,3480.0
906482,400,12,2024-08-07,2024-08-13,Chennai,Footwear,Prepaid,2,5200.0
906483,440,35,2025-01-30,2025-02-03,Kochi,Beauty & Personal Care,Prepaid,1,590.0
906484,75,39,2024-09-06,2024-09-09,Hyderabad,Beauty & Personal Care,Prepaid,1,780.0
906485,335,15,2025-02-09,2025-02-14,Bangalore,Footwear,Prepaid,2,7480.0
906486,156,5,2024-07-03,2024-07-06,Bangalore,Fashion & Apparel,Prepaid,1,1960.0
906487,187,40,2024-07-11,2024-07-14,Chennai,Beauty & Personal Care,Prepaid,1,540.0
906488,91,31,2024-11-13,2024-11-18,Bangalore,Home & Kitchen,Prepaid,1,1740.0
906489,454,13,2024-12-16,2024-12-21,Mumbai,Footwear,Prepaid,1,3000.0
906490,437,13,2024-12-08,2024-12-13,Bangalore,Footwear,Prepaid,1,3000.0
906491,181,14,2024-12-31,2025-01-03,Kochi,Footwear,Prepaid,2,4740.0
906492,266,12,2024-11-11,2024-11-13,Delhi NCR,Footwear,COD,2,5200.0
906493,480,34,2025-03-20,2025-03-23,Mumbai,Beauty & Personal Care,Prepaid,1,410.0
906494,529,18,2025-02-08,2025-02-14,Pune,Electronics,Prepaid,3,39420.0
906495,75,38,2024-11-06,2024-11-09,Hyderabad,Beauty & Personal Care,Prepaid,1,510.0
906496,361,25,2025-03-20,2025-03-22,Chennai,Home & Kitchen,COD,1,3150.0
906497,12,35,2024-04-17,2024-04-20,Pune,Beauty & Personal Care,COD,1,590.0
906498,472,27,2024-11-07,2024-11-10,Bangalore,Home & Kitchen,COD,1,1080.0
906499,353,25,2025-02-21,2025-02-25,Bangalore,Home & Kitchen,Prepaid,1,3150.0
906500,200,44,2024-10-23,2024-10-28,Delhi NCR,Accessories,COD,1,1130.0
906501,590,8,2025-03-02,2025-03-06,Mumbai,Fashion & Apparel,Prepaid,2,3740.0
906502,120,33,2025-02-07,2025-02-11,Pune,Beauty & Personal Care,COD,1,740.0
906503,74,37,2025-02-02,2025-02-05,Hyderabad,Beauty & Personal Care,Prepaid,2,1620.0
906504,235,16,2025-01-20,2025-01-25,Hyderabad,Footwear,Prepaid,2,7800.0
906505,357,36,2024-05-28,2024-05-30,Mumbai,Beauty & Personal Care,COD,2,2260.0
906506,332,44,2024-05-30,2024-06-05,Mumbai,Accessories,COD,1,1130.0
906507,264,4,2024-06-28,2024-07-02,Mumbai,Fashion & Apparel,Prepaid,1,970.0
906508,397,35,2024-09-15,2024-09-21,Bangalore,Beauty & Personal Care,Prepaid,3,1770.0
906509,532,11,2024-09-27,2024-10-01,Pune,Footwear,COD,1,2560.0
906510,543,29,2025-01-03,2025-01-07,Chennai,Home & Kitchen,COD,1,2450.0
906511,96,39,2024-08-04,2024-08-10,Mumbai,Beauty & Personal Care,Prepaid,2,1560.0
906512,210,34,2024-11-18,2024-11-22,Chennai,Beauty & Personal Care,Prepaid,2,820.0
906513,10,8,2025-02-21,2025-02-27,Pune,Fashion & Apparel,Prepaid,1,1870.0
906514,207,12,2024-12-27,2024-12-30,Kochi,Footwear,COD,1,2600.0
906515,272,8,2024-12-09,2024-12-12,Delhi NCR,Fashion & Apparel,COD,1,1870.0
906516,367,5,2024-12-12,2024-12-18,Mumbai,Fashion & Apparel,Prepaid,1,1960.0
906517,584,37,2024-12-18,2024-12-20,Delhi NCR,Beauty & Personal Care,Prepaid,1,810.0
906518,546,46,2024-06-03,2024-06-06,Bangalore,Accessories,Prepaid,2,2640.0
906519,53,30,2024-08-25,2024-08-28,Kochi,Home & Kitchen,Prepaid,1,2550.0
906520,126,44,2024-04-15,2024-04-20,Mumbai,Accessories,COD,2,2260.0
906521,77,27,2024-06-11,2024-06-16,Delhi NCR,Home & Kitchen,Prepaid,1,1080.0
906522,476,43,2024-10-23,2024-10-27,Mumbai,Accessories,Prepaid,1,910.0
906523,421,1,2024-04-09,2024-04-13,Mumbai,Fashion & Apparel,COD,1,1110.0
906524,238,39,2024-08-21,2024-08-27,Delhi NCR,Beauty & Personal Care,Prepaid,2,1560.0
906525,295,48,2024-06-22,2024-06-26,Delhi NCR,Accessories,Prepaid,3,4680.0
906526,529,7,2024-06-15,2024-06-20,Pune,Fashion & Apparel,Prepaid,1,2150.0
906527,463,11,2024-04-09,2024-04-11,Kochi,Footwear,Prepaid,2,5120.0
906528,201,37,2024-11-26,2024-12-02,Hyderabad,Beauty & Personal Care,Prepaid,1,810.0
906529,580,12,2024-10-13,2024-10-19,Delhi NCR,Footwear,COD,1,2600.0
906530,596,41,2024-05-23,2024-05-27,Mumbai,Accessories,Prepaid,1,1390.0
906531,591,17,2024-04-12,2024-04-18,Hyderabad,Electronics,Prepaid,1,13790.0
906532,289,18,2024-12-28,2025-01-03,Delhi NCR,Electronics,COD,2,26280.0
906533,205,25,2024-10-11,2024-10-17,Chennai,Home & Kitchen,Prepaid,2,6300.0
906534,425,1,2025-02-18,2025-02-21,Hyderabad,Fashion & Apparel,Prepaid,1,1110.0
906535,286,37,2025-02-02,2025-02-07,Mumbai,Beauty & Personal Care,COD,2,1620.0
906536,156,4,2025-01-26,2025-01-30,Bangalore,Fashion & Apparel,Prepaid,1,970.0
906537,407,15,2024-05-25,2024-05-28,Mumbai,Footwear,Prepaid,1,3740.0
906538,35,21,2025-02-22,2025-02-26,Delhi NCR,Electronics,COD,2,19900.0
906539,298,19,2024-05-07,2024-05-09,Mumbai,Electronics,COD,1,10800.0
906540,383,31,2024-05-14,2024-05-17,Mumbai,Home & Kitchen,Prepaid,1,1740.0
906541,17,11,2024-12-09,2024-12-13,Kochi,Footwear,COD,1,2560.0
906542,560,44,2024-07-27,2024-08-01,Kochi,Accessories,COD,1,1130.0
906543,194,44,2024-04-18,2024-04-24,Delhi NCR,Accessories,COD,2,2260.0
906544,256,31,2024-10-10,2024-10-15,Bangalore,Home & Kitchen,COD,1,1740.0
906545,317,32,2025-01-24,2025-01-30,Mumbai,Home & Kitchen,COD,1,1990.0
906546,66,35,2024-11-25,2024-11-28,Delhi NCR,Beauty & Personal Care,COD,1,590.0
906547,341,13,2024-07-12,2024-07-16,Hyderabad,Footwear,Prepaid,1,3000.0
906548,18,32,2024-07-26,2024-07-29,Hyderabad,Home & Kitchen,Prepaid,1,1990.0
906549,594,3,2024-07-03,2024-07-05,Hyderabad,Fashion & Apparel,Prepaid,1,1770.0
906550,112,4,2024-09-25,2024-10-01,Kochi,Fashion & Apparel,Prepaid,1,970.0
906551,544,17,2024-05-27,2024-06-02,Bangalore,Electronics,Prepaid,1,13790.0
906552,462,46,2024-06-01,2024-06-06,Hyderabad,Accessories,Prepaid,1,1320.0
906553,143,14,2024-08-27,2024-08-30,Bangalore,Footwear,Prepaid,1,2370.0
906554,38,32,2025-02-21,2025-02-23,Bangalore,Home & Kitchen,Prepaid,2,3980.0
906555,269,6,2025-01-20,2025-01-22,Pune,Fashion & Apparel,COD,1,1510.0
906556,242,33,2024-09-28,2024-10-01,Kochi,Beauty & Personal Care,Prepaid,1,740.0
906557,271,36,2025-03-30,2025-04-04,Chennai,Beauty & Personal Care,Prepaid,1,1130.0
906558,502,22,2024-09-08,2024-09-12,Mumbai,Electronics,Prepaid,1,13330.0
906559,205,18,2024-11-22,2024-11-27,Chennai,Electronics,Prepaid,1,13140.0
906560,365,36,2025-01-02,2025-01-08,Delhi NCR,Beauty & Personal Care,COD,1,1130.0
906561,41,33,2024-11-26,2024-12-02,Mumbai,Beauty & Personal Care,Prepaid,1,740.0
906562,579,30,2024-06-12,2024-06-14,Hyderabad,Home & Kitchen,Prepaid,1,2550.0
906563,198,23,2024-12-16,2024-12-19,Delhi NCR,Electronics,Prepaid,1,12780.0
906564,552,30,2024-08-17,2024-08-22,Chennai,Home & Kitchen,COD,1,2550.0
906565,142,46,2025-02-06,2025-02-08,Chennai,Accessories,Prepaid,1,1320.0
906566,63,8,2024-08-28,2024-09-02,Mumbai,Fashion & Apparel,COD,1,1870.0
906567,215,32,2024-12-15,2024-12-20,Hyderabad,Home & Kitchen,Prepaid,2,3980.0
906568,207,15,2025-03-13,2025-03-19,Kochi,Footwear,Prepaid,2,7480.0
906569,352,43,2025-02-27,2025-03-02,Delhi NCR,Accessories,Prepaid,1,910.0
906570,71,48,2025-03-15,2025-03-20,Chennai,Accessories,Prepaid,2,3120.0
906571,215,45,2024-12-30,2025-01-04,Hyderabad,Accessories,Prepaid,1,1290.0
906572,379,46,2024-09-25,2024-09-29,Bangalore,Accessories,Prepaid,1,1320.0
906573,292,15,2024-12-29,2025-01-01,Mumbai,Footwear,COD,1,3740.0
906574,400,25,2024-07-03,2024-07-08,Chennai,Home & Kitchen,Prepaid,1,3150.0
906575,328,30,2024-10-18,2024-10-23,Delhi NCR,Home & Kitchen,COD,1,2550.0
906576,453,17,2024-04-01,2024-04-05,Mumbai,Electronics,Prepaid,1,13790.0
906577,287,30,2024-09-07,2024-09-13,Pune,Home & Kitchen,Prepaid,1,2550.0
906578,370,39,2025-03-04,2025-03-08,Pune,Beauty & Personal Care,COD,2,1560.0
906579,190,26,2024-11-28,2024-12-03,Delhi NCR,Home & Kitchen,COD,2,4500.0
906580,370,24,2024-11-24,2024-11-28,Pune,Electronics,COD,1,11450.0
906581,520,7,2024-05-11,2024-05-15,Bangalore,Fashion & Apparel,Prepaid,2,4300.0
906582,296,24,2024-05-28,2024-05-30,Bangalore,Electronics,COD,1,11450.0
906583,211,21,2024-11-04,2024-11-10,Bangalore,Electronics,Prepaid,1,9950.0
906584,436,5,2024-11-07,2024-11-09,Mumbai,Fashion & Apparel,Prepaid,1,1960.0
906585,30,44,2024-11-21,2024-11-23,Pune,Accessories,COD,1,1130.0
906586,77,7,2025-02-09,2025-02-15,Delhi NCR,Fashion & Apparel,Prepaid,1,2150.0
906587,131,47,2024-11-19,2024-11-22,Bangalore,Accessories,Prepaid,1,890.0
906588,453,33,2024-12-12,2024-12-17,Mumbai,Beauty & Personal Care,COD,1,740.0
906589,146,28,2024-12-13,2024-12-17,Hyderabad,Home & Kitchen,COD,1,3170.0
906590,510,4,2024-12-04,2024-12-06,Pune,Fashion & Apparel,COD,2,1940.0
906591,8,37,2024-05-28,2024-06-03,Delhi NCR,Beauty & Personal Care,Prepaid,3,2430.0
906592,145,23,2024-06-05,2024-06-11,Bangalore,Electronics,COD,1,12780.0
906593,226,1,2025-03-14,2025-03-20,Bangalore,Fashion & Apparel,Prepaid,1,1110.0
906594,329,47,2024-10-05,2024-10-07,Hyderabad,Accessories,COD,1,890.0
906595,323,6,2024-05-30,2024-06-05,Chennai,Fashion & Apparel,Prepaid,1,1510.0
906596,234,47,2025-02-06,2025-02-09,Bangalore,Accessories,COD,1,890.0
906597,582,27,2024-05-11,2024-05-13,Hyderabad,Home & Kitchen,Prepaid,1,1080.0
906598,273,11,2025-01-15,2025-01-19,Hyderabad,Footwear,Prepaid,1,2560.0
906599,133,10,2025-01-29,2025-02-01,Kochi,Footwear,Prepaid,1,3700.0
906600,123,44,2024-09-22,2024-09-27,Pune,Accessories,COD,1,1130.0
906601,389,31,2024-06-20,2024-06-23,Bangalore,Home & Kitchen,COD,1,1740.0
906602,178,14,2024-06-16,2024-06-20,Chennai,Footwear,COD,2,4740.0
906603,452,44,2024-08-25,2024-08-31,Bangalore,Accessories,COD,2,2260.0
906604,154,25,2025-01-26,2025-01-29,Chennai,Home & Kitchen,Prepaid,1,3150.0
906605,516,11,2025-01-14,2025-01-16,Mumbai,Footwear,COD,1,2560.0
906606,586,35,2024-10-21,2024-10-25,Bangalore,Beauty & Personal Care,Prepaid,1,590.0
906607,409,19,2024-07-15,2024-07-19,Mumbai,Electronics,Prepaid,1,10800.0
906608,166,38,2024-11-04,2024-11-09,Bangalore,Beauty & Personal Care,Prepaid,1,510.0
906609,461,10,2024-08-12,2024-08-17,Chennai,Footwear,Prepaid,1,3700.0
906610,90,22,2024-11-09,2024-11-15,Pune,Electronics,Prepaid,2,26660.0
906611,177,27,2024-08-26,2024-08-28,Delhi NCR,Home & Kitchen,Prepaid,2,2160.0
906612,430,21,2025-01-15,2025-01-18,Chennai,Electronics,Prepaid,1,9950.0
906613,337,48,2024-08-01,2024-08-04,Bangalore,Accessories,Prepaid,1,1560.0
906614,366,31,2025-01-28,2025-02-01,Delhi NCR,Home & Kitchen,COD,2,3480.0
906615,503,36,2024-12-22,2024-12-28,Chennai,Beauty & Personal Care,COD,1,1130.0
906616,237,5,2025-03-11,2025-03-13,Hyderabad,Fashion & Apparel,COD,1,1960.0
906617,173,36,2024-08-05,2024-08-09,Mumbai,Beauty & Personal Care,COD,2,2260.0
906618,36,10,2024-08-29,2024-09-04,Pune,Footwear,Prepaid,1,3700.0
906619,525,18,2025-02-18,2025-02-21,Pune,Electronics,COD,1,13140.0
906620,272,8,2024-08-17,2024-08-19,Delhi NCR,Fashion & Apparel,Prepaid,1,1870.0
906621,111,48,2025-02-21,2025-02-27,Bangalore,Accessories,COD,2,3120.0
906622,531,25,2025-01-02,2025-01-06,Kochi,Home & Kitchen,Prepaid,1,3150.0
906623,203,22,2025-02-01,2025-02-07,Hyderabad,Electronics,Prepaid,1,13330.0
906624,225,43,2024-06-06,2024-06-10,Bangalore,Accessories,Prepaid,1,910.0
906625,156,9,2024-04-05,2024-04-08,Bangalore,Footwear,COD,1,3370.0
906626,145,42,2024-12-15,2024-12-21,Bangalore,Accessories,Prepaid,1,810.0
906627,447,33,2024-04-30,2024-05-02,Bangalore,Beauty & Personal Care,COD,1,740.0
906628,286,26,2024-05-09,2024-05-15,Mumbai,Home & Kitchen,Prepaid,1,2250.0
906629,523,13,2024-09-24,2024-09-27,Bangalore,Footwear,COD,2,6000.0
906630,551,48,2024-09-19,2024-09-22,Hyderabad,Accessories,Prepaid,2,3120.0
906631,143,31,2024-04-08,2024-04-14,Bangalore,Home & Kitchen,COD,2,3480.0
906632,535,21,2024-04-19,2024-04-23,Bangalore,Electronics,Prepaid,1,9950.0
906633,485,27,2024-09-20,2024-09-22,Hyderabad,Home & Kitchen,Prepaid,1,1080.0
906634,457,36,2025-03-11,2025-03-16,Pune,Beauty & Personal Care,COD,1,1130.0
906635,247,13,2025-03-19,2025-03-22,Delhi NCR,Footwear,COD,1,3000.0
906636,266,11,2024-04-17,2024-04-20,Delhi NCR,Footwear,Prepaid,1,2560.0
906637,550,19,2024-10-20,2024-10-23,Mumbai,Electronics,Prepaid,2,21600.0
906638,452,11,2024-11-17,2024-11-23,Bangalore,Footwear,COD,1,2560.0
906639,190,46,2024-09-30,2024-10-02,Delhi NCR,Accessories,COD,1,1320.0
906640,414,19,2025-02-02,2025-02-06,Delhi NCR,Electronics,COD,3,32400.0
906641,396,28,2024-05-28,2024-06-01,Delhi NCR,Home & Kitchen,COD,1,3170.0
906642,256,2,2025-02-06,2025-02-10,Bangalore,Fashion & Apparel,Prepaid,2,2380.0
906643,573,28,2025-02-08,2025-02-10,Mumbai,Home & Kitchen,Prepaid,1,3170.0
906644,385,32,2024-09-10,2024-09-15,Hyderabad,Home & Kitchen,COD,1,1990.0
906645,362,36,2024-09-25,2024-09-28,Hyderabad,Beauty & Personal Care,Prepaid,1,1130.0
906646,1,8,2025-01-22,2025-01-28,Delhi NCR,Fashion & Apparel,COD,1,1870.0
906647,572,9,2024-07-14,2024-07-20,Hyderabad,Footwear,COD,1,3370.0
906648,196,11,2024-11-16,2024-11-22,Mumbai,Footwear,COD,1,2560.0
906649,62,15,2024-10-07,2024-10-10,Pune,Footwear,Prepaid,1,3740.0
906650,102,12,2025-01-06,2025-01-08,Delhi NCR,Footwear,COD,1,2600.0
906651,389,22,2024-09-20,2024-09-23,Bangalore,Electronics,COD,1,13330.0
906652,341,15,2024-06-25,2024-07-01,Hyderabad,Footwear,Prepaid,1,3740.0
906653,440,46,2024-11-23,2024-11-26,Kochi,Accessories,Prepaid,2,2640.0
906654,208,22,2024-11-11,2024-11-15,Bangalore,Electronics,Prepaid,1,13330.0
906655,291,18,2025-03-23,2025-03-26,Hyderabad,Electronics,Prepaid,1,13140.0
906656,145,47,2024-04-12,2024-04-15,Bangalore,Accessories,COD,1,890.0
906657,122,41,2024-04-22,2024-04-27,Mumbai,Accessories,Prepaid,1,1390.0
906658,373,16,2024-12-27,2025-01-02,Mumbai,Footwear,Prepaid,2,7800.0
906659,467,1,2024-05-23,2024-05-25,Hyderabad,Fashion & Apparel,Prepaid,2,2220.0
906660,442,10,2024-07-04,2024-07-09,Kochi,Footwear,COD,1,3700.0
906661,238,34,2025-03-10,2025-03-13,Delhi NCR,Beauty & Personal Care,COD,2,820.0
906662,447,23,2024-04-27,2024-05-01,Bangalore,Electronics,Prepaid,1,12780.0
906663,290,8,2024-12-28,2025-01-03,Delhi NCR,Fashion & Apparel,COD,3,5610.0
906664,588,45,2024-11-01,2024-11-04,Mumbai,Accessories,Prepaid,1,1290.0
906665,54,31,2024-09-20,2024-09-26,Chennai,Home & Kitchen,Prepaid,1,1740.0
906666,117,17,2024-07-09,2024-07-11,Mumbai,Electronics,COD,1,13790.0
906667,141,12,2025-02-03,2025-02-07,Bangalore,Footwear,COD,1,2600.0
906668,445,19,2024-09-16,2024-09-22,Chennai,Electronics,COD,1,10800.0
906669,44,34,2025-02-17,2025-02-22,Chennai,Beauty & Personal Care,COD,1,410.0
906670,232,33,2025-02-11,2025-02-13,Bangalore,Beauty & Personal Care,Prepaid,1,740.0
906671,402,48,2025-02-26,2025-03-03,Chennai,Accessories,Prepaid,1,1560.0
906672,116,7,2025-01-01,2025-01-04,Mumbai,Fashion & Apparel,Prepaid,1,2150.0
906673,84,39,2024-05-29,2024-06-03,Kochi,Beauty & Personal Care,COD,1,780.0
906674,153,36,2024-10-22,2024-10-28,Bangalore,Beauty & Personal Care,COD,1,1130.0
906675,385,15,2024-10-07,2024-10-10,Hyderabad,Footwear,COD,1,3740.0
906676,498,13,2024-12-11,2024-12-15,Mumbai,Footwear,Prepaid,1,3000.0
906677,443,9,2024-11-14,2024-11-16,Hyderabad,Footwear,Prepaid,1,3370.0
906678,526,25,2024-06-18,2024-06-23,Bangalore,Home & Kitchen,Prepaid,1,3150.0
906679,5,13,2024-04-05,2024-04-07,Mumbai,Footwear,Prepaid,2,6000.0
906680,217,37,2024-08-30,2024-09-04,Mumbai,Beauty & Personal Care,Prepaid,1,810.0
906681,117,24,2024-08-13,2024-08-17,Mumbai,Electronics,Prepaid,1,11450.0
906682,555,38,2024-12-27,2025-01-01,Chennai,Beauty & Personal Care,Prepaid,1,510.0
906683,236,42,2025-03-17,2025-03-22,Mumbai,Accessories,Prepaid,1,810.0
906684,546,9,2024-06-02,2024-06-04,Bangalore,Footwear,Prepaid,1,3370.0
906685,527,16,2025-02-11,2025-02-13,Bangalore,Footwear,COD,3,11700.0
906686,583,38,2025-01-08,2025-01-10,Bangalore,Beauty & Personal Care,COD,1,510.0
906687,38,34,2024-05-05,2024-05-08,Bangalore,Beauty & Personal Care,COD,1,410.0
906688,41,8,2025-03-06,2025-03-11,Mumbai,Fashion & Apparel,COD,1,1870.0
906689,89,24,2025-01-10,2025-01-15,Delhi NCR,Electronics,Prepaid,1,11450.0
906690,109,34,2024-12-23,2024-12-27,Mumbai,Beauty & Personal Care,Prepaid,1,410.0
906691,165,42,2024-09-22,2024-09-27,Chennai,Accessories,Prepaid,1,810.0
906692,317,45,2024-05-17,2024-05-20,Mumbai,Accessories,Prepaid,1,1290.0
906693,334,22,2024-09-14,2024-09-19,Kochi,Electronics,Prepaid,1,13330.0
906694,222,7,2025-02-23,2025-03-01,Bangalore,Fashion & Apparel,COD,1,2150.0
906695,581,27,2024-06-11,2024-06-16,Bangalore,Home & Kitchen,COD,1,1080.0
906696,419,19,2025-03-30,2025-04-04,Delhi NCR,Electronics,Prepaid,1,10800.0
906697,497,10,2025-02-23,2025-02-25,Mumbai,Footwear,COD,1,3700.0
906698,499,26,2024-10-23,2024-10-25,Mumbai,Home & Kitchen,Prepaid,1,2250.0
906699,19,3,2024-09-22,2024-09-24,Kochi,Fashion & Apparel,COD,1,1770.0
906700,220,46,2024-09-10,2024-09-13,Chennai,Accessories,Prepaid,1,1320.0
906701,558,9,2024-12-04,2024-12-06,Kochi,Footwear,COD,1,3370.0
906702,537,8,2024-05-04,2024-05-10,Delhi NCR,Fashion & Apparel,Prepaid,1,1870.0
906703,380,33,2024-12-08,2024-12-12,Chennai,Beauty & Personal Care,Prepaid,1,740.0
906704,370,7,2024-08-07,2024-08-13,Pune,Fashion & Apparel,COD,2,4300.0
906705,268,7,2025-02-24,2025-02-28,Delhi NCR,Fashion & Apparel,Prepaid,1,2150.0
906706,366,46,2024-04-29,2024-05-02,Delhi NCR,Accessories,Prepaid,1,1320.0
906707,348,45,2024-04-14,2024-04-18,Kochi,Accessories,Prepaid,1,1290.0
906708,392,14,2024-10-31,2024-11-06,Bangalore,Footwear,COD,2,4740.0
906709,590,8,2025-03-27,2025-03-30,Mumbai,Fashion & Apparel,Prepaid,2,3740.0
906710,567,19,2024-04-01,2024-04-03,Mumbai,Electronics,COD,1,10800.0
906711,322,15,2024-07-19,2024-07-25,Bangalore,Footwear,COD,1,3740.0
906712,536,12,2024-04-04,2024-04-09,Chennai,Footwear,Prepaid,2,5200.0
906713,136,31,2025-02-01,2025-02-06,Bangalore,Home & Kitchen,COD,1,1740.0
906714,59,12,2025-02-23,2025-02-27,Delhi NCR,Footwear,COD,1,2600.0
906715,561,42,2024-07-05,2024-07-11,Pune,Accessories,Prepaid,1,810.0
906716,300,21,2024-08-19,2024-08-22,Mumbai,Electronics,Prepaid,1,9950.0
906717,309,25,2025-03-05,2025-03-08,Mumbai,Home & Kitchen,COD,2,6300.0
906718,338,48,2024-06-10,2024-06-16,Bangalore,Accessories,Prepaid,2,3120.0
906719,380,46,2024-07-25,2024-07-31,Chennai,Accessories,COD,3,3960.0
906720,102,28,2024-08-31,2024-09-02,Delhi NCR,Home & Kitchen,COD,1,3170.0
906721,562,26,2024-10-11,2024-10-15,Kochi,Home & Kitchen,Prepaid,1,2250.0
906722,224,16,2024-05-20,2024-05-22,Kochi,Footwear,COD,1,3900.0
906723,304,32,2024-04-06,2024-04-09,Pune,Home & Kitchen,Prepaid,1,1990.0
906724,203,28,2024-10-26,2024-10-29,Hyderabad,Home & Kitchen,Prepaid,1,3170.0
906725,338,6,2024-09-07,2024-09-10,Bangalore,Fashion & Apparel,Prepaid,2,3020.0
906726,19,6,2025-03-03,2025-03-05,Kochi,Fashion & Apparel,Prepaid,1,1510.0
906727,164,25,2024-07-23,2024-07-25,Chennai,Home & Kitchen,COD,1,3150.0
906728,184,5,2024-07-27,2024-07-30,Mumbai,Fashion & Apparel,COD,1,1960.0
906729,4,43,2025-03-19,2025-03-23,Chennai,Accessories,COD,2,1820.0
906730,38,42,2025-03-18,2025-03-21,Bangalore,Accessories,Prepaid,1,810.0
906731,550,21,2024-11-03,2024-11-05,Mumbai,Electronics,COD,1,9950.0
906732,326,38,2024-08-19,2024-08-22,Chennai,Beauty & Personal Care,COD,1,510.0
906733,501,1,2024-09-01,2024-09-03,Kochi,Fashion & Apparel,COD,1,1110.0
906734,386,36,2024-06-19,2024-06-24,Kochi,Beauty & Personal Care,Prepaid,1,1130.0
906735,440,19,2024-12-03,2024-12-09,Kochi,Electronics,Prepaid,1,10800.0
906736,587,11,2024-10-08,2024-10-14,Hyderabad,Footwear,COD,1,2560.0
906737,333,35,2024-11-03,2024-11-07,Hyderabad,Beauty & Personal Care,COD,1,590.0
906738,242,20,2025-02-10,2025-02-15,Kochi,Electronics,COD,1,12810.0
906739,478,28,2025-03-02,2025-03-08,Mumbai,Home & Kitchen,COD,1,3170.0
906740,201,31,2024-12-04,2024-12-06,Hyderabad,Home & Kitchen,Prepaid,1,1740.0
906741,319,3,2024-07-14,2024-07-19,Chennai,Fashion & Apparel,Prepaid,2,3540.0
906742,589,11,2024-10-12,2024-10-15,Bangalore,Footwear,COD,1,2560.0
906743,489,3,2024-04-09,2024-04-14,Delhi NCR,Fashion & Apparel,Prepaid,2,3540.0
906744,127,2,2024-06-29,2024-07-01,Hyderabad,Fashion & Apparel,Prepaid,2,2380.0
906745,213,19,2024-11-17,2024-11-23,Bangalore,Electronics,Prepaid,1,10800.0
906746,196,2,2024-12-12,2024-12-14,Mumbai,Fashion & Apparel,COD,1,1190.0
906747,34,22,2024-07-15,2024-07-17,Bangalore,Electronics,COD,1,13330.0
906748,373,5,2024-08-11,2024-08-14,Mumbai,Fashion & Apparel,COD,2,3920.0
906749,247,20,2024-08-06,2024-08-11,Delhi NCR,Electronics,Prepaid,1,12810.0
906750,336,16,2024-08-06,2024-08-12,Chennai,Footwear,COD,1,3900.0
906751,165,8,2025-02-02,2025-02-04,Chennai,Fashion & Apparel,Prepaid,1,1870.0
906752,536,46,2024-10-08,2024-10-12,Chennai,Accessories,COD,1,1320.0
906753,515,6,2024-11-23,2024-11-27,Bangalore,Fashion & Apparel,Prepaid,2,3020.0
906754,286,43,2024-12-25,2024-12-30,Mumbai,Accessories,Prepaid,1,910.0
906755,599,33,2024-11-14,2024-11-16,Delhi NCR,Beauty & Personal Care,Prepaid,1,740.0
906756,7,43,2025-02-18,2025-02-20,Mumbai,Accessories,Prepaid,1,910.0
906757,102,6,2024-08-22,2024-08-26,Delhi NCR,Fashion & Apparel,Prepaid,1,1510.0
906758,203,37,2024-04-18,2024-04-20,Hyderabad,Beauty & Personal Care,COD,1,810.0
906759,21,36,2024-06-04,2024-06-09,Mumbai,Beauty & Personal Care,Prepaid,1,1130.0
906760,181,11,2024-08-06,2024-08-11,Kochi,Footwear,COD,1,2560.0
906761,222,10,2024-10-11,2024-10-14,Bangalore,Footwear,Prepaid,1,3700.0
906762,278,45,2025-01-16,2025-01-22,Mumbai,Accessories,COD,1,1290.0
906763,93,22,2024-07-06,2024-07-08,Bangalore,Electronics,Prepaid,1,13330.0
906764,459,2,2025-02-16,2025-02-19,Hyderabad,Fashion & Apparel,COD,1,1190.0
906765,456,40,2024-12-29,2025-01-03,Bangalore,Beauty & Personal Care,COD,1,540.0
906766,530,14,2025-02-12,2025-02-17,Delhi NCR,Footwear,COD,1,2370.0
906767,265,43,2024-12-03,2024-12-05,Chennai,Accessories,Prepaid,1,910.0
906768,219,43,2024-08-19,2024-08-23,Hyderabad,Accessories,Prepaid,1,910.0
906769,316,33,2024-12-03,2024-12-08,Bangalore,Beauty & Personal Care,Prepaid,1,740.0
906770,274,30,2024-05-07,2024-05-13,Mumbai,Home & Kitchen,Prepaid,1,2550.0
906771,579,21,2025-01-02,2025-01-06,Hyderabad,Electronics,Prepaid,1,9950.0
906772,546,33,2024-05-09,2024-05-14,Bangalore,Beauty & Personal Care,COD,1,740.0
906773,150,11,2024-04-07,2024-04-13,Kochi,Footwear,Prepaid,1,2560.0
906774,100,27,2024-08-27,2024-09-02,Delhi NCR,Home & Kitchen,Prepaid,1,1080.0
906775,438,1,2024-06-13,2024-06-16,Hyderabad,Fashion & Apparel,Prepaid,1,1110.0
906776,237,45,2024-12-07,2024-12-09,Hyderabad,Accessories,Prepaid,1,1290.0
906777,347,43,2024-04-18,2024-04-24,Bangalore,Accessories,Prepaid,1,910.0
906778,59,36,2024-04-27,2024-04-30,Delhi NCR,Beauty & Personal Care,COD,1,1130.0
906779,586,43,2025-03-07,2025-03-12,Bangalore,Accessories,COD,1,910.0
906780,465,47,2024-09-20,2024-09-26,Bangalore,Accessories,Prepaid,2,1780.0
906781,72,36,2024-12-15,2024-12-19,Mumbai,Beauty & Personal Care,Prepaid,1,1130.0
906782,579,33,2025-03-18,2025-03-23,Hyderabad,Beauty & Personal Care,Prepaid,2,1480.0
906783,556,10,2025-01-15,2025-01-19,Pune,Footwear,Prepaid,1,3700.0
906784,415,5,2024-10-01,2024-10-05,Mumbai,Fashion & Apparel,Prepaid,1,1960.0
906785,44,5,2024-07-02,2024-07-05,Chennai,Fashion & Apparel,Prepaid,1,1960.0
906786,22,31,2025-02-22,2025-02-26,Chennai,Home & Kitchen,Prepaid,1,1740.0
906787,334,29,2024-08-27,2024-08-30,Kochi,Home & Kitchen,COD,1,2450.0
906788,588,4,2024-07-23,2024-07-26,Mumbai,Fashion & Apparel,Prepaid,1,970.0
906789,88,2,2024-10-13,2024-10-19,Chennai,Fashion & Apparel,Prepaid,3,3570.0
906790,63,42,2024-04-25,2024-04-27,Mumbai,Accessories,COD,1,810.0
906791,553,46,2025-01-13,2025-01-15,Hyderabad,Accessories,COD,1,1320.0
906792,353,14,2024-09-30,2024-10-05,Bangalore,Footwear,COD,1,2370.0
906793,576,9,2024-10-21,2024-10-24,Chennai,Footwear,Prepaid,1,3370.0
906794,294,17,2024-04-27,2024-05-02,Hyderabad,Electronics,Prepaid,2,27580.0
906795,341,46,2024-10-28,2024-10-30,Hyderabad,Accessories,Prepaid,1,1320.0
906796,212,46,2024-04-19,2024-04-22,Bangalore,Accessories,Prepaid,2,2640.0
906797,335,45,2024-10-19,2024-10-24,Bangalore,Accessories,Prepaid,1,1290.0
906798,472,8,2024-06-08,2024-06-12,Bangalore,Fashion & Apparel,Prepaid,1,1870.0
906799,326,3,2025-03-16,2025-03-22,Chennai,Fashion & Apparel,COD,1,1770.0
906800,283,23,2024-05-19,2024-05-24,Mumbai,Electronics,Prepaid,1,12780.0
906801,476,29,2024-06-15,2024-06-18,Mumbai,Home & Kitchen,COD,1,2450.0
906802,599,46,2024-09-06,2024-09-12,Delhi NCR,Accessories,COD,2,2640.0
906803,15,26,2024-04-12,2024-04-15,Bangalore,Home & Kitchen,COD,1,2250.0
906804,452,22,2024-12-25,2024-12-30,Bangalore,Electronics,COD,1,13330.0
906805,121,38,2025-01-01,2025-01-03,Bangalore,Beauty & Personal Care,COD,2,1020.0
906806,419,32,2024-04-12,2024-04-14,Delhi NCR,Home & Kitchen,Prepaid,1,1990.0
906807,495,11,2024-09-19,2024-09-22,Kochi,Footwear,COD,1,2560.0
906808,159,7,2024-09-10,2024-09-15,Bangalore,Fashion & Apparel,Prepaid,2,4300.0
906809,483,46,2024-04-13,2024-04-18,Bangalore,Accessories,COD,2,2640.0
906810,338,35,2024-09-02,2024-09-08,Bangalore,Beauty & Personal Care,Prepaid,1,590.0
906811,464,47,2025-01-15,2025-01-20,Bangalore,Accessories,Prepaid,1,890.0
906812,255,32,2024-12-30,2025-01-05,Kochi,Home & Kitchen,Prepaid,1,1990.0
906813,554,6,2024-07-19,2024-07-24,Bangalore,Fashion & Apparel,Prepaid,1,1510.0
906814,16,26,2024-08-19,2024-08-23,Delhi NCR,Home & Kitchen,Prepaid,1,2250.0
906815,330,17,2024-05-28,2024-05-31,Hyderabad,Electronics,COD,1,13790.0
906816,8,44,2025-02-28,2025-03-04,Delhi NCR,Accessories,Prepaid,2,2260.0
906817,76,24,2025-03-12,2025-03-17,Chennai,Electronics,Prepaid,1,11450.0
906818,507,16,2025-02-06,2025-02-12,Bangalore,Footwear,Prepaid,1,3900.0
906819,416,47,2024-05-14,2024-05-16,Hyderabad,Accessories,Prepaid,1,890.0
906820,194,7,2025-03-28,2025-04-01,Delhi NCR,Fashion & Apparel,Prepaid,1,2150.0
906821,308,20,2024-08-30,2024-09-01,Kochi,Electronics,Prepaid,1,12810.0
906822,150,9,2024-08-19,2024-08-22,Kochi,Footwear,Prepaid,1,3370.0
906823,91,25,2024-12-04,2024-12-08,Bangalore,Home & Kitchen,Prepaid,1,3150.0
906824,73,48,2025-03-05,2025-03-10,Chennai,Accessories,Prepaid,2,3120.0
906825,295,48,2025-02-25,2025-02-27,Delhi NCR,Accessories,COD,2,3120.0
906826,3,37,2024-08-12,2024-08-18,Bangalore,Beauty & Personal Care,Prepaid,1,810.0
906827,49,33,2024-04-27,2024-05-02,Hyderabad,Beauty & Personal Care,Prepaid,2,1480.0
906828,329,37,2025-01-05,2025-01-10,Hyderabad,Beauty & Personal Care,Prepaid,1,810.0
906829,524,22,2024-12-02,2024-12-07,Pune,Electronics,Prepaid,1,13330.0
906830,488,33,2024-08-16,2024-08-19,Hyderabad,Beauty & Personal Care,Prepaid,1,740.0
906831,235,4,2024-12-11,2024-12-16,Hyderabad,Fashion & Apparel,COD,1,970.0
906832,141,40,2024-07-01,2024-07-07,Bangalore,Beauty & Personal Care,COD,1,540.0
906833,156,16,2024-09-10,2024-09-14,Bangalore,Footwear,Prepaid,1,3900.0
906834,8,23,2024-05-07,2024-05-10,Delhi NCR,Electronics,COD,2,25560.0
906835,150,15,2024-09-16,2024-09-21,Kochi,Footwear,COD,1,3740.0
906836,166,10,2025-01-17,2025-01-23,Bangalore,Footwear,Prepaid,1,3700.0
906837,389,16,2024-05-18,2024-05-24,Bangalore,Footwear,Prepaid,2,7800.0
906838,52,48,2024-07-03,2024-07-08,Kochi,Accessories,Prepaid,2,3120.0
906839,27,6,2025-01-02,2025-01-07,Bangalore,Fashion & Apparel,Prepaid,1,1510.0
906840,191,42,2025-03-07,2025-03-12,Pune,Accessories,Prepaid,1,810.0
906841,534,13,2025-03-06,2025-03-10,Mumbai,Footwear,Prepaid,1,3000.0
906842,206,17,2025-03-28,2025-03-31,Chennai,Electronics,Prepaid,2,27580.0
906843,450,41,2024-10-20,2024-10-24,Pune,Accessories,Prepaid,1,1390.0
906844,342,27,2025-02-01,2025-02-03,Hyderabad,Home & Kitchen,Prepaid,1,1080.0
906845,599,24,2025-03-10,2025-03-16,Delhi NCR,Electronics,COD,1,11450.0
906846,165,22,2025-03-26,2025-03-31,Chennai,Electronics,COD,1,13330.0
906847,366,42,2024-10-14,2024-10-20,Delhi NCR,Accessories,Prepaid,1,810.0
906848,219,43,2024-04-08,2024-04-14,Hyderabad,Accessories,Prepaid,2,1820.0
906849,232,34,2024-04-08,2024-04-14,Bangalore,Beauty & Personal Care,Prepaid,1,410.0
906850,520,27,2024-08-02,2024-08-05,Bangalore,Home & Kitchen,Prepaid,1,1080.0
906851,332,43,2024-05-17,2024-05-19,Mumbai,Accessories,COD,1,910.0
906852,25,47,2024-11-19,2024-11-23,Mumbai,Accessories,Prepaid,1,890.0
906853,193,23,2025-01-01,2025-01-04,Bangalore,Electronics,Prepaid,1,12780.0
906854,106,22,2024-06-23,2024-06-28,Delhi NCR,Electronics,Prepaid,1,13330.0
906855,150,24,2024-09-27,2024-10-03,Kochi,Electronics,Prepaid,1,11450.0
906856,234,19,2025-03-30,2025-04-01,Bangalore,Electronics,COD,1,10800.0
906857,402,27,2025-02-12,2025-02-16,Chennai,Home & Kitchen,Prepaid,1,1080.0
906858,298,36,2025-01-17,2025-01-20,Mumbai,Beauty & Personal Care,COD,1,1130.0
906859,353,21,2024-04-20,2024-04-23,Bangalore,Electronics,Prepaid,1,9950.0
906860,297,2,2024-12-11,2024-12-15,Delhi NCR,Fashion & Apparel,Prepaid,1,1190.0
906861,66,41,2024-11-06,2024-11-10,Delhi NCR,Accessories,Prepaid,1,1390.0
906862,170,16,2024-11-30,2024-12-05,Bangalore,Footwear,COD,2,7800.0
906863,184,36,2024-11-19,2024-11-25,Mumbai,Beauty & Personal Care,COD,2,2260.0
906864,43,30,2024-12-02,2024-12-04,Chennai,Home & Kitchen,Prepaid,1,2550.0
906865,360,6,2024-07-25,2024-07-31,Delhi NCR,Fashion & Apparel,Prepaid,1,1510.0
906866,22,32,2024-06-20,2024-06-23,Chennai,Home & Kitchen,Prepaid,2,3980.0
906867,258,40,2024-09-01,2024-09-07,Delhi NCR,Beauty & Personal Care,COD,1,540.0
906868,444,25,2025-02-13,2025-02-18,Mumbai,Home & Kitchen,Prepaid,1,3150.0
906869,183,32,2025-03-03,2025-03-05,Hyderabad,Home & Kitchen,Prepaid,1,1990.0
906870,285,11,2024-06-20,2024-06-22,Chennai,Footwear,COD,2,5120.0
906871,517,45,2025-01-23,2025-01-27,Chennai,Accessories,COD,1,1290.0
906872,282,7,2025-02-03,2025-02-05,Hyderabad,Fashion & Apparel,COD,1,2150.0
906873,455,38,2024-04-11,2024-04-15,Mumbai,Beauty & Personal Care,COD,1,510.0
906874,515,26,2024-12-14,2024-12-20,Bangalore,Home & Kitchen,COD,1,2250.0
906875,38,45,2024-12-14,2024-12-19,Bangalore,Accessories,Prepaid,2,2580.0
906876,148,41,2025-01-20,2025-01-25,Hyderabad,Accessories,Prepaid,1,1390.0
906877,466,39,2024-10-10,2024-10-16,Hyderabad,Beauty & Personal Care,Prepaid,1,780.0
906878,442,11,2024-11-21,2024-11-27,Kochi,Footwear,Prepaid,2,5120.0
906879,163,2,2024-04-03,2024-04-09,Mumbai,Fashion & Apparel,COD,2,2380.0
906880,121,21,2024-12-10,2024-12-15,Bangalore,Electronics,Prepaid,1,9950.0
906881,559,10,2024-09-21,2024-09-27,Kochi,Footwear,COD,1,3700.0
906882,243,10,2024-07-14,2024-07-18,Chennai,Footwear,COD,1,3700.0
906883,372,22,2024-09-10,2024-09-13,Bangalore,Electronics,Prepaid,1,13330.0
906884,81,25,2024-06-10,2024-06-14,Chennai,Home & Kitchen,COD,1,3150.0
906885,27,20,2025-02-04,2025-02-10,Bangalore,Electronics,Prepaid,1,12810.0
906886,544,8,2024-07-04,2024-07-10,Bangalore,Fashion & Apparel,Prepaid,1,1870.0
906887,115,20,2024-12-06,2024-12-12,Kochi,Electronics,Prepaid,2,25620.0
906888,268,7,2024-09-12,2024-09-16,Delhi NCR,Fashion & Apparel,COD,3,6450.0
906889,226,10,2025-03-09,2025-03-14,Bangalore,Footwear,Prepaid,1,3700.0
906890,600,6,2024-09-23,2024-09-28,Mumbai,Fashion & Apparel,COD,1,1510.0
906891,197,45,2024-11-03,2024-11-08,Hyderabad,Accessories,COD,1,1290.0
906892,507,13,2024-09-06,2024-09-10,Bangalore,Footwear,Prepaid,1,3000.0
906893,153,22,2025-03-10,2025-03-16,Bangalore,Electronics,COD,1,13330.0
906894,68,20,2024-09-20,2024-09-24,Bangalore,Electronics,Prepaid,1,12810.0
906895,173,47,2024-06-13,2024-06-15,Mumbai,Accessories,Prepaid,3,2670.0
906896,351,8,2024-04-13,2024-04-17,Pune,Fashion & Apparel,COD,2,3740.0
906897,345,48,2025-01-22,2025-01-25,Bangalore,Accessories,Prepaid,2,3120.0
906898,345,22,2024-04-20,2024-04-22,Bangalore,Electronics,Prepaid,1,13330.0
906899,377,26,2024-04-29,2024-05-04,Delhi NCR,Home & Kitchen,Prepaid,1,2250.0
906900,255,21,2024-04-27,2024-05-02,Kochi,Electronics,Prepaid,2,19900.0
906901,426,4,2024-08-09,2024-08-11,Bangalore,Fashion & Apparel,Prepaid,1,970.0
906902,526,28,2024-06-05,2024-06-08,Bangalore,Home & Kitchen,COD,1,3170.0
906903,159,1,2025-02-04,2025-02-10,Bangalore,Fashion & Apparel,Prepaid,1,1110.0
906904,435,16,2024-08-08,2024-08-10,Bangalore,Footwear,Prepaid,2,7800.0
906905,85,30,2024-08-06,2024-08-12,Pune,Home & Kitchen,Prepaid,1,2550.0
906906,19,8,2024-08-08,2024-08-12,Kochi,Fashion & Apparel,Prepaid,1,1870.0
906907,366,1,2024-05-13,2024-05-16,Delhi NCR,Fashion & Apparel,Prepaid,1,1110.0
906908,302,27,2024-09-03,2024-09-07,Bangalore,Home & Kitchen,COD,1,1080.0
906909,97,3,2024-04-21,2024-04-24,Mumbai,Fashion & Apparel,Prepaid,2,3540.0
906910,349,2,2024-07-24,2024-07-30,Hyderabad,Fashion & Apparel,Prepaid,1,1190.0
906911,600,23,2024-09-06,2024-09-11,Mumbai,Electronics,Prepaid,1,12780.0
906912,171,36,2024-08-27,2024-08-30,Bangalore,Beauty & Personal Care,Prepaid,2,2260.0
906913,30,14,2024-09-06,2024-09-08,Pune,Footwear,Prepaid,1,2370.0
906914,54,40,2024-05-26,2024-06-01,Chennai,Beauty & Personal Care,COD,1,540.0
906915,515,35,2024-05-09,2024-05-14,Bangalore,Beauty & Personal Care,Prepaid,1,590.0
906916,43,26,2025-01-04,2025-01-07,Chennai,Home & Kitchen,COD,1,2250.0
906917,9,16,2024-11-17,2024-11-21,Bangalore,Footwear,Prepaid,1,3900.0
906918,425,41,2024-06-18,2024-06-22,Hyderabad,Accessories,Prepaid,1,1390.0
906919,59,25,2024-07-05,2024-07-10,Delhi NCR,Home & Kitchen,Prepaid,1,3150.0
906920,319,48,2025-01-03,2025-01-06,Chennai,Accessories,COD,1,1560.0
906921,414,34,2024-06-09,2024-06-12,Delhi NCR,Beauty & Personal Care,Prepaid,1,410.0
906922,236,15,2024-04-12,2024-04-15,Mumbai,Footwear,Prepaid,1,3740.0
906923,123,26,2025-02-21,2025-02-25,Pune,Home & Kitchen,Prepaid,1,2250.0
906924,595,43,2025-02-12,2025-02-18,Delhi NCR,Accessories,COD,1,910.0
906925,516,32,2024-06-17,2024-06-23,Mumbai,Home & Kitchen,Prepaid,1,1990.0
906926,396,36,2025-02-23,2025-02-28,Delhi NCR,Beauty & Personal Care,COD,1,1130.0
906927,560,3,2024-10-10,2024-10-16,Kochi,Fashion & Apparel,COD,1,1770.0
906928,79,11,2024-05-26,2024-05-29,Pune,Footwear,Prepaid,2,5120.0
906929,369,7,2024-11-28,2024-12-02,Delhi NCR,Fashion & Apparel,Prepaid,1,2150.0
906930,175,40,2024-09-17,2024-09-19,Mumbai,Beauty & Personal Care,Prepaid,2,1080.0
906931,514,13,2024-04-03,2024-04-09,Chennai,Footwear,COD,1,3000.0
906932,356,13,2024-05-16,2024-05-18,Mumbai,Footwear,Prepaid,1,3000.0
906933,588,26,2024-05-29,2024-05-31,Mumbai,Home & Kitchen,COD,1,2250.0
906934,86,46,2024-04-03,2024-04-08,Mumbai,Accessories,COD,1,1320.0
906935,64,3,2024-09-21,2024-09-23,Hyderabad,Fashion & Apparel,COD,2,3540.0
906936,364,27,2024-11-13,2024-11-15,Hyderabad,Home & Kitchen,Prepaid,1,1080.0
906937,273,38,2024-04-05,2024-04-08,Hyderabad,Beauty & Personal Care,Prepaid,1,510.0
906938,527,25,2024-07-04,2024-07-10,Bangalore,Home & Kitchen,COD,1,3150.0
906939,592,47,2025-03-16,2025-03-21,Mumbai,Accessories,Prepaid,2,1780.0
906940,72,4,2024-04-03,2024-04-07,Mumbai,Fashion & Apparel,Prepaid,1,970.0
906941,335,48,2024-07-15,2024-07-19,Bangalore,Accessories,Prepaid,1,1560.0
906942,378,29,2025-03-03,2025-03-09,Kochi,Home & Kitchen,COD,2,4900.0
906943,143,11,2025-01-13,2025-01-19,Bangalore,Footwear,Prepaid,2,5120.0
906944,489,10,2024-11-28,2024-12-03,Delhi NCR,Footwear,Prepaid,1,3700.0
906945,569,42,2024-08-14,2024-08-17,Bangalore,Accessories,Prepaid,1,810.0
906946,112,13,2024-12-22,2024-12-26,Kochi,Footwear,Prepaid,1,3000.0
906947,486,20,2024-08-16,2024-08-22,Pune,Electronics,Prepaid,1,12810.0
906948,155,24,2024-10-24,2024-10-29,Chennai,Electronics,Prepaid,1,11450.0
906949,480,30,2024-07-17,2024-07-22,Mumbai,Home & Kitchen,COD,1,2550.0
906950,282,39,2024-06-10,2024-06-16,Hyderabad,Beauty & Personal Care,COD,1,780.0
906951,402,44,2024-04-22,2024-04-28,Chennai,Accessories,COD,1,1130.0
906952,189,10,2024-10-10,2024-10-13,Bangalore,Footwear,COD,1,3700.0
906953,460,21,2024-07-31,2024-08-02,Delhi NCR,Electronics,Prepaid,1,9950.0
906954,402,44,2024-06-20,2024-06-25,Chennai,Accessories,Prepaid,2,2260.0
906955,54,48,2024-07-23,2024-07-27,Chennai,Accessories,COD,1,1560.0
906956,299,18,2024-07-26,2024-07-29,Kochi,Electronics,COD,1,13140.0
906957,564,17,2025-01-07,2025-01-09,Mumbai,Electronics,COD,1,13790.0
906958,189,23,2024-06-24,2024-06-29,Bangalore,Electronics,COD,1,12780.0
906959,164,38,2024-05-12,2024-05-17,Chennai,Beauty & Personal Care,COD,2,1020.0
906960,34,9,2024-12-19,2024-12-25,Bangalore,Footwear,Prepaid,1,3370.0
906961,337,21,2024-10-21,2024-10-24,Bangalore,Electronics,COD,1,9950.0
906962,352,31,2024-04-21,2024-04-23,Delhi NCR,Home & Kitchen,Prepaid,3,5220.0
906963,424,8,2025-02-27,2025-03-04,Bangalore,Fashion & Apparel,COD,2,3740.0
906964,258,17,2025-01-15,2025-01-18,Delhi NCR,Electronics,Prepaid,1,13790.0
906965,458,21,2024-06-07,2024-06-13,Bangalore,Electronics,Prepaid,1,9950.0
906966,213,45,2024-06-06,2024-06-09,Bangalore,Accessories,COD,2,2580.0
906967,86,23,2024-11-10,2024-11-16,Mumbai,Electronics,COD,1,12780.0
906968,257,29,2024-05-13,2024-05-19,Hyderabad,Home & Kitchen,Prepaid,1,2450.0
906969,378,3,2024-11-07,2024-11-11,Kochi,Fashion & Apparel,Prepaid,1,1770.0
906970,16,16,2024-12-17,2024-12-22,Delhi NCR,Footwear,COD,1,3900.0
906971,416,37,2024-11-10,2024-11-14,Hyderabad,Beauty & Personal Care,Prepaid,1,810.0
906972,415,45,2024-11-13,2024-11-18,Mumbai,Accessories,COD,1,1290.0
906973,300,25,2025-03-11,2025-03-14,Mumbai,Home & Kitchen,COD,1,3150.0
906974,598,40,2024-08-07,2024-08-11,Bangalore,Beauty & Personal Care,COD,1,540.0
906975,288,41,2024-11-12,2024-11-17,Pune,Accessories,Prepaid,2,2780.0
906976,266,14,2025-03-29,2025-04-03,Delhi NCR,Footwear,Prepaid,1,2370.0
906977,244,47,2024-06-03,2024-06-05,Mumbai,Accessories,Prepaid,1,890.0
906978,114,39,2024-05-23,2024-05-25,Delhi NCR,Beauty & Personal Care,COD,1,780.0
906979,240,12,2024-05-24,2024-05-26,Chennai,Footwear,Prepaid,1,2600.0
906980,123,10,2024-11-06,2024-11-09,Pune,Footwear,Prepaid,1,3700.0
906981,497,19,2024-04-10,2024-04-13,Mumbai,Electronics,Prepaid,1,10800.0
906982,446,28,2024-06-21,2024-06-25,Pune,Home & Kitchen,COD,1,3170.0
906983,484,22,2024-08-12,2024-08-18,Mumbai,Electronics,Prepaid,1,13330.0
906984,439,10,2024-04-06,2024-04-10,Hyderabad,Footwear,COD,1,3700.0
906985,561,25,2024-11-13,2024-11-19,Pune,Home & Kitchen,Prepaid,1,3150.0
906986,4,42,2024-07-22,2024-07-27,Chennai,Accessories,COD,1,810.0
906987,491,14,2024-06-05,2024-06-07,Delhi NCR,Footwear,COD,1,2370.0
906988,532,44,2024-06-09,2024-06-15,Pune,Accessories,Prepaid,1,1130.0
906989,451,27,2024-11-23,2024-11-29,Bangalore,Home & Kitchen,COD,2,2160.0
906990,217,12,2024-12-25,2024-12-28,Mumbai,Footwear,Prepaid,2,5200.0
906991,529,46,2024-08-13,2024-08-19,Pune,Accessories,COD,1,1320.0
906992,441,20,2024-09-14,2024-09-18,Hyderabad,Electronics,Prepaid,2,25620.0
906993,514,39,2024-10-29,2024-11-04,Chennai,Beauty & Personal Care,COD,1,780.0
906994,437,29,2024-06-10,2024-06-13,Bangalore,Home & Kitchen,Prepaid,1,2450.0
906995,382,3,2025-01-07,2025-01-09,Pune,Fashion & Apparel,Prepaid,1,1770.0
906996,450,30,2024-05-05,2024-05-10,Pune,Home & Kitchen,COD,1,2550.0
906997,6,4,2024-07-17,2024-07-20,Kochi,Fashion & Apparel,Prepaid,1,970.0
906998,174,37,2024-07-05,2024-07-09,Bangalore,Beauty & Personal Care,Prepaid,3,2430.0
906999,210,30,2024-10-22,2024-10-26,Chennai,Home & Kitchen,COD,3,7650.0
907000,368,30,2024-05-22,2024-05-27,Kochi,Home & Kitchen,Prepaid,1,2550.0
907001,398,35,2024-04-05,2024-04-09,Pune,Beauty & Personal Care,Prepaid,3,1770.0
907002,39,47,2025-02-03,2025-02-07,Pune,Accessories,Prepaid,1,890.0
907003,213,22,2024-08-31,2024-09-03,Bangalore,Electronics,COD,1,13330.0
907004,507,17,2024-11-04,2024-11-08,Bangalore,Electronics,Prepaid,1,13790.0
907005,475,6,2024-09-19,2024-09-23,Bangalore,Fashion & Apparel,Prepaid,2,3020.0
907006,518,34,2024-11-28,2024-12-03,Bangalore,Beauty & Personal Care,COD,2,820.0
907007,522,39,2024-09-12,2024-09-18,Hyderabad,Beauty & Personal Care,Prepaid,1,780.0
907008,417,28,2024-08-16,2024-08-22,Mumbai,Home & Kitchen,COD,1,3170.0
907009,327,42,2024-04-18,2024-04-22,Delhi NCR,Accessories,Prepaid,1,810.0
907010,389,27,2024-04-20,2024-04-23,Bangalore,Home & Kitchen,COD,1,1080.0
907011,262,46,2024-09-05,2024-09-11,Hyderabad,Accessories,Prepaid,1,1320.0
907012,594,37,2025-02-23,2025-02-28,Hyderabad,Beauty & Personal Care,Prepaid,1,810.0
907013,149,13,2024-04-30,2024-05-05,Mumbai,Footwear,Prepaid,1,3000.0
907014,115,4,2024-09-01,2024-09-05,Kochi,Fashion & Apparel,COD,1,970.0
907015,343,21,2024-06-27,2024-07-01,Chennai,Electronics,COD,1,9950.0
907016,378,29,2024-08-01,2024-08-06,Kochi,Home & Kitchen,Prepaid,2,4900.0
907017,434,36,2024-06-08,2024-06-11,Chennai,Beauty & Personal Care,Prepaid,1,1130.0
907018,288,41,2024-06-27,2024-06-29,Pune,Accessories,COD,1,1390.0
907019,531,40,2025-01-19,2025-01-21,Kochi,Beauty & Personal Care,Prepaid,1,540.0
907020,72,42,2024-12-07,2024-12-10,Mumbai,Accessories,COD,2,1620.0
907021,277,44,2025-02-27,2025-03-03,Bangalore,Accessories,Prepaid,1,1130.0
907022,36,28,2025-03-06,2025-03-12,Pune,Home & Kitchen,Prepaid,1,3170.0
907023,499,36,2024-12-04,2024-12-10,Mumbai,Beauty & Personal Care,COD,1,1130.0
907024,95,2,2024-10-06,2024-10-11,Mumbai,Fashion & Apparel,Prepaid,2,2380.0
907025,340,15,2024-06-21,2024-06-23,Delhi NCR,Footwear,COD,1,3740.0
907026,511,36,2024-08-18,2024-08-21,Bangalore,Beauty & Personal Care,COD,1,1130.0
907027,265,7,2024-07-14,2024-07-18,Chennai,Fashion & Apparel,COD,1,2150.0
907028,589,6,2025-01-23,2025-01-29,Bangalore,Fashion & Apparel,Prepaid,1,1510.0
907029,265,33,2025-03-16,2025-03-18,Chennai,Beauty & Personal Care,COD,1,740.0
907030,494,19,2024-11-04,2024-11-09,Bangalore,Electronics,COD,1,10800.0
907031,226,17,2025-03-09,2025-03-14,Bangalore,Electronics,Prepaid,1,13790.0
907032,143,7,2024-12-02,2024-12-06,Bangalore,Fashion & Apparel,COD,2,4300.0
907033,127,45,2024-12-08,2024-12-12,Hyderabad,Accessories,Prepaid,2,2580.0
907034,243,22,2024-07-07,2024-07-10,Chennai,Electronics,Prepaid,1,13330.0
907035,91,7,2024-06-11,2024-06-13,Bangalore,Fashion & Apparel,COD,1,2150.0
907036,356,19,2024-06-15,2024-06-18,Mumbai,Electronics,Prepaid,1,10800.0
907037,130,34,2024-11-30,2024-12-03,Hyderabad,Beauty & Personal Care,COD,2,820.0
907038,159,33,2025-02-06,2025-02-08,Bangalore,Beauty & Personal Care,COD,1,740.0
907039,179,5,2024-11-28,2024-12-02,Hyderabad,Fashion & Apparel,COD,1,1960.0
907040,489,27,2024-06-11,2024-06-15,Delhi NCR,Home & Kitchen,Prepaid,2,2160.0
907041,241,19,2024-09-15,2024-09-21,Pune,Electronics,Prepaid,1,10800.0
907042,56,11,2024-08-10,2024-08-15,Pune,Footwear,Prepaid,1,2560.0
907043,254,3,2024-04-08,2024-04-12,Bangalore,Fashion & Apparel,Prepaid,1,1770.0
907044,343,19,2024-09-04,2024-09-09,Chennai,Electronics,COD,1,10800.0
907045,420,30,2024-05-29,2024-06-02,Chennai,Home & Kitchen,Prepaid,2,5100.0
907046,515,41,2024-08-27,2024-09-02,Bangalore,Accessories,COD,1,1390.0
907047,470,41,2024-06-30,2024-07-02,Kochi,Accessories,COD,1,1390.0
907048,426,21,2025-03-15,2025-03-19,Bangalore,Electronics,Prepaid,1,9950.0
907049,297,37,2024-11-22,2024-11-26,Delhi NCR,Beauty & Personal Care,COD,1,810.0
907050,233,9,2024-08-11,2024-08-17,Chennai,Footwear,COD,1,3370.0
907051,521,27,2025-01-15,2025-01-19,Chennai,Home & Kitchen,COD,1,1080.0
907052,504,43,2024-11-15,2024-11-18,Pune,Accessories,COD,3,2730.0
907053,325,10,2024-06-16,2024-06-18,Bangalore,Footwear,COD,1,3700.0
907054,7,26,2024-12-03,2024-12-06,Mumbai,Home & Kitchen,Prepaid,1,2250.0
907055,359,31,2024-11-15,2024-11-20,Pune,Home & Kitchen,Prepaid,1,1740.0
907056,56,23,2024-06-04,2024-06-07,Pune,Electronics,Prepaid,1,12780.0
907057,148,27,2024-04-16,2024-04-18,Hyderabad,Home & Kitchen,Prepaid,2,2160.0
907058,47,19,2024-09-29,2024-10-02,Kochi,Electronics,Prepaid,1,10800.0
907059,310,31,2025-03-10,2025-03-12,Chennai,Home & Kitchen,Prepaid,1,1740.0
907060,127,46,2025-01-11,2025-01-13,Hyderabad,Accessories,Prepaid,1,1320.0
907061,240,8,2024-04-01,2024-04-05,Chennai,Fashion & Apparel,Prepaid,1,1870.0
907062,470,33,2024-06-03,2024-06-06,Kochi,Beauty & Personal Care,COD,1,740.0
907063,45,26,2024-04-04,2024-04-08,Hyderabad,Home & Kitchen,COD,1,2250.0
907064,202,12,2024-08-25,2024-08-28,Mumbai,Footwear,COD,1,2600.0
907065,165,2,2024-05-04,2024-05-06,Chennai,Fashion & Apparel,COD,1,1190.0
907066,375,7,2024-12-25,2024-12-31,Delhi NCR,Fashion & Apparel,Prepaid,1,2150.0
907067,293,16,2024-07-11,2024-07-15,Delhi NCR,Footwear,Prepaid,2,7800.0
907068,71,10,2024-04-04,2024-04-09,Chennai,Footwear,COD,1,3700.0
907069,5,17,2024-09-12,2024-09-16,Mumbai,Electronics,Prepaid,1,13790.0
907070,432,19,2024-10-19,2024-10-23,Hyderabad,Electronics,Prepaid,2,21600.0
907071,134,31,2024-04-12,2024-04-15,Delhi NCR,Home & Kitchen,COD,2,3480.0
907072,577,46,2025-01-28,2025-02-02,Kochi,Accessories,Prepaid,2,2640.0
907073,131,45,2025-02-02,2025-02-07,Bangalore,Accessories,COD,1,1290.0
907074,400,30,2024-05-23,2024-05-29,Chennai,Home & Kitchen,Prepaid,1,2550.0
907075,81,22,2024-04-08,2024-04-11,Chennai,Electronics,Prepaid,3,39990.0
907076,16,8,2025-03-04,2025-03-09,Delhi NCR,Fashion & Apparel,COD,2,3740.0
907077,438,18,2024-08-08,2024-08-14,Hyderabad,Electronics,Prepaid,2,26280.0
907078,576,42,2024-09-29,2024-10-02,Chennai,Accessories,COD,1,810.0
907079,447,42,2025-03-27,2025-03-31,Bangalore,Accessories,Prepaid,1,810.0
907080,444,13,2024-06-15,2024-06-17,Mumbai,Footwear,Prepaid,1,3000.0
907081,239,46,2024-08-07,2024-08-11,Kochi,Accessories,Prepaid,1,1320.0
907082,465,26,2024-04-12,2024-04-14,Bangalore,Home & Kitchen,Prepaid,3,6750.0
907083,315,11,2024-08-31,2024-09-03,Kochi,Footwear,Prepaid,1,2560.0
907084,576,4,2024-10-13,2024-10-15,Chennai,Fashion & Apparel,COD,1,970.0
907085,583,42,2024-09-29,2024-10-02,Bangalore,Accessories,COD,1,810.0
907086,248,11,2024-08-31,2024-09-02,Hyderabad,Footwear,Prepaid,1,2560.0
907087,130,8,2024-05-05,2024-05-09,Hyderabad,Fashion & Apparel,COD,1,1870.0
907088,303,16,2024-10-17,2024-10-23,Mumbai,Footwear,COD,1,3900.0
907089,200,41,2024-12-28,2025-01-01,Delhi NCR,Accessories,Prepaid,2,2780.0
907090,124,45,2025-03-21,2025-03-23,Chennai,Accessories,COD,1,1290.0
907091,32,48,2024-05-09,2024-05-13,Mumbai,Accessories,Prepaid,1,1560.0
907092,487,34,2024-05-07,2024-05-10,Delhi NCR,Beauty & Personal Care,Prepaid,1,410.0
907093,162,21,2024-05-14,2024-05-18,Pune,Electronics,Prepaid,2,19900.0
907094,133,32,2024-11-03,2024-11-05,Kochi,Home & Kitchen,COD,1,1990.0
907095,256,24,2025-02-17,2025-02-21,Bangalore,Electronics,COD,1,11450.0
907096,524,18,2025-01-21,2025-01-24,Pune,Electronics,Prepaid,2,26280.0
907097,459,30,2024-05-10,2024-05-12,Hyderabad,Home & Kitchen,Prepaid,1,2550.0
907098,471,15,2024-07-25,2024-07-29,Hyderabad,Footwear,Prepaid,1,3740.0
907099,591,10,2025-02-22,2025-02-26,Hyderabad,Footwear,COD,2,7400.0
907100,288,33,2024-08-16,2024-08-22,Pune,Beauty & Personal Care,Prepaid,1,740.0
907101,410,16,2024-08-20,2024-08-25,Bangalore,Footwear,COD,1,3900.0
907102,28,9,2024-12-10,2024-12-12,Mumbai,Footwear,Prepaid,1,3370.0
907103,485,42,2024-04-28,2024-05-04,Hyderabad,Accessories,Prepaid,1,810.0
907104,24,35,2024-12-14,2024-12-20,Mumbai,Beauty & Personal Care,Prepaid,1,590.0
907105,414,18,2024-10-21,2024-10-24,Delhi NCR,Electronics,COD,1,13140.0
907106,390,23,2025-03-06,2025-03-12,Mumbai,Electronics,Prepaid,1,12780.0
907107,363,42,2024-06-06,2024-06-08,Hyderabad,Accessories,Prepaid,3,2430.0
907108,411,47,2025-03-29,2025-04-04,Pune,Accessories,COD,1,890.0
907109,178,35,2025-02-27,2025-03-02,Chennai,Beauty & Personal Care,COD,2,1180.0
907110,384,47,2024-07-01,2024-07-04,Chennai,Accessories,COD,1,890.0
907111,525,41,2025-01-23,2025-01-27,Pune,Accessories,Prepaid,1,1390.0
907112,520,1,2024-12-04,2024-12-10,Bangalore,Fashion & Apparel,Prepaid,1,1110.0
907113,176,15,2025-02-15,2025-02-20,Kochi,Footwear,Prepaid,1,3740.0
907114,150,26,2024-05-16,2024-05-19,Kochi,Home & Kitchen,COD,1,2250.0
907115,348,26,2024-07-30,2024-08-03,Kochi,Home & Kitchen,Prepaid,2,4500.0
907116,361,45,2024-06-13,2024-06-19,Chennai,Accessories,COD,1,1290.0
907117,142,34,2024-09-15,2024-09-19,Chennai,Beauty & Personal Care,Prepaid,1,410.0
907118,112,32,2024-11-23,2024-11-29,Kochi,Home & Kitchen,Prepaid,1,1990.0
907119,539,45,2025-02-08,2025-02-14,Mumbai,Accessories,Prepaid,2,2580.0
907120,442,33,2025-02-09,2025-02-13,Kochi,Beauty & Personal Care,Prepaid,2,1480.0
907121,250,19,2024-11-18,2024-11-22,Delhi NCR,Electronics,COD,1,10800.0
907122,93,3,2025-02-14,2025-02-16,Bangalore,Fashion & Apparel,COD,2,3540.0
907123,391,17,2025-01-01,2025-01-03,Pune,Electronics,COD,1,13790.0
907124,434,40,2025-01-01,2025-01-07,Chennai,Beauty & Personal Care,Prepaid,1,540.0
907125,103,16,2024-05-28,2024-06-03,Bangalore,Footwear,COD,2,7800.0
907126,196,17,2025-02-21,2025-02-23,Mumbai,Electronics,COD,3,41370.0
907127,194,19,2025-02-26,2025-03-01,Delhi NCR,Electronics,COD,1,10800.0
907128,347,18,2025-02-01,2025-02-04,Bangalore,Electronics,Prepaid,1,13140.0
907129,181,27,2025-02-06,2025-02-11,Kochi,Home & Kitchen,COD,1,1080.0
907130,89,8,2024-09-22,2024-09-28,Delhi NCR,Fashion & Apparel,Prepaid,1,1870.0
907131,569,40,2024-12-23,2024-12-25,Bangalore,Beauty & Personal Care,Prepaid,2,1080.0
907132,546,36,2025-01-06,2025-01-09,Bangalore,Beauty & Personal Care,Prepaid,1,1130.0
907133,506,2,2024-07-06,2024-07-08,Pune,Fashion & Apparel,Prepaid,1,1190.0
907134,589,41,2024-04-17,2024-04-22,Bangalore,Accessories,Prepaid,1,1390.0
907135,87,12,2024-11-24,2024-11-26,Pune,Footwear,Prepaid,2,5200.0
907136,434,45,2025-03-08,2025-03-12,Chennai,Accessories,Prepaid,1,1290.0
907137,489,27,2025-03-23,2025-03-25,Delhi NCR,Home & Kitchen,COD,1,1080.0
907138,308,35,2024-09-03,2024-09-07,Kochi,Beauty & Personal Care,Prepaid,3,1770.0
907139,280,45,2025-01-22,2025-01-28,Hyderabad,Accessories,Prepaid,1,1290.0
907140,232,34,2024-08-24,2024-08-29,Bangalore,Beauty & Personal Care,COD,2,820.0
907141,245,23,2024-05-13,2024-05-19,Mumbai,Electronics,COD,2,25560.0
907142,550,13,2025-01-18,2025-01-21,Mumbai,Footwear,Prepaid,2,6000.0
907143,384,39,2024-07-06,2024-07-11,Chennai,Beauty & Personal Care,Prepaid,1,780.0
907144,33,27,2024-12-03,2024-12-05,Bangalore,Home & Kitchen,Prepaid,1,1080.0
907145,250,11,2025-03-12,2025-03-14,Delhi NCR,Footwear,Prepaid,1,2560.0
907146,247,19,2024-04-12,2024-04-17,Delhi NCR,Electronics,Prepaid,1,10800.0
907147,106,40,2024-08-26,2024-08-31,Delhi NCR,Beauty & Personal Care,Prepaid,2,1080.0
907148,2,18,2025-03-01,2025-03-05,Mumbai,Electronics,COD,1,13140.0
907149,204,14,2024-12-29,2025-01-01,Chennai,Footwear,COD,1,2370.0
907150,171,13,2024-11-27,2024-11-30,Bangalore,Footwear,COD,2,6000.0
907151,199,15,2024-08-03,2024-08-07,Bangalore,Footwear,COD,1,3740.0
907152,328,37,2024-09-20,2024-09-22,Delhi NCR,Beauty & Personal Care,COD,1,810.0
907153,533,4,2024-08-13,2024-08-17,Delhi NCR,Fashion & Apparel,Prepaid,1,970.0
907154,41,30,2025-01-17,2025-01-19,Mumbai,Home & Kitchen,COD,1,2550.0
907155,63,17,2024-11-26,2024-11-28,Mumbai,Electronics,COD,1,13790.0
907156,472,1,2025-01-12,2025-01-14,Bangalore,Fashion & Apparel,Prepaid,1,1110.0
907157,201,36,2024-11-23,2024-11-28,Hyderabad,Beauty & Personal Care,COD,1,1130.0
907158,182,30,2024-06-18,2024-06-20,Kochi,Home & Kitchen,Prepaid,3,7650.0
907159,44,33,2025-01-21,2025-01-27,Chennai,Beauty & Personal Care,COD,1,740.0
907160,463,17,2024-12-08,2024-12-10,Kochi,Electronics,COD,1,13790.0
907161,579,2,2024-06-24,2024-06-30,Hyderabad,Fashion & Apparel,Prepaid,1,1190.0
907162,430,10,2024-05-10,2024-05-16,Chennai,Footwear,COD,1,3700.0
907163,188,12,2024-10-16,2024-10-20,Delhi NCR,Footwear,Prepaid,3,7800.0
907164,323,19,2024-06-20,2024-06-23,Chennai,Electronics,Prepaid,1,10800.0
907165,438,43,2024-07-31,2024-08-03,Hyderabad,Accessories,Prepaid,2,1820.0
907166,75,43,2024-07-03,2024-07-05,Hyderabad,Accessories,COD,1,910.0
907167,325,46,2024-06-03,2024-06-05,Bangalore,Accessories,Prepaid,1,1320.0
907168,339,43,2024-11-26,2024-11-29,Delhi NCR,Accessories,COD,1,910.0
907169,20,48,2024-08-06,2024-08-10,Pune,Accessories,Prepaid,1,1560.0
907170,90,4,2024-10-09,2024-10-13,Pune,Fashion & Apparel,COD,1,970.0
907171,230,48,2024-09-24,2024-09-27,Bangalore,Accessories,Prepaid,1,1560.0
907172,99,48,2025-03-08,2025-03-10,Delhi NCR,Accessories,COD,1,1560.0
907173,409,41,2024-06-03,2024-06-05,Mumbai,Accessories,COD,1,1390.0
907174,448,22,2024-12-21,2024-12-25,Pune,Electronics,Prepaid,1,13330.0
907175,338,19,2024-06-24,2024-06-29,Bangalore,Electronics,Prepaid,2,21600.0
907176,414,40,2024-05-27,2024-06-01,Delhi NCR,Beauty & Personal Care,Prepaid,1,540.0
907177,233,35,2024-09-01,2024-09-06,Chennai,Beauty & Personal Care,COD,1,590.0
907178,368,24,2024-07-12,2024-07-15,Kochi,Electronics,COD,1,11450.0
907179,575,19,2025-03-15,2025-03-17,Mumbai,Electronics,Prepaid,1,10800.0
907180,489,10,2024-08-12,2024-08-18,Delhi NCR,Footwear,COD,2,7400.0
907181,427,44,2024-09-18,2024-09-24,Bangalore,Accessories,COD,1,1130.0
907182,163,16,2024-08-24,2024-08-26,Mumbai,Footwear,COD,1,3900.0
907183,522,34,2024-04-15,2024-04-18,Hyderabad,Beauty & Personal Care,Prepaid,2,820.0
907184,575,21,2024-11-03,2024-11-05,Mumbai,Electronics,COD,1,9950.0
907185,449,12,2024-04-29,2024-05-02,Mumbai,Footwear,Prepaid,1,2600.0
907186,100,30,2024-05-24,2024-05-27,Delhi NCR,Home & Kitchen,Prepaid,1,2550.0
907187,247,39,2024-09-30,2024-10-05,Delhi NCR,Beauty & Personal Care,COD,1,780.0
907188,225,43,2024-06-29,2024-07-04,Bangalore,Accessories,COD,1,910.0
907189,13,11,2024-05-02,2024-05-04,Kochi,Footwear,COD,1,2560.0
907190,415,41,2025-01-11,2025-01-15,Mumbai,Accessories,Prepaid,1,1390.0
907191,19,36,2024-08-26,2024-09-01,Kochi,Beauty & Personal Care,Prepaid,1,1130.0
907192,5,11,2025-01-30,2025-02-04,Mumbai,Footwear,COD,1,2560.0
907193,157,14,2024-08-29,2024-09-02,Pune,Footwear,COD,1,2370.0
907194,103,43,2024-07-11,2024-07-15,Bangalore,Accessories,COD,1,910.0
907195,543,43,2024-04-01,2024-04-03,Chennai,Accessories,COD,2,1820.0
907196,376,36,2025-02-05,2025-02-10,Hyderabad,Beauty & Personal Care,COD,1,1130.0
907197,453,44,2024-09-19,2024-09-24,Mumbai,Accessories,Prepaid,1,1130.0
907198,257,46,2024-05-02,2024-05-05,Hyderabad,Accessories,Prepaid,1,1320.0
907199,366,21,2024-05-07,2024-05-11,Delhi NCR,Electronics,COD,1,9950.0
907200,213,34,2024-09-29,2024-10-04,Bangalore,Beauty & Personal Care,COD,1,410.0
907201,313,8,2024-08-18,2024-08-24,Bangalore,Fashion & Apparel,Prepaid,1,1870.0
907202,394,23,2025-02-19,2025-02-25,Delhi NCR,Electronics,Prepaid,2,25560.0
907203,507,3,2024-06-11,2024-06-17,Bangalore,Fashion & Apparel,Prepaid,2,3540.0
907204,423,16,2024-12-11,2024-12-14,Bangalore,Footwear,Prepaid,2,7800.0
907205,352,21,2024-08-23,2024-08-26,Delhi NCR,Electronics,Prepaid,1,9950.0
907206,133,26,2024-05-24,2024-05-26,Kochi,Home & Kitchen,COD,1,2250.0
907207,149,32,2024-11-22,2024-11-28,Mumbai,Home & Kitchen,Prepaid,3,5970.0
907208,583,42,2024-05-21,2024-05-26,Bangalore,Accessories,Prepaid,1,810.0
907209,524,36,2024-04-19,2024-04-22,Pune,Beauty & Personal Care,COD,1,1130.0
907210,351,25,2024-08-04,2024-08-08,Pune,Home & Kitchen,Prepaid,1,3150.0
907211,200,43,2025-02-06,2025-02-10,Delhi NCR,Accessories,Prepaid,1,910.0
907212,22,34,2024-11-08,2024-11-13,Chennai,Beauty & Personal Care,COD,2,820.0
907213,33,30,2024-05-17,2024-05-19,Bangalore,Home & Kitchen,COD,1,2550.0
907214,355,7,2024-12-27,2024-12-29,Delhi NCR,Fashion & Apparel,Prepaid,1,2150.0
907215,292,4,2025-03-26,2025-03-28,Mumbai,Fashion & Apparel,Prepaid,3,2910.0
907216,282,30,2024-09-09,2024-09-14,Hyderabad,Home & Kitchen,Prepaid,1,2550.0
907217,528,22,2024-05-29,2024-05-31,Bangalore,Electronics,COD,2,26660.0
907218,564,8,2024-09-04,2024-09-06,Mumbai,Fashion & Apparel,Prepaid,1,1870.0
907219,240,25,2024-09-11,2024-09-14,Chennai,Home & Kitchen,Prepaid,2,6300.0
907220,387,9,2025-01-26,2025-01-30,Delhi NCR,Footwear,Prepaid,1,3370.0
907221,592,1,2025-01-09,2025-01-14,Mumbai,Fashion & Apparel,Prepaid,1,1110.0
907222,306,20,2024-07-19,2024-07-25,Chennai,Electronics,Prepaid,1,12810.0
907223,98,19,2024-12-29,2025-01-03,Bangalore,Electronics,Prepaid,2,21600.0
907224,8,10,2025-02-07,2025-02-13,Delhi NCR,Footwear,COD,1,3700.0
907225,95,3,2024-10-20,2024-10-22,Mumbai,Fashion & Apparel,Prepaid,1,1770.0
907226,324,24,2025-01-21,2025-01-27,Mumbai,Electronics,COD,1,11450.0
907227,370,6,2025-03-15,2025-03-17,Pune,Fashion & Apparel,Prepaid,1,1510.0
907228,101,44,2024-06-09,2024-06-15,Bangalore,Accessories,Prepaid,2,2260.0
907229,26,1,2024-04-25,2024-05-01,Hyderabad,Fashion & Apparel,Prepaid,1,1110.0
907230,345,6,2024-08-11,2024-08-14,Bangalore,Fashion & Apparel,Prepaid,1,1510.0
907231,59,14,2024-10-01,2024-10-03,Delhi NCR,Footwear,COD,1,2370.0
907232,487,20,2024-10-20,2024-10-22,Delhi NCR,Electronics,Prepaid,1,12810.0
907233,101,34,2024-06-16,2024-06-19,Bangalore,Beauty & Personal Care,COD,1,410.0
907234,109,21,2024-09-09,2024-09-13,Mumbai,Electronics,COD,2,19900.0
907235,384,17,2025-03-04,2025-03-10,Chennai,Electronics,Prepaid,1,13790.0
907236,385,17,2024-12-28,2025-01-02,Hyderabad,Electronics,Prepaid,1,13790.0
907237,130,15,2024-08-16,2024-08-18,Hyderabad,Footwear,Prepaid,1,3740.0
907238,230,9,2024-04-23,2024-04-29,Bangalore,Footwear,Prepaid,2,6740.0
907239,376,21,2024-12-08,2024-12-11,Hyderabad,Electronics,COD,1,9950.0
907240,188,39,2024-05-16,2024-05-21,Delhi NCR,Beauty & Personal Care,COD,2,1560.0
907241,227,45,2024-10-08,2024-10-12,Bangalore,Accessories,Prepaid,1,1290.0
907242,387,1,2024-07-01,2024-07-04,Delhi NCR,Fashion & Apparel,COD,1,1110.0
907243,107,47,2024-06-28,2024-07-04,Chennai,Accessories,Prepaid,1,890.0
907244,361,7,2024-11-06,2024-11-09,Chennai,Fashion & Apparel,Prepaid,1,2150.0
907245,90,8,2024-04-14,2024-04-20,Pune,Fashion & Apparel,Prepaid,3,5610.0
907246,178,31,2024-04-24,2024-04-28,Chennai,Home & Kitchen,Prepaid,1,1740.0
907247,360,22,2024-08-18,2024-08-24,Delhi NCR,Electronics,Prepaid,1,13330.0
907248,46,35,2024-05-13,2024-05-15,Bangalore,Beauty & Personal Care,Prepaid,1,590.0
907249,575,44,2024-09-04,2024-09-09,Mumbai,Accessories,Prepaid,1,1130.0
907250,96,42,2024-11-10,2024-11-15,Mumbai,Accessories,COD,1,810.0
907251,489,29,2024-06-15,2024-06-20,Delhi NCR,Home & Kitchen,Prepaid,1,2450.0
907252,167,29,2024-11-06,2024-11-12,Chennai,Home & Kitchen,Prepaid,1,2450.0
907253,154,7,2024-12-23,2024-12-28,Chennai,Fashion & Apparel,COD,1,2150.0
907254,439,16,2024-08-30,2024-09-02,Hyderabad,Footwear,COD,1,3900.0
907255,500,39,2024-11-14,2024-11-16,Delhi NCR,Beauty & Personal Care,Prepaid,1,780.0
907256,191,20,2025-03-08,2025-03-13,Pune,Electronics,Prepaid,1,12810.0
907257,536,3,2024-06-11,2024-06-14,Chennai,Fashion & Apparel,COD,1,1770.0
907258,222,1,2024-07-29,2024-08-03,Bangalore,Fashion & Apparel,COD,1,1110.0
907259,386,3,2024-06-29,2024-07-03,Kochi,Fashion & Apparel,Prepaid,1,1770.0
907260,356,39,2024-05-09,2024-05-15,Mumbai,Beauty & Personal Care,COD,1,780.0
907261,155,10,2024-10-16,2024-10-20,Chennai,Footwear,COD,1,3700.0
907262,541,28,2025-02-03,2025-02-07,Bangalore,Home & Kitchen,Prepaid,1,3170.0
907263,429,26,2024-04-02,2024-04-05,Bangalore,Home & Kitchen,Prepaid,1,2250.0
907264,576,44,2024-09-12,2024-09-18,Chennai,Accessories,COD,1,1130.0
907265,176,37,2024-11-08,2024-11-14,Kochi,Beauty & Personal Care,Prepaid,2,1620.0
907266,579,3,2024-12-14,2024-12-19,Hyderabad,Fashion & Apparel,Prepaid,3,5310.0
907267,508,38,2025-02-26,2025-03-03,Mumbai,Beauty & Personal Care,Prepaid,1,510.0
907268,569,15,2024-08-11,2024-08-14,Bangalore,Footwear,COD,1,3740.0
907269,282,6,2024-12-05,2024-12-08,Hyderabad,Fashion & Apparel,Prepaid,1,1510.0
907270,169,18,2024-12-10,2024-12-12,Hyderabad,Electronics,Prepaid,1,13140.0
907271,409,25,2024-10-12,2024-10-14,Mumbai,Home & Kitchen,Prepaid,2,6300.0
907272,395,13,2024-05-01,2024-05-07,Delhi NCR,Footwear,COD,1,3000.0
907273,218,7,2024-11-11,2024-11-17,Bangalore,Fashion & Apparel,COD,2,4300.0
907274,582,46,2025-01-23,2025-01-29,Hyderabad,Accessories,Prepaid,1,1320.0
907275,540,45,2025-01-19,2025-01-21,Delhi NCR,Accessories,COD,1,1290.0
907276,151,23,2024-11-07,2024-11-12,Pune,Electronics,Prepaid,1,12780.0
907277,411,41,2024-05-04,2024-05-06,Pune,Accessories,Prepaid,1,1390.0
907278,231,46,2024-04-19,2024-04-24,Bangalore,Accessories,COD,2,2640.0
907279,528,47,2024-11-13,2024-11-16,Bangalore,Accessories,Prepaid,1,890.0
907280,537,8,2024-12-27,2024-12-30,Delhi NCR,Fashion & Apparel,Prepaid,1,1870.0
907281,558,45,2024-06-20,2024-06-23,Kochi,Accessories,Prepaid,1,1290.0
907282,367,5,2024-07-28,2024-07-31,Mumbai,Fashion & Apparel,Prepaid,1,1960.0
907283,489,17,2024-04-29,2024-05-04,Delhi NCR,Electronics,Prepaid,2,27580.0
907284,34,5,2024-05-24,2024-05-29,Bangalore,Fashion & Apparel,COD,1,1960.0
907285,304,15,2024-04-14,2024-04-17,Pune,Footwear,Prepaid,1,3740.0
907286,83,40,2024-11-19,2024-11-24,Delhi NCR,Beauty & Personal Care,COD,1,540.0
907287,171,11,2024-07-05,2024-07-10,Bangalore,Footwear,Prepaid,1,2560.0
907288,111,33,2024-09-08,2024-09-12,Bangalore,Beauty & Personal Care,COD,1,740.0
907289,414,44,2025-03-22,2025-03-26,Delhi NCR,Accessories,Prepaid,1,1130.0
907290,235,24,2024-10-14,2024-10-16,Hyderabad,Electronics,COD,2,22900.0
907291,19,13,2024-04-07,2024-04-10,Kochi,Footwear,Prepaid,1,3000.0
907292,111,7,2024-09-09,2024-09-14,Bangalore,Fashion & Apparel,Prepaid,1,2150.0
907293,36,10,2025-01-30,2025-02-02,Pune,Footwear,Prepaid,1,3700.0
907294,117,22,2024-09-24,2024-09-27,Mumbai,Electronics,COD,1,13330.0
907295,87,9,2024-07-22,2024-07-25,Pune,Footwear,Prepaid,1,3370.0
907296,260,37,2024-11-09,2024-11-11,Pune,Beauty & Personal Care,COD,3,2430.0
907297,295,32,2024-09-04,2024-09-06,Delhi NCR,Home & Kitchen,COD,1,1990.0
907298,460,30,2025-02-03,2025-02-06,Delhi NCR,Home & Kitchen,Prepaid,1,2550.0
907299,363,12,2024-10-14,2024-10-16,Hyderabad,Footwear,COD,1,2600.0
907300,597,3,2024-10-17,2024-10-21,Mumbai,Fashion & Apparel,COD,1,1770.0
907301,335,43,2024-10-01,2024-10-05,Bangalore,Accessories,Prepaid,1,910.0
907302,484,10,2025-01-29,2025-02-04,Mumbai,Footwear,COD,1,3700.0
907303,294,44,2024-12-08,2024-12-12,Hyderabad,Accessories,Prepaid,2,2260.0
907304,94,26,2024-08-28,2024-09-03,Delhi NCR,Home & Kitchen,Prepaid,1,2250.0
907305,486,5,2025-01-09,2025-01-15,Pune,Fashion & Apparel,Prepaid,1,1960.0
907306,151,16,2024-09-22,2024-09-27,Pune,Footwear,Prepaid,3,11700.0
907307,101,9,2024-05-02,2024-05-05,Bangalore,Footwear,COD,1,3370.0
907308,38,18,2024-08-15,2024-08-18,Bangalore,Electronics,Prepaid,1,13140.0
907309,136,37,2024-05-06,2024-05-11,Bangalore,Beauty & Personal Care,COD,1,810.0
907310,44,4,2024-07-27,2024-07-31,Chennai,Fashion & Apparel,Prepaid,1,970.0
907311,178,8,2024-04-09,2024-04-14,Chennai,Fashion & Apparel,Prepaid,1,1870.0
907312,339,42,2025-03-01,2025-03-04,Delhi NCR,Accessories,COD,1,810.0
907313,287,28,2024-07-08,2024-07-11,Pune,Home & Kitchen,COD,1,3170.0
907314,33,2,2024-04-10,2024-04-16,Bangalore,Fashion & Apparel,Prepaid,1,1190.0
907315,31,4,2024-08-23,2024-08-28,Mumbai,Fashion & Apparel,COD,1,970.0
907316,119,14,2024-11-14,2024-11-19,Delhi NCR,Footwear,COD,1,2370.0
907317,356,20,2024-05-03,2024-05-06,Mumbai,Electronics,Prepaid,1,12810.0
907318,472,48,2024-05-20,2024-05-24,Bangalore,Accessories,Prepaid,2,3120.0
907319,419,17,2024-12-07,2024-12-09,Delhi NCR,Electronics,COD,1,13790.0
907320,144,40,2024-08-17,2024-08-21,Kochi,Beauty & Personal Care,Prepaid,1,540.0
907321,146,14,2025-02-28,2025-03-06,Hyderabad,Footwear,Prepaid,2,4740.0
907322,345,9,2024-04-09,2024-04-12,Bangalore,Footwear,Prepaid,1,3370.0
907323,76,31,2025-01-26,2025-01-31,Chennai,Home & Kitchen,Prepaid,1,1740.0
907324,486,12,2024-11-05,2024-11-07,Pune,Footwear,COD,1,2600.0
907325,334,12,2024-04-21,2024-04-25,Kochi,Footwear,COD,1,2600.0
907326,175,10,2024-09-19,2024-09-25,Mumbai,Footwear,Prepaid,1,3700.0
907327,23,33,2024-06-01,2024-06-05,Pune,Beauty & Personal Care,COD,1,740.0
907328,228,10,2025-01-17,2025-01-19,Pune,Footwear,Prepaid,1,3700.0
907329,582,2,2024-07-27,2024-07-30,Hyderabad,Fashion & Apparel,Prepaid,1,1190.0
907330,293,40,2024-07-15,2024-07-19,Delhi NCR,Beauty & Personal Care,COD,1,540.0
907331,421,3,2024-07-26,2024-07-31,Mumbai,Fashion & Apparel,Prepaid,1,1770.0
907332,101,9,2025-01-28,2025-01-31,Bangalore,Footwear,Prepaid,1,3370.0
907333,295,29,2024-10-10,2024-10-16,Delhi NCR,Home & Kitchen,COD,1,2450.0
907334,445,8,2024-05-25,2024-05-27,Chennai,Fashion & Apparel,Prepaid,1,1870.0
907335,73,46,2024-04-14,2024-04-19,Chennai,Accessories,Prepaid,1,1320.0
907336,69,27,2025-02-27,2025-03-03,Bangalore,Home & Kitchen,COD,1,1080.0
907337,262,20,2024-12-12,2024-12-18,Hyderabad,Electronics,Prepaid,2,25620.0
907338,469,46,2024-07-14,2024-07-19,Delhi NCR,Accessories,Prepaid,2,2640.0
907339,254,14,2024-05-06,2024-05-08,Bangalore,Footwear,Prepaid,1,2370.0
907340,365,31,2024-08-13,2024-08-16,Delhi NCR,Home & Kitchen,Prepaid,1,1740.0
907341,584,42,2024-09-22,2024-09-28,Delhi NCR,Accessories,Prepaid,1,810.0
907342,82,3,2024-09-25,2024-09-28,Hyderabad,Fashion & Apparel,COD,1,1770.0
907343,281,27,2024-04-11,2024-04-14,Mumbai,Home & Kitchen,Prepaid,1,1080.0
907344,361,19,2024-08-04,2024-08-09,Chennai,Electronics,Prepaid,1,10800.0
907345,395,36,2024-08-13,2024-08-15,Delhi NCR,Beauty & Personal Care,COD,1,1130.0
907346,346,11,2024-10-10,2024-10-14,Bangalore,Footwear,Prepaid,1,2560.0
907347,328,38,2024-08-04,2024-08-06,Delhi NCR,Beauty & Personal Care,Prepaid,1,510.0
907348,163,15,2024-07-07,2024-07-10,Mumbai,Footwear,COD,1,3740.0
907349,360,37,2025-03-06,2025-03-08,Delhi NCR,Beauty & Personal Care,Prepaid,1,810.0
907350,74,35,2025-01-25,2025-01-29,Hyderabad,Beauty & Personal Care,COD,2,1180.0
907351,123,9,2025-01-26,2025-02-01,Pune,Footwear,Prepaid,1,3370.0
907352,186,4,2025-02-09,2025-02-15,Hyderabad,Fashion & Apparel,COD,1,970.0
907353,17,44,2025-02-14,2025-02-20,Kochi,Accessories,COD,1,1130.0
907354,474,46,2024-08-27,2024-08-30,Hyderabad,Accessories,Prepaid,1,1320.0
907355,39,7,2024-11-12,2024-11-18,Pune,Fashion & Apparel,Prepaid,1,2150.0
907356,564,17,2024-04-25,2024-04-28,Mumbai,Electronics,COD,1,13790.0
907357,448,11,2024-05-19,2024-05-23,Pune,Footwear,COD,1,2560.0
907358,231,27,2024-07-26,2024-08-01,Bangalore,Home & Kitchen,Prepaid,1,1080.0
907359,215,41,2024-08-13,2024-08-17,Hyderabad,Accessories,COD,1,1390.0
907360,538,17,2024-05-03,2024-05-07,Bangalore,Electronics,COD,2,27580.0
907361,272,5,2025-01-29,2025-02-03,Delhi NCR,Fashion & Apparel,Prepaid,1,1960.0
907362,201,27,2024-10-01,2024-10-03,Hyderabad,Home & Kitchen,Prepaid,1,1080.0
907363,302,13,2024-07-11,2024-07-16,Bangalore,Footwear,COD,1,3000.0
907364,408,36,2024-09-11,2024-09-16,Pune,Beauty & Personal Care,COD,1,1130.0
907365,351,33,2024-08-11,2024-08-17,Pune,Beauty & Personal Care,Prepaid,1,740.0
907366,474,39,2024-08-22,2024-08-27,Hyderabad,Beauty & Personal Care,COD,1,780.0
907367,560,17,2025-02-10,2025-02-15,Kochi,Electronics,Prepaid,1,13790.0
907368,126,44,2025-03-02,2025-03-05,Mumbai,Accessories,COD,1,1130.0
907369,355,47,2025-01-21,2025-01-24,Delhi NCR,Accessories,Prepaid,1,890.0
907370,75,34,2024-07-22,2024-07-26,Hyderabad,Beauty & Personal Care,Prepaid,1,410.0
907371,519,32,2024-09-12,2024-09-15,Delhi NCR,Home & Kitchen,Prepaid,1,1990.0
907372,284,31,2025-02-02,2025-02-08,Bangalore,Home & Kitchen,COD,2,3480.0
907373,98,39,2024-07-26,2024-08-01,Bangalore,Beauty & Personal Care,COD,1,780.0
907374,19,11,2024-04-06,2024-04-10,Kochi,Footwear,Prepaid,1,2560.0
907375,396,48,2024-09-09,2024-09-12,Delhi NCR,Accessories,COD,1,1560.0
907376,517,46,2025-01-01,2025-01-06,Chennai,Accessories,COD,1,1320.0
907377,541,38,2024-09-13,2024-09-15,Bangalore,Beauty & Personal Care,Prepaid,1,510.0
907378,165,17,2024-09-20,2024-09-26,Chennai,Electronics,Prepaid,1,13790.0
907379,147,21,2024-11-30,2024-12-06,Mumbai,Electronics,COD,1,9950.0
907380,412,46,2024-05-28,2024-05-31,Bangalore,Accessories,Prepaid,2,2640.0
907381,145,8,2024-04-04,2024-04-06,Bangalore,Fashion & Apparel,COD,1,1870.0
907382,154,46,2025-01-28,2025-02-02,Chennai,Accessories,COD,1,1320.0
907383,197,9,2024-10-11,2024-10-13,Hyderabad,Footwear,Prepaid,1,3370.0
907384,30,8,2024-10-12,2024-10-18,Pune,Fashion & Apparel,COD,2,3740.0
907385,109,36,2024-11-30,2024-12-03,Mumbai,Beauty & Personal Care,Prepaid,1,1130.0
907386,249,27,2025-03-13,2025-03-15,Pune,Home & Kitchen,Prepaid,1,1080.0
907387,36,41,2025-01-18,2025-01-22,Pune,Accessories,Prepaid,1,1390.0
907388,150,15,2024-04-21,2024-04-23,Kochi,Footwear,Prepaid,1,3740.0
907389,15,9,2024-08-24,2024-08-27,Bangalore,Footwear,COD,1,3370.0
907390,110,20,2024-12-25,2024-12-30,Pune,Electronics,Prepaid,1,12810.0
907391,35,12,2024-09-11,2024-09-13,Delhi NCR,Footwear,Prepaid,1,2600.0
907392,345,31,2024-11-09,2024-11-15,Bangalore,Home & Kitchen,COD,1,1740.0
907393,179,44,2025-03-19,2025-03-23,Hyderabad,Accessories,Prepaid,1,1130.0
907394,283,46,2024-11-10,2024-11-16,Mumbai,Accessories,COD,1,1320.0
907395,432,25,2025-02-26,2025-02-28,Hyderabad,Home & Kitchen,Prepaid,2,6300.0
907396,277,13,2025-03-07,2025-03-10,Bangalore,Footwear,COD,1,3000.0
907397,165,19,2024-11-03,2024-11-09,Chennai,Electronics,Prepaid,1,10800.0
907398,359,20,2024-11-10,2024-11-15,Pune,Electronics,Prepaid,1,12810.0
907399,243,4,2024-12-21,2024-12-25,Chennai,Fashion & Apparel,COD,1,970.0
907400,547,28,2024-12-31,2025-01-02,Bangalore,Home & Kitchen,COD,2,6340.0
907401,270,1,2025-01-09,2025-01-12,Mumbai,Fashion & Apparel,Prepaid,1,1110.0
907402,516,7,2025-03-20,2025-03-22,Mumbai,Fashion & Apparel,Prepaid,1,2150.0
907403,594,17,2024-04-04,2024-04-09,Hyderabad,Electronics,COD,1,13790.0
907404,415,40,2024-09-18,2024-09-24,Mumbai,Beauty & Personal Care,Prepaid,1,540.0
907405,59,3,2024-07-01,2024-07-03,Delhi NCR,Fashion & Apparel,COD,2,3540.0
907406,405,46,2024-11-15,2024-11-19,Pune,Accessories,COD,2,2640.0
907407,80,27,2024-06-23,2024-06-25,Mumbai,Home & Kitchen,COD,1,1080.0
907408,594,19,2024-04-02,2024-04-05,Hyderabad,Electronics,Prepaid,1,10800.0
907409,235,17,2024-09-26,2024-10-01,Hyderabad,Electronics,COD,1,13790.0
907410,552,46,2024-05-05,2024-05-08,Chennai,Accessories,Prepaid,1,1320.0
907411,479,33,2025-03-01,2025-03-07,Chennai,Beauty & Personal Care,COD,1,740.0
907412,102,39,2024-05-17,2024-05-19,Delhi NCR,Beauty & Personal Care,Prepaid,1,780.0
907413,600,27,2025-03-02,2025-03-08,Mumbai,Home & Kitchen,COD,2,2160.0
907414,87,24,2024-05-11,2024-05-16,Pune,Electronics,COD,1,11450.0
907415,590,38,2025-01-28,2025-01-31,Mumbai,Beauty & Personal Care,Prepaid,2,1020.0
907416,201,17,2024-09-16,2024-09-19,Hyderabad,Electronics,COD,1,13790.0
907417,194,48,2024-07-10,2024-07-13,Delhi NCR,Accessories,COD,1,1560.0
907418,86,28,2024-07-09,2024-07-13,Mumbai,Home & Kitchen,Prepaid,1,3170.0
907419,153,20,2024-06-08,2024-06-13,Bangalore,Electronics,Prepaid,1,12810.0
907420,49,31,2024-07-07,2024-07-09,Hyderabad,Home & Kitchen,Prepaid,1,1740.0
907421,239,7,2025-03-22,2025-03-24,Kochi,Fashion & Apparel,COD,1,2150.0
907422,21,17,2025-01-11,2025-01-13,Mumbai,Electronics,COD,1,13790.0
907423,550,45,2024-09-26,2024-09-29,Mumbai,Accessories,Prepaid,1,1290.0
907424,258,13,2025-03-17,2025-03-23,Delhi NCR,Footwear,COD,1,3000.0
907425,408,32,2024-07-15,2024-07-21,Pune,Home & Kitchen,Prepaid,2,3980.0
907426,36,12,2025-02-02,2025-02-06,Pune,Footwear,Prepaid,1,2600.0
907427,259,27,2024-04-25,2024-05-01,Bangalore,Home & Kitchen,Prepaid,1,1080.0
907428,133,38,2025-03-11,2025-03-16,Kochi,Beauty & Personal Care,COD,1,510.0
907429,561,32,2025-02-10,2025-02-16,Pune,Home & Kitchen,COD,1,1990.0
907430,542,12,2024-04-20,2024-04-26,Delhi NCR,Footwear,COD,1,2600.0
907431,9,9,2024-08-05,2024-08-07,Bangalore,Footwear,Prepaid,1,3370.0
907432,255,48,2025-03-03,2025-03-07,Kochi,Accessories,Prepaid,1,1560.0
907433,268,18,2025-01-14,2025-01-20,Delhi NCR,Electronics,Prepaid,1,13140.0
907434,558,16,2025-03-17,2025-03-20,Kochi,Footwear,COD,2,7800.0
907435,86,32,2024-11-29,2024-12-03,Mumbai,Home & Kitchen,Prepaid,3,5970.0
907436,13,14,2024-11-17,2024-11-19,Kochi,Footwear,Prepaid,1,2370.0
907437,525,14,2024-08-29,2024-09-03,Pune,Footwear,COD,1,2370.0
907438,431,15,2024-08-30,2024-09-04,Pune,Footwear,Prepaid,1,3740.0
907439,367,34,2024-12-24,2024-12-29,Mumbai,Beauty & Personal Care,COD,1,410.0
907440,535,25,2024-10-14,2024-10-20,Bangalore,Home & Kitchen,Prepaid,1,3150.0
907441,517,24,2024-12-02,2024-12-08,Chennai,Electronics,Prepaid,2,22900.0
907442,99,16,2024-10-24,2024-10-26,Delhi NCR,Footwear,Prepaid,3,11700.0
907443,21,33,2024-06-13,2024-06-15,Mumbai,Beauty & Personal Care,Prepaid,1,740.0
907444,253,36,2024-06-08,2024-06-12,Bangalore,Beauty & Personal Care,COD,1,1130.0
907445,549,29,2024-09-19,2024-09-22,Kochi,Home & Kitchen,COD,2,4900.0
907446,110,34,2024-10-07,2024-10-11,Pune,Beauty & Personal Care,Prepaid,1,410.0
907447,301,31,2025-01-28,2025-01-31,Bangalore,Home & Kitchen,Prepaid,1,1740.0
907448,40,8,2025-03-16,2025-03-18,Mumbai,Fashion & Apparel,Prepaid,1,1870.0
907449,527,27,2025-02-22,2025-02-25,Bangalore,Home & Kitchen,Prepaid,1,1080.0
907450,92,24,2024-04-06,2024-04-11,Hyderabad,Electronics,Prepaid,3,34350.0
907451,11,9,2024-04-12,2024-04-16,Hyderabad,Footwear,Prepaid,2,6740.0
907452,21,14,2024-05-03,2024-05-07,Mumbai,Footwear,Prepaid,1,2370.0
907453,534,24,2024-09-13,2024-09-19,Mumbai,Electronics,Prepaid,1,11450.0
907454,59,30,2024-11-23,2024-11-29,Delhi NCR,Home & Kitchen,COD,1,2550.0
907455,593,32,2024-05-12,2024-05-17,Pune,Home & Kitchen,Prepaid,1,1990.0
907456,214,24,2025-02-04,2025-02-08,Bangalore,Electronics,COD,2,22900.0
907457,301,21,2024-06-19,2024-06-21,Bangalore,Electronics,COD,1,9950.0
907458,235,34,2024-07-23,2024-07-27,Hyderabad,Beauty & Personal Care,Prepaid,1,410.0
907459,92,41,2024-09-28,2024-10-02,Hyderabad,Accessories,Prepaid,2,2780.0
907460,55,4,2024-04-04,2024-04-07,Delhi NCR,Fashion & Apparel,COD,2,1940.0
907461,461,27,2024-04-04,2024-04-10,Chennai,Home & Kitchen,Prepaid,2,2160.0
907462,406,26,2025-01-01,2025-01-05,Pune,Home & Kitchen,Prepaid,2,4500.0
907463,244,8,2025-01-18,2025-01-21,Mumbai,Fashion & Apparel,COD,1,1870.0
907464,237,2,2024-04-13,2024-04-17,Hyderabad,Fashion & Apparel,Prepaid,1,1190.0
907465,123,18,2024-07-18,2024-07-21,Pune,Electronics,Prepaid,1,13140.0
907466,91,36,2024-08-16,2024-08-19,Bangalore,Beauty & Personal Care,COD,1,1130.0
907467,168,21,2024-05-30,2024-06-02,Bangalore,Electronics,COD,2,19900.0
907468,329,12,2025-03-19,2025-03-23,Hyderabad,Footwear,Prepaid,1,2600.0
907469,232,7,2024-09-11,2024-09-16,Bangalore,Fashion & Apparel,Prepaid,2,4300.0
907470,167,21,2024-09-26,2024-10-02,Chennai,Electronics,COD,1,9950.0
907471,566,11,2024-08-30,2024-09-05,Pune,Footwear,Prepaid,1,2560.0
907472,10,44,2024-04-20,2024-04-24,Pune,Accessories,COD,1,1130.0
907473,4,5,2024-08-29,2024-09-03,Chennai,Fashion & Apparel,COD,1,1960.0
907474,75,43,2024-06-17,2024-06-21,Hyderabad,Accessories,Prepaid,2,1820.0
907475,229,48,2025-01-14,2025-01-20,Hyderabad,Accessories,Prepaid,1,1560.0
907476,369,21,2025-01-20,2025-01-23,Delhi NCR,Electronics,Prepaid,1,9950.0
907477,60,11,2024-08-11,2024-08-14,Bangalore,Footwear,COD,1,2560.0
907478,265,42,2024-09-26,2024-10-01,Chennai,Accessories,Prepaid,1,810.0
907479,224,10,2024-12-28,2025-01-01,Kochi,Footwear,COD,1,3700.0
907480,37,11,2024-10-05,2024-10-07,Kochi,Footwear,Prepaid,1,2560.0
907481,511,39,2024-07-23,2024-07-26,Bangalore,Beauty & Personal Care,COD,2,1560.0
907482,560,43,2024-11-21,2024-11-27,Kochi,Accessories,Prepaid,1,910.0
907483,94,46,2024-09-16,2024-09-18,Delhi NCR,Accessories,Prepaid,1,1320.0
907484,361,6,2024-04-24,2024-04-26,Chennai,Fashion & Apparel,Prepaid,1,1510.0
907485,565,38,2025-01-14,2025-01-18,Pune,Beauty & Personal Care,Prepaid,1,510.0
907486,461,18,2025-03-13,2025-03-16,Chennai,Electronics,Prepaid,1,13140.0
907487,420,40,2024-04-01,2024-04-07,Chennai,Beauty & Personal Care,Prepaid,2,1080.0
907488,590,29,2025-01-11,2025-01-17,Mumbai,Home & Kitchen,COD,1,2450.0
907489,76,6,2024-09-24,2024-09-30,Chennai,Fashion & Apparel,Prepaid,2,3020.0
907490,99,46,2024-08-09,2024-08-12,Delhi NCR,Accessories,COD,1,1320.0
907491,344,11,2024-05-25,2024-05-28,Mumbai,Footwear,Prepaid,1,2560.0
907492,210,46,2024-10-13,2024-10-19,Chennai,Accessories,Prepaid,2,2640.0
907493,82,18,2025-01-16,2025-01-20,Hyderabad,Electronics,COD,1,13140.0
907494,498,3,2024-04-01,2024-04-04,Mumbai,Fashion & Apparel,Prepaid,2,3540.0
907495,269,11,2025-01-18,2025-01-23,Pune,Footwear,COD,2,5120.0
907496,389,11,2024-04-17,2024-04-19,Bangalore,Footwear,Prepaid,1,2560.0
907497,529,11,2024-07-28,2024-08-03,Pune,Footwear,Prepaid,2,5120.0
907498,12,19,2024-04-28,2024-05-01,Pune,Electronics,Prepaid,2,21600.0
907499,489,37,2024-09-04,2024-09-06,Delhi NCR,Beauty & Personal Care,COD,2,1620.0
907500,569,28,2024-07-28,2024-07-30,Bangalore,Home & Kitchen,COD,1,3170.0
907501,155,26,2024-11-14,2024-11-17,Chennai,Home & Kitchen,Prepaid,1,2250.0
907502,592,24,2024-10-19,2024-10-22,Mumbai,Electronics,COD,1,11450.0
907503,251,27,2024-06-25,2024-06-27,Delhi NCR,Home & Kitchen,Prepaid,1,1080.0
907504,132,38,2024-04-19,2024-04-23,Chennai,Beauty & Personal Care,Prepaid,1,510.0
907505,393,19,2024-12-23,2024-12-28,Delhi NCR,Electronics,COD,1,10800.0
907506,439,35,2024-04-07,2024-04-10,Hyderabad,Beauty & Personal Care,Prepaid,1,590.0
907507,60,12,2024-09-14,2024-09-18,Bangalore,Footwear,COD,2,5200.0
907508,371,48,2024-04-23,2024-04-27,Bangalore,Accessories,COD,1,1560.0
907509,33,33,2025-03-26,2025-03-29,Bangalore,Beauty & Personal Care,COD,1,740.0
907510,585,34,2024-09-16,2024-09-18,Bangalore,Beauty & Personal Care,COD,1,410.0
907511,245,40,2024-06-18,2024-06-22,Mumbai,Beauty & Personal Care,Prepaid,3,1620.0
907512,503,30,2024-08-27,2024-09-01,Chennai,Home & Kitchen,COD,2,5100.0
907513,592,42,2025-01-24,2025-01-27,Mumbai,Accessories,Prepaid,1,810.0
907514,472,4,2024-04-11,2024-04-17,Bangalore,Fashion & Apparel,Prepaid,1,970.0
907515,443,48,2024-08-09,2024-08-15,Hyderabad,Accessories,COD,1,1560.0
907516,420,36,2024-10-13,2024-10-15,Chennai,Beauty & Personal Care,Prepaid,1,1130.0
907517,358,41,2025-03-11,2025-03-14,Pune,Accessories,COD,1,1390.0
907518,271,42,2024-10-18,2024-10-20,Chennai,Accessories,Prepaid,1,810.0
907519,199,27,2024-11-15,2024-11-20,Bangalore,Home & Kitchen,COD,1,1080.0
907520,435,17,2024-05-27,2024-05-29,Bangalore,Electronics,Prepaid,1,13790.0
907521,113,46,2024-06-21,2024-06-27,Kochi,Accessories,Prepaid,1,1320.0
907522,581,13,2025-01-22,2025-01-28,Bangalore,Footwear,COD,1,3000.0
907523,446,8,2024-12-12,2024-12-15,Pune,Fashion & Apparel,COD,1,1870.0
907524,218,25,2025-01-19,2025-01-25,Bangalore,Home & Kitchen,Prepaid,1,3150.0
907525,117,16,2024-11-16,2024-11-21,Mumbai,Footwear,Prepaid,1,3900.0
907526,12,43,2024-08-03,2024-08-06,Pune,Accessories,Prepaid,1,910.0
907527,174,20,2024-06-01,2024-06-04,Bangalore,Electronics,COD,1,12810.0
907528,493,8,2024-05-12,2024-05-18,Mumbai,Fashion & Apparel,Prepaid,1,1870.0
907529,556,3,2025-01-30,2025-02-01,Pune,Fashion & Apparel,Prepaid,3,5310.0
907530,571,30,2024-12-22,2024-12-28,Delhi NCR,Home & Kitchen,Prepaid,1,2550.0
907531,110,29,2024-09-08,2024-09-10,Pune,Home & Kitchen,COD,1,2450.0
907532,365,32,2024-07-18,2024-07-24,Delhi NCR,Home & Kitchen,Prepaid,1,1990.0
907533,265,16,2024-09-21,2024-09-26,Chennai,Footwear,Prepaid,2,7800.0
907534,66,34,2024-11-19,2024-11-21,Delhi NCR,Beauty & Personal Care,COD,1,410.0
907535,117,17,2024-09-04,2024-09-10,Mumbai,Electronics,COD,1,13790.0
907536,378,38,2024-10-13,2024-10-16,Kochi,Beauty & Personal Care,COD,3,1530.0
907537,91,32,2024-08-30,2024-09-01,Bangalore,Home & Kitchen,Prepaid,1,1990.0
907538,569,2,2024-08-22,2024-08-24,Bangalore,Fashion & Apparel,COD,1,1190.0
907539,434,19,2024-06-04,2024-06-10,Chennai,Electronics,Prepaid,1,10800.0
907540,3,37,2024-09-20,2024-09-23,Bangalore,Beauty & Personal Care,COD,1,810.0
907541,432,4,2024-09-30,2024-10-04,Hyderabad,Fashion & Apparel,COD,1,970.0
907542,530,40,2024-06-29,2024-07-05,Delhi NCR,Beauty & Personal Care,Prepaid,2,1080.0
907543,447,21,2024-10-01,2024-10-06,Bangalore,Electronics,Prepaid,2,19900.0
907544,240,37,2024-09-04,2024-09-09,Chennai,Beauty & Personal Care,COD,1,810.0
907545,10,6,2025-03-16,2025-03-22,Pune,Fashion & Apparel,Prepaid,1,1510.0
907546,181,6,2025-02-12,2025-02-14,Kochi,Fashion & Apparel,Prepaid,2,3020.0
907547,171,15,2024-05-26,2024-05-29,Bangalore,Footwear,COD,1,3740.0
907548,314,31,2024-07-11,2024-07-14,Kochi,Home & Kitchen,COD,1,1740.0
907549,31,35,2024-09-02,2024-09-08,Mumbai,Beauty & Personal Care,COD,1,590.0
907550,534,26,2024-08-06,2024-08-09,Mumbai,Home & Kitchen,COD,1,2250.0
907551,382,26,2024-09-16,2024-09-18,Pune,Home & Kitchen,Prepaid,1,2250.0
907552,205,44,2024-07-30,2024-08-05,Chennai,Accessories,Prepaid,1,1130.0
907553,276,11,2024-06-15,2024-06-19,Bangalore,Footwear,COD,2,5120.0
907554,529,21,2024-04-08,2024-04-14,Pune,Electronics,Prepaid,1,9950.0
907555,142,7,2024-09-30,2024-10-03,Chennai,Fashion & Apparel,Prepaid,1,2150.0
907556,564,39,2024-07-21,2024-07-24,Mumbai,Beauty & Personal Care,COD,1,780.0
907557,572,30,2024-08-20,2024-08-26,Hyderabad,Home & Kitchen,Prepaid,1,2550.0
907558,583,3,2024-12-17,2024-12-20,Bangalore,Fashion & Apparel,Prepaid,1,1770.0
907559,393,3,2024-09-11,2024-09-16,Delhi NCR,Fashion & Apparel,Prepaid,1,1770.0
907560,599,26,2024-09-18,2024-09-22,Delhi NCR,Home & Kitchen,COD,1,2250.0
907561,176,48,2025-03-03,2025-03-09,Kochi,Accessories,Prepaid,1,1560.0
907562,285,18,2024-04-25,2024-04-28,Chennai,Electronics,Prepaid,1,13140.0
907563,532,23,2025-02-17,2025-02-23,Pune,Electronics,Prepaid,1,12780.0
907564,8,12,2024-11-05,2024-11-07,Delhi NCR,Footwear,Prepaid,1,2600.0
907565,55,26,2025-01-13,2025-01-17,Delhi NCR,Home & Kitchen,COD,1,2250.0
907566,243,12,2024-04-05,2024-04-10,Chennai,Footwear,COD,1,2600.0
907567,57,33,2024-06-17,2024-06-20,Delhi NCR,Beauty & Personal Care,Prepaid,1,740.0
907568,512,24,2025-01-21,2025-01-27,Kochi,Electronics,Prepaid,1,11450.0
907569,15,44,2024-11-16,2024-11-18,Bangalore,Accessories,Prepaid,2,2260.0
907570,173,8,2025-03-11,2025-03-16,Mumbai,Fashion & Apparel,COD,2,3740.0
907571,522,37,2024-08-19,2024-08-24,Hyderabad,Beauty & Personal Care,Prepaid,2,1620.0
907572,554,23,2024-11-19,2024-11-21,Bangalore,Electronics,COD,1,12780.0
907573,507,21,2024-04-04,2024-04-10,Bangalore,Electronics,Prepaid,2,19900.0
907574,334,12,2024-05-25,2024-05-27,Kochi,Footwear,COD,1,2600.0
907575,274,38,2024-11-18,2024-11-24,Mumbai,Beauty & Personal Care,COD,1,510.0
907576,384,7,2024-04-16,2024-04-18,Chennai,Fashion & Apparel,COD,2,4300.0
907577,31,30,2025-02-24,2025-02-26,Mumbai,Home & Kitchen,COD,1,2550.0
907578,488,11,2025-03-25,2025-03-31,Hyderabad,Footwear,Prepaid,2,5120.0
907579,196,4,2025-02-13,2025-02-16,Mumbai,Fashion & Apparel,Prepaid,1,970.0
907580,119,45,2024-10-31,2024-11-02,Delhi NCR,Accessories,COD,1,1290.0
907581,558,36,2024-12-23,2024-12-25,Kochi,Beauty & Personal Care,Prepaid,1,1130.0
907582,166,40,2024-12-08,2024-12-10,Bangalore,Beauty & Personal Care,COD,2,1080.0
907583,206,36,2024-05-22,2024-05-24,Chennai,Beauty & Personal Care,Prepaid,1,1130.0
907584,5,37,2025-02-15,2025-02-20,Mumbai,Beauty & Personal Care,COD,1,810.0
907585,265,17,2024-05-18,2024-05-24,Chennai,Electronics,Prepaid,1,13790.0
907586,287,37,2024-07-10,2024-07-12,Pune,Beauty & Personal Care,COD,1,810.0
907587,560,8,2024-04-03,2024-04-05,Kochi,Fashion & Apparel,Prepaid,2,3740.0
907588,241,21,2024-05-30,2024-06-03,Pune,Electronics,COD,1,9950.0
907589,293,2,2024-10-29,2024-11-02,Delhi NCR,Fashion & Apparel,Prepaid,1,1190.0
907590,8,22,2024-10-26,2024-10-31,Delhi NCR,Electronics,COD,1,13330.0
907591,74,20,2024-10-03,2024-10-09,Hyderabad,Electronics,Prepaid,1,12810.0
907592,75,8,2025-02-02,2025-02-07,Hyderabad,Fashion & Apparel,Prepaid,1,1870.0
907593,96,20,2024-05-28,2024-06-02,Mumbai,Electronics,Prepaid,1,12810.0
907594,369,7,2024-09-23,2024-09-29,Delhi NCR,Fashion & Apparel,COD,1,2150.0
907595,242,27,2024-06-05,2024-06-09,Kochi,Home & Kitchen,Prepaid,1,1080.0
907596,378,44,2024-11-09,2024-11-14,Kochi,Accessories,COD,1,1130.0
907597,570,20,2025-03-02,2025-03-06,Hyderabad,Electronics,Prepaid,1,12810.0
907598,230,7,2024-09-12,2024-09-16,Bangalore,Fashion & Apparel,COD,1,2150.0
907599,302,10,2025-02-02,2025-02-06,Bangalore,Footwear,COD,1,3700.0
907600,411,27,2024-04-11,2024-04-14,Pune,Home & Kitchen,Prepaid,1,1080.0
907601,452,21,2024-07-02,2024-07-05,Bangalore,Electronics,Prepaid,1,9950.0
907602,244,27,2025-02-28,2025-03-05,Mumbai,Home & Kitchen,Prepaid,1,1080.0
907603,533,13,2025-02-27,2025-03-05,Delhi NCR,Footwear,COD,1,3000.0
907604,535,17,2024-11-27,2024-12-01,Bangalore,Electronics,Prepaid,1,13790.0
907605,413,8,2024-12-06,2024-12-08,Delhi NCR,Fashion & Apparel,COD,1,1870.0
907606,458,26,2024-06-17,2024-06-19,Bangalore,Home & Kitchen,Prepaid,1,2250.0
907607,397,3,2024-05-06,2024-05-08,Bangalore,Fashion & Apparel,COD,1,1770.0
907608,574,41,2024-06-20,2024-06-24,Mumbai,Accessories,COD,1,1390.0
907609,194,7,2025-01-22,2025-01-24,Delhi NCR,Fashion & Apparel,COD,1,2150.0
907610,341,23,2024-09-17,2024-09-21,Hyderabad,Electronics,Prepaid,2,25560.0
907611,298,38,2024-10-01,2024-10-07,Mumbai,Beauty & Personal Care,COD,1,510.0
907612,261,26,2025-03-10,2025-03-14,Bangalore,Home & Kitchen,COD,1,2250.0
907613,510,17,2024-12-03,2024-12-08,Pune,Electronics,Prepaid,1,13790.0
907614,494,40,2024-12-13,2024-12-16,Bangalore,Beauty & Personal Care,Prepaid,1,540.0
907615,466,9,2025-01-05,2025-01-08,Hyderabad,Footwear,Prepaid,1,3370.0
907616,503,39,2025-01-25,2025-01-31,Chennai,Beauty & Personal Care,Prepaid,1,780.0
907617,69,15,2024-05-15,2024-05-21,Bangalore,Footwear,Prepaid,1,3740.0
907618,188,20,2024-06-15,2024-06-17,Delhi NCR,Electronics,COD,1,12810.0
907619,30,1,2024-09-05,2024-09-07,Pune,Fashion & Apparel,COD,1,1110.0
907620,294,41,2024-11-03,2024-11-07,Hyderabad,Accessories,Prepaid,2,2780.0
907621,171,25,2024-09-22,2024-09-25,Bangalore,Home & Kitchen,Prepaid,1,3150.0
907622,477,24,2025-02-14,2025-02-19,Pune,Electronics,Prepaid,1,11450.0
907623,37,43,2024-04-29,2024-05-01,Kochi,Accessories,COD,1,910.0
907624,317,35,2024-09-04,2024-09-08,Mumbai,Beauty & Personal Care,COD,1,590.0
907625,427,42,2024-07-17,2024-07-23,Bangalore,Accessories,COD,3,2430.0
907626,459,28,2025-02-02,2025-02-07,Hyderabad,Home & Kitchen,COD,2,6340.0
907627,367,25,2024-09-06,2024-09-11,Mumbai,Home & Kitchen,COD,2,6300.0
907628,403,46,2024-10-08,2024-10-12,Mumbai,Accessories,Prepaid,1,1320.0
907629,146,3,2024-12-26,2025-01-01,Hyderabad,Fashion & Apparel,COD,1,1770.0
907630,251,3,2024-07-30,2024-08-02,Delhi NCR,Fashion & Apparel,Prepaid,1,1770.0
907631,173,41,2024-09-19,2024-09-21,Mumbai,Accessories,Prepaid,1,1390.0
907632,306,39,2024-09-10,2024-09-14,Chennai,Beauty & Personal Care,Prepaid,2,1560.0
907633,95,2,2024-04-05,2024-04-09,Mumbai,Fashion & Apparel,COD,2,2380.0
907634,232,7,2024-04-12,2024-04-17,Bangalore,Fashion & Apparel,COD,1,2150.0
907635,294,30,2024-09-15,2024-09-21,Hyderabad,Home & Kitchen,Prepaid,1,2550.0
907636,153,6,2024-08-10,2024-08-16,Bangalore,Fashion & Apparel,COD,1,1510.0
907637,531,27,2024-07-15,2024-07-17,Kochi,Home & Kitchen,COD,1,1080.0
907638,362,26,2024-09-01,2024-09-05,Hyderabad,Home & Kitchen,Prepaid,1,2250.0
907639,412,23,2025-01-28,2025-01-31,Bangalore,Electronics,Prepaid,1,12780.0
907640,244,1,2025-03-04,2025-03-06,Mumbai,Fashion & Apparel,Prepaid,1,1110.0
907641,541,33,2025-01-22,2025-01-26,Bangalore,Beauty & Personal Care,Prepaid,1,740.0
907642,493,43,2025-02-07,2025-02-12,Mumbai,Accessories,Prepaid,1,910.0
907643,425,31,2024-06-23,2024-06-26,Hyderabad,Home & Kitchen,Prepaid,1,1740.0
907644,357,39,2024-06-01,2024-06-05,Mumbai,Beauty & Personal Care,Prepaid,1,780.0
907645,284,8,2024-05-23,2024-05-26,Bangalore,Fashion & Apparel,Prepaid,2,3740.0
907646,301,7,2024-04-20,2024-04-26,Bangalore,Fashion & Apparel,Prepaid,2,4300.0
907647,571,41,2024-07-20,2024-07-26,Delhi NCR,Accessories,COD,1,1390.0
907648,475,10,2025-01-13,2025-01-16,Bangalore,Footwear,Prepaid,1,3700.0
907649,98,28,2025-03-20,2025-03-25,Bangalore,Home & Kitchen,Prepaid,1,3170.0
907650,545,8,2024-05-27,2024-06-01,Mumbai,Fashion & Apparel,Prepaid,1,1870.0
907651,376,26,2024-04-02,2024-04-08,Hyderabad,Home & Kitchen,Prepaid,2,4500.0
907652,562,11,2025-03-06,2025-03-08,Kochi,Footwear,Prepaid,1,2560.0
907653,219,39,2024-11-02,2024-11-07,Hyderabad,Beauty & Personal Care,Prepaid,2,1560.0
907654,171,25,2025-01-11,2025-01-15,Bangalore,Home & Kitchen,COD,1,3150.0
907655,586,16,2024-07-25,2024-07-29,Bangalore,Footwear,Prepaid,3,11700.0
907656,235,35,2024-07-03,2024-07-07,Hyderabad,Beauty & Personal Care,Prepaid,2,1180.0
907657,209,33,2024-10-03,2024-10-09,Bangalore,Beauty & Personal Care,COD,1,740.0
907658,593,5,2024-08-27,2024-08-31,Pune,Fashion & Apparel,Prepaid,1,1960.0
907659,458,10,2024-10-08,2024-10-12,Bangalore,Footwear,Prepaid,1,3700.0
907660,401,20,2025-02-03,2025-02-08,Kochi,Electronics,COD,1,12810.0
907661,326,37,2024-10-27,2024-10-31,Chennai,Beauty & Personal Care,Prepaid,1,810.0
907662,241,17,2024-08-20,2024-08-25,Pune,Electronics,Prepaid,3,41370.0
907663,380,18,2024-09-28,2024-10-03,Chennai,Electronics,COD,1,13140.0
907664,9,42,2024-09-11,2024-09-13,Bangalore,Accessories,Prepaid,1,810.0
907665,29,46,2024-07-02,2024-07-08,Mumbai,Accessories,Prepaid,1,1320.0
907666,140,48,2025-02-01,2025-02-03,Mumbai,Accessories,COD,1,1560.0
907667,19,6,2024-11-12,2024-11-16,Kochi,Fashion & Apparel,Prepaid,2,3020.0
907668,478,15,2024-10-25,2024-10-31,Mumbai,Footwear,COD,1,3740.0
907669,84,40,2024-11-07,2024-11-09,Kochi,Beauty & Personal Care,Prepaid,1,540.0
907670,89,12,2025-03-08,2025-03-10,Delhi NCR,Footwear,Prepaid,2,5200.0
907671,265,1,2024-10-18,2024-10-24,Chennai,Fashion & Apparel,COD,1,1110.0
907672,370,8,2024-06-25,2024-06-29,Pune,Fashion & Apparel,COD,1,1870.0
907673,117,2,2024-08-14,2024-08-16,Mumbai,Fashion & Apparel,Prepaid,1,1190.0
907674,322,11,2024-07-27,2024-07-31,Bangalore,Footwear,COD,1,2560.0
907675,462,12,2025-01-26,2025-02-01,Hyderabad,Footwear,Prepaid,1,2600.0
907676,339,14,2024-06-12,2024-06-18,Delhi NCR,Footwear,COD,2,4740.0
907677,447,8,2024-04-15,2024-04-20,Bangalore,Fashion & Apparel,COD,1,1870.0
907678,36,22,2024-12-26,2024-12-28,Pune,Electronics,COD,1,13330.0
907679,114,6,2024-07-23,2024-07-28,Delhi NCR,Fashion & Apparel,Prepaid,1,1510.0
907680,359,26,2024-06-14,2024-06-16,Pune,Home & Kitchen,COD,1,2250.0
907681,115,44,2025-02-02,2025-02-06,Kochi,Accessories,COD,2,2260.0
907682,58,11,2025-03-23,2025-03-26,Chennai,Footwear,Prepaid,1,2560.0
907683,52,9,2024-04-03,2024-04-07,Kochi,Footwear,Prepaid,1,3370.0
907684,473,15,2024-06-22,2024-06-24,Chennai,Footwear,Prepaid,1,3740.0
907685,63,3,2024-06-02,2024-06-07,Mumbai,Fashion & Apparel,COD,1,1770.0
907686,588,10,2024-06-16,2024-06-18,Mumbai,Footwear,COD,2,7400.0
907687,159,2,2024-09-19,2024-09-21,Bangalore,Fashion & Apparel,COD,1,1190.0
907688,247,45,2024-08-26,2024-08-30,Delhi NCR,Accessories,Prepaid,2,2580.0
907689,95,3,2024-11-21,2024-11-25,Mumbai,Fashion & Apparel,COD,1,1770.0
907690,559,15,2024-08-04,2024-08-10,Kochi,Footwear,COD,1,3740.0
907691,220,30,2025-02-25,2025-03-01,Chennai,Home & Kitchen,Prepaid,1,2550.0
907692,238,6,2024-06-27,2024-06-30,Delhi NCR,Fashion & Apparel,Prepaid,1,1510.0
907693,394,27,2024-08-30,2024-09-03,Delhi NCR,Home & Kitchen,COD,1,1080.0
907694,477,44,2024-07-28,2024-07-31,Pune,Accessories,Prepaid,1,1130.0
907695,207,41,2025-01-04,2025-01-09,Kochi,Accessories,Prepaid,1,1390.0
907696,460,17,2024-12-16,2024-12-18,Delhi NCR,Electronics,Prepaid,1,13790.0
907697,92,42,2024-04-15,2024-04-20,Hyderabad,Accessories,Prepaid,2,1620.0
907698,318,47,2024-12-12,2024-12-17,Delhi NCR,Accessories,Prepaid,1,890.0
907699,546,36,2024-10-04,2024-10-08,Bangalore,Beauty & Personal Care,Prepaid,3,3390.0
907700,355,36,2024-04-23,2024-04-29,Delhi NCR,Beauty & Personal Care,COD,2,2260.0
907701,149,30,2024-04-28,2024-05-01,Mumbai,Home & Kitchen,Prepaid,1,2550.0
907702,552,42,2025-01-28,2025-02-02,Chennai,Accessories,Prepaid,1,810.0
907703,163,7,2024-10-04,2024-10-06,Mumbai,Fashion & Apparel,Prepaid,1,2150.0
907704,507,26,2025-03-05,2025-03-07,Bangalore,Home & Kitchen,Prepaid,1,2250.0
907705,512,36,2025-01-20,2025-01-26,Kochi,Beauty & Personal Care,COD,1,1130.0
907706,352,45,2024-10-05,2024-10-10,Delhi NCR,Accessories,Prepaid,1,1290.0
907707,310,40,2024-12-16,2024-12-18,Chennai,Beauty & Personal Care,COD,2,1080.0
907708,49,43,2024-12-28,2024-12-31,Hyderabad,Accessories,COD,3,2730.0
907709,103,5,2024-12-07,2024-12-09,Bangalore,Fashion & Apparel,Prepaid,1,1960.0
907710,572,38,2024-05-09,2024-05-15,Hyderabad,Beauty & Personal Care,Prepaid,1,510.0
907711,182,34,2024-09-22,2024-09-28,Kochi,Beauty & Personal Care,Prepaid,1,410.0
907712,474,18,2024-06-11,2024-06-16,Hyderabad,Electronics,Prepaid,1,13140.0
907713,150,39,2024-09-08,2024-09-12,Kochi,Beauty & Personal Care,Prepaid,1,780.0
907714,550,1,2024-09-29,2024-10-03,Mumbai,Fashion & Apparel,Prepaid,1,1110.0
907715,572,47,2024-08-13,2024-08-17,Hyderabad,Accessories,COD,1,890.0
907716,190,29,2025-01-11,2025-01-15,Delhi NCR,Home & Kitchen,Prepaid,1,2450.0
907717,148,8,2024-10-21,2024-10-26,Hyderabad,Fashion & Apparel,COD,3,5610.0
907718,98,27,2024-07-30,2024-08-05,Bangalore,Home & Kitchen,COD,2,2160.0
907719,441,29,2024-10-20,2024-10-24,Hyderabad,Home & Kitchen,COD,1,2450.0
907720,156,30,2024-12-16,2024-12-21,Bangalore,Home & Kitchen,COD,1,2550.0
907721,521,48,2025-03-11,2025-03-16,Chennai,Accessories,Prepaid,2,3120.0
907722,118,3,2025-02-09,2025-02-12,Delhi NCR,Fashion & Apparel,COD,1,1770.0
907723,186,38,2024-11-30,2024-12-05,Hyderabad,Beauty & Personal Care,Prepaid,2,1020.0
907724,251,18,2025-02-12,2025-02-14,Delhi NCR,Electronics,COD,2,26280.0
907725,493,43,2024-07-22,2024-07-24,Mumbai,Accessories,Prepaid,1,910.0
907726,425,43,2024-08-07,2024-08-12,Hyderabad,Accessories,Prepaid,2,1820.0
907727,550,8,2025-03-06,2025-03-12,Mumbai,Fashion & Apparel,COD,1,1870.0
907728,202,40,2024-04-04,2024-04-08,Mumbai,Beauty & Personal Care,Prepaid,1,540.0
907729,83,21,2024-09-30,2024-10-05,Delhi NCR,Electronics,COD,1,9950.0
907730,49,33,2024-07-11,2024-07-13,Hyderabad,Beauty & Personal Care,Prepaid,1,740.0
907731,376,33,2025-01-24,2025-01-28,Hyderabad,Beauty & Personal Care,Prepaid,1,740.0
907732,130,45,2024-06-13,2024-06-17,Hyderabad,Accessories,Prepaid,1,1290.0
907733,324,2,2024-11-16,2024-11-22,Mumbai,Fashion & Apparel,Prepaid,1,1190.0
907734,477,36,2024-04-12,2024-04-18,Pune,Beauty & Personal Care,Prepaid,1,1130.0
907735,349,45,2024-06-11,2024-06-14,Hyderabad,Accessories,Prepaid,3,3870.0
907736,183,16,2024-07-21,2024-07-24,Hyderabad,Footwear,Prepaid,1,3900.0
907737,268,43,2024-07-17,2024-07-21,Delhi NCR,Accessories,Prepaid,2,1820.0
907738,272,21,2024-05-06,2024-05-09,Delhi NCR,Electronics,Prepaid,1,9950.0
907739,264,33,2024-06-11,2024-06-17,Mumbai,Beauty & Personal Care,Prepaid,1,740.0
907740,99,15,2024-09-17,2024-09-21,Delhi NCR,Footwear,Prepaid,1,3740.0
907741,132,9,2024-08-26,2024-08-29,Chennai,Footwear,COD,1,3370.0
907742,15,43,2024-07-22,2024-07-26,Bangalore,Accessories,COD,1,910.0
907743,484,32,2024-05-30,2024-06-03,Mumbai,Home & Kitchen,COD,2,3980.0
907744,282,32,2025-03-29,2025-04-01,Hyderabad,Home & Kitchen,COD,1,1990.0
907745,340,12,2024-07-03,2024-07-07,Delhi NCR,Footwear,COD,1,2600.0
907746,290,17,2024-09-05,2024-09-10,Delhi NCR,Electronics,Prepaid,1,13790.0
907747,521,45,2024-12-07,2024-12-13,Chennai,Accessories,Prepaid,2,2580.0
907748,148,46,2024-10-11,2024-10-14,Hyderabad,Accessories,Prepaid,1,1320.0
907749,510,47,2024-04-28,2024-05-02,Pune,Accessories,Prepaid,1,890.0
907750,564,24,2024-11-06,2024-11-10,Mumbai,Electronics,Prepaid,1,11450.0
907751,48,35,2024-10-23,2024-10-29,Delhi NCR,Beauty & Personal Care,Prepaid,1,590.0
907752,537,15,2024-10-04,2024-10-10,Delhi NCR,Footwear,COD,1,3740.0
907753,449,28,2025-02-03,2025-02-07,Mumbai,Home & Kitchen,Prepaid,1,3170.0
907754,175,36,2024-07-27,2024-07-29,Mumbai,Beauty & Personal Care,Prepaid,1,1130.0
907755,367,39,2024-11-29,2024-12-01,Mumbai,Beauty & Personal Care,COD,2,1560.0
907756,353,36,2024-04-26,2024-04-28,Bangalore,Beauty & Personal Care,Prepaid,1,1130.0
907757,582,12,2025-01-20,2025-01-25,Hyderabad,Footwear,Prepaid,1,2600.0
907758,325,35,2024-06-14,2024-06-20,Bangalore,Beauty & Personal Care,Prepaid,1,590.0
907759,484,16,2024-05-22,2024-05-27,Mumbai,Footwear,Prepaid,2,7800.0
907760,364,3,2025-01-21,2025-01-24,Hyderabad,Fashion & Apparel,Prepaid,2,3540.0
907761,39,10,2025-01-21,2025-01-27,Pune,Footwear,Prepaid,1,3700.0
907762,237,37,2024-04-10,2024-04-12,Hyderabad,Beauty & Personal Care,COD,1,810.0
907763,205,19,2025-03-27,2025-03-30,Chennai,Electronics,Prepaid,1,10800.0
907764,478,36,2024-08-11,2024-08-16,Mumbai,Beauty & Personal Care,Prepaid,1,1130.0
907765,598,46,2024-10-11,2024-10-17,Bangalore,Accessories,Prepaid,1,1320.0
907766,491,15,2024-11-22,2024-11-28,Delhi NCR,Footwear,Prepaid,1,3740.0
907767,425,41,2024-07-04,2024-07-10,Hyderabad,Accessories,Prepaid,1,1390.0
907768,207,39,2025-03-20,2025-03-24,Kochi,Beauty & Personal Care,COD,1,780.0
907769,55,47,2024-10-05,2024-10-07,Delhi NCR,Accessories,Prepaid,2,1780.0
907770,163,36,2024-08-04,2024-08-09,Mumbai,Beauty & Personal Care,COD,2,2260.0
907771,477,48,2024-09-18,2024-09-23,Pune,Accessories,COD,2,3120.0
907772,408,3,2025-01-03,2025-01-06,Pune,Fashion & Apparel,COD,1,1770.0
907773,246,39,2024-09-17,2024-09-23,Pune,Beauty & Personal Care,COD,1,780.0
907774,207,46,2024-05-25,2024-05-29,Kochi,Accessories,COD,1,1320.0
907775,441,25,2024-11-02,2024-11-08,Hyderabad,Home & Kitchen,COD,2,6300.0
907776,351,3,2025-01-04,2025-01-10,Pune,Fashion & Apparel,COD,1,1770.0
907777,7,19,2024-10-29,2024-11-04,Mumbai,Electronics,Prepaid,1,10800.0
907778,120,30,2024-09-11,2024-09-16,Pune,Home & Kitchen,Prepaid,1,2550.0
907779,309,21,2024-04-22,2024-04-25,Mumbai,Electronics,Prepaid,1,9950.0
907780,423,11,2024-08-21,2024-08-26,Bangalore,Footwear,Prepaid,1,2560.0
907781,322,24,2024-08-14,2024-08-16,Bangalore,Electronics,Prepaid,1,11450.0
907782,217,48,2025-01-08,2025-01-14,Mumbai,Accessories,COD,2,3120.0
907783,400,32,2024-12-09,2024-12-11,Chennai,Home & Kitchen,COD,1,1990.0
907784,96,3,2024-04-25,2024-05-01,Mumbai,Fashion & Apparel,Prepaid,3,5310.0
907785,13,30,2024-10-15,2024-10-21,Kochi,Home & Kitchen,Prepaid,2,5100.0
907786,284,13,2025-02-21,2025-02-24,Bangalore,Footwear,COD,1,3000.0
907787,47,18,2024-09-09,2024-09-11,Kochi,Electronics,Prepaid,1,13140.0
907788,41,15,2024-10-09,2024-10-12,Mumbai,Footwear,Prepaid,1,3740.0
907789,89,42,2025-01-12,2025-01-17,Delhi NCR,Accessories,COD,1,810.0
907790,18,41,2024-07-31,2024-08-05,Hyderabad,Accessories,Prepaid,1,1390.0
907791,6,9,2025-01-31,2025-02-03,Kochi,Footwear,COD,2,6740.0
907792,51,26,2024-12-23,2024-12-26,Kochi,Home & Kitchen,Prepaid,1,2250.0
907793,534,15,2024-12-22,2024-12-28,Mumbai,Footwear,Prepaid,1,3740.0
907794,275,28,2025-01-29,2025-02-01,Pune,Home & Kitchen,COD,1,3170.0
907795,568,45,2025-03-08,2025-03-11,Kochi,Accessories,Prepaid,1,1290.0
907796,239,45,2025-01-04,2025-01-08,Kochi,Accessories,COD,1,1290.0
907797,145,23,2024-07-24,2024-07-26,Bangalore,Electronics,Prepaid,2,25560.0
907798,23,28,2025-03-11,2025-03-16,Pune,Home & Kitchen,COD,1,3170.0
907799,522,20,2025-03-02,2025-03-06,Hyderabad,Electronics,Prepaid,1,12810.0
907800,525,15,2025-01-11,2025-01-17,Pune,Footwear,COD,2,7480.0
907801,72,8,2024-10-31,2024-11-04,Mumbai,Fashion & Apparel,COD,1,1870.0
907802,239,9,2025-02-24,2025-03-02,Kochi,Footwear,COD,1,3370.0
907803,593,47,2024-06-01,2024-06-04,Pune,Accessories,Prepaid,1,890.0
907804,550,18,2024-06-04,2024-06-09,Mumbai,Electronics,Prepaid,1,13140.0
907805,440,6,2024-07-04,2024-07-07,Kochi,Fashion & Apparel,Prepaid,1,1510.0
907806,190,6,2024-05-23,2024-05-27,Delhi NCR,Fashion & Apparel,COD,2,3020.0
907807,349,35,2024-11-19,2024-11-21,Hyderabad,Beauty & Personal Care,Prepaid,1,590.0
907808,95,16,2024-05-08,2024-05-14,Mumbai,Footwear,Prepaid,3,11700.0
907809,293,46,2024-06-25,2024-06-30,Delhi NCR,Accessories,Prepaid,1,1320.0
907810,439,21,2024-11-14,2024-11-19,Hyderabad,Electronics,Prepaid,2,19900.0
907811,24,15,2024-05-13,2024-05-18,Mumbai,Footwear,Prepaid,1,3740.0
907812,596,6,2024-10-21,2024-10-24,Mumbai,Fashion & Apparel,COD,1,1510.0
907813,125,12,2025-03-28,2025-03-31,Delhi NCR,Footwear,COD,1,2600.0
907814,221,32,2024-04-04,2024-04-09,Hyderabad,Home & Kitchen,Prepaid,1,1990.0
907815,591,20,2024-05-27,2024-05-31,Hyderabad,Electronics,COD,1,12810.0
907816,431,47,2024-04-03,2024-04-08,Pune,Accessories,COD,1,890.0
907817,252,15,2024-08-08,2024-08-11,Kochi,Footwear,COD,2,7480.0
907818,529,29,2024-04-20,2024-04-24,Pune,Home & Kitchen,COD,1,2450.0
907819,572,17,2024-11-05,2024-11-11,Hyderabad,Electronics,Prepaid,1,13790.0
907820,137,47,2024-11-15,2024-11-19,Chennai,Accessories,Prepaid,3,2670.0
907821,479,30,2024-05-31,2024-06-06,Chennai,Home & Kitchen,Prepaid,1,2550.0
907822,18,36,2024-10-14,2024-10-20,Hyderabad,Beauty & Personal Care,Prepaid,1,1130.0
907823,209,10,2024-12-16,2024-12-20,Bangalore,Footwear,COD,1,3700.0
907824,411,20,2024-05-08,2024-05-13,Pune,Electronics,COD,1,12810.0
907825,467,16,2025-01-17,2025-01-19,Hyderabad,Footwear,Prepaid,1,3900.0
907826,332,47,2024-11-06,2024-11-11,Mumbai,Accessories,COD,1,890.0
907827,558,41,2024-08-10,2024-08-13,Kochi,Accessories,COD,1,1390.0
907828,494,13,2024-05-01,2024-05-04,Bangalore,Footwear,Prepaid,2,6000.0
907829,532,41,2025-01-20,2025-01-23,Pune,Accessories,COD,2,2780.0
907830,313,7,2024-05-16,2024-05-21,Bangalore,Fashion & Apparel,Prepaid,2,4300.0
907831,98,12,2024-04-23,2024-04-25,Bangalore,Footwear,COD,1,2600.0
907832,537,31,2024-11-30,2024-12-04,Delhi NCR,Home & Kitchen,Prepaid,1,1740.0
907833,332,6,2024-10-27,2024-10-31,Mumbai,Fashion & Apparel,Prepaid,1,1510.0
907834,45,44,2024-07-04,2024-07-07,Hyderabad,Accessories,Prepaid,1,1130.0
907835,301,12,2024-09-05,2024-09-08,Bangalore,Footwear,COD,1,2600.0
907836,299,7,2024-10-11,2024-10-16,Kochi,Fashion & Apparel,Prepaid,1,2150.0
907837,327,36,2024-05-23,2024-05-25,Delhi NCR,Beauty & Personal Care,COD,1,1130.0
907838,352,2,2025-03-11,2025-03-17,Delhi NCR,Fashion & Apparel,Prepaid,1,1190.0
907839,440,17,2024-12-09,2024-12-15,Kochi,Electronics,COD,1,13790.0
907840,515,21,2025-02-06,2025-02-09,Bangalore,Electronics,Prepaid,1,9950.0
907841,461,13,2025-03-07,2025-03-13,Chennai,Footwear,COD,1,3000.0
907842,39,19,2024-11-29,2024-12-05,Pune,Electronics,Prepaid,1,10800.0
907843,233,16,2024-09-08,2024-09-11,Chennai,Footwear,COD,1,3900.0
907844,114,25,2024-07-18,2024-07-20,Delhi NCR,Home & Kitchen,COD,1,3150.0
907845,130,38,2024-07-31,2024-08-06,Hyderabad,Beauty & Personal Care,COD,1,510.0
907846,135,16,2024-06-07,2024-06-13,Hyderabad,Footwear,COD,1,3900.0
907847,410,1,2025-02-24,2025-02-26,Bangalore,Fashion & Apparel,Prepaid,2,2220.0
907848,52,27,2024-07-29,2024-08-02,Kochi,Home & Kitchen,COD,2,2160.0
907849,597,46,2024-10-07,2024-10-13,Mumbai,Accessories,Prepaid,1,1320.0
907850,178,34,2024-09-15,2024-09-18,Chennai,Beauty & Personal Care,COD,1,410.0
907851,119,22,2024-08-25,2024-08-28,Delhi NCR,Electronics,Prepaid,1,13330.0
907852,26,19,2024-04-03,2024-04-05,Hyderabad,Electronics,Prepaid,1,10800.0
907853,294,18,2024-07-30,2024-08-03,Hyderabad,Electronics,COD,1,13140.0
907854,30,9,2024-12-08,2024-12-10,Pune,Footwear,Prepaid,1,3370.0
907855,198,46,2024-10-30,2024-11-04,Delhi NCR,Accessories,COD,1,1320.0
907856,314,18,2024-09-12,2024-09-17,Kochi,Electronics,COD,1,13140.0
907857,372,2,2024-04-06,2024-04-09,Bangalore,Fashion & Apparel,Prepaid,1,1190.0
907858,162,42,2024-09-19,2024-09-25,Pune,Accessories,Prepaid,1,810.0
907859,20,2,2025-03-14,2025-03-17,Pune,Fashion & Apparel,COD,1,1190.0
907860,498,11,2024-05-17,2024-05-19,Mumbai,Footwear,Prepaid,3,7680.0
907861,365,15,2024-06-06,2024-06-09,Delhi NCR,Footwear,COD,1,3740.0
907862,65,23,2024-12-26,2024-12-29,Pune,Electronics,Prepaid,1,12780.0
907863,513,47,2024-12-28,2024-12-31,Chennai,Accessories,Prepaid,2,1780.0
907864,333,14,2024-04-10,2024-04-15,Hyderabad,Footwear,Prepaid,1,2370.0
907865,598,17,2025-03-21,2025-03-27,Bangalore,Electronics,COD,2,27580.0
907866,108,2,2024-07-23,2024-07-27,Chennai,Fashion & Apparel,Prepaid,2,2380.0
907867,229,19,2024-07-09,2024-07-13,Hyderabad,Electronics,Prepaid,2,21600.0
907868,74,7,2024-10-20,2024-10-22,Hyderabad,Fashion & Apparel,Prepaid,1,2150.0
907869,420,39,2024-09-06,2024-09-11,Chennai,Beauty & Personal Care,COD,1,780.0
907870,572,12,2024-05-24,2024-05-29,Hyderabad,Footwear,Prepaid,1,2600.0
907871,100,32,2024-06-23,2024-06-28,Delhi NCR,Home & Kitchen,Prepaid,1,1990.0
907872,519,10,2024-12-21,2024-12-27,Delhi NCR,Footwear,COD,2,7400.0
907873,336,48,2025-01-07,2025-01-09,Chennai,Accessories,COD,3,4680.0
907874,88,47,2024-06-19,2024-06-23,Chennai,Accessories,COD,1,890.0
907875,269,30,2024-04-19,2024-04-22,Pune,Home & Kitchen,Prepaid,2,5100.0
907876,400,44,2024-07-27,2024-08-02,Chennai,Accessories,Prepaid,1,1130.0
907877,61,16,2024-04-14,2024-04-19,Mumbai,Footwear,Prepaid,1,3900.0
907878,445,32,2024-12-29,2025-01-01,Chennai,Home & Kitchen,Prepaid,1,1990.0
907879,380,1,2024-10-08,2024-10-10,Chennai,Fashion & Apparel,COD,1,1110.0
907880,374,27,2024-11-30,2024-12-02,Chennai,Home & Kitchen,Prepaid,1,1080.0
907881,502,43,2024-08-30,2024-09-02,Mumbai,Accessories,Prepaid,1,910.0
907882,244,45,2024-09-18,2024-09-23,Mumbai,Accessories,COD,1,1290.0
907883,553,42,2025-02-23,2025-02-26,Hyderabad,Accessories,Prepaid,1,810.0
907884,256,29,2024-10-05,2024-10-07,Bangalore,Home & Kitchen,COD,1,2450.0
907885,357,36,2024-11-28,2024-12-01,Mumbai,Beauty & Personal Care,COD,2,2260.0
907886,272,3,2024-05-25,2024-05-28,Delhi NCR,Fashion & Apparel,Prepaid,1,1770.0
907887,420,40,2024-06-08,2024-06-11,Chennai,Beauty & Personal Care,COD,1,540.0
907888,199,28,2024-07-14,2024-07-17,Bangalore,Home & Kitchen,COD,1,3170.0
907889,346,46,2024-12-14,2024-12-20,Bangalore,Accessories,Prepaid,1,1320.0
907890,399,16,2025-03-03,2025-03-07,Hyderabad,Footwear,Prepaid,1,3900.0
907891,263,36,2024-12-12,2024-12-16,Bangalore,Beauty & Personal Care,Prepaid,1,1130.0
907892,44,4,2024-10-05,2024-10-11,Chennai,Fashion & Apparel,COD,1,970.0
907893,91,37,2024-05-08,2024-05-12,Bangalore,Beauty & Personal Care,COD,1,810.0
907894,443,5,2024-05-07,2024-05-11,Hyderabad,Fashion & Apparel,Prepaid,1,1960.0
907895,37,32,2024-06-29,2024-07-03,Kochi,Home & Kitchen,Prepaid,1,1990.0
907896,61,20,2024-07-14,2024-07-19,Mumbai,Electronics,COD,1,12810.0
907897,491,31,2025-02-22,2025-02-28,Delhi NCR,Home & Kitchen,COD,1,1740.0
907898,95,30,2024-05-06,2024-05-08,Mumbai,Home & Kitchen,COD,1,2550.0
907899,261,3,2024-11-05,2024-11-10,Bangalore,Fashion & Apparel,Prepaid,2,3540.0
907900,275,2,2024-05-20,2024-05-22,Pune,Fashion & Apparel,Prepaid,1,1190.0
907901,488,3,2024-12-20,2024-12-23,Hyderabad,Fashion & Apparel,COD,1,1770.0
907902,256,28,2024-09-04,2024-09-09,Bangalore,Home & Kitchen,Prepaid,2,6340.0
907903,496,19,2025-03-19,2025-03-21,Hyderabad,Electronics,Prepaid,1,10800.0
907904,96,15,2025-03-03,2025-03-06,Mumbai,Footwear,COD,3,11220.0
907905,404,26,2024-07-28,2024-08-01,Hyderabad,Home & Kitchen,Prepaid,2,4500.0
907906,351,1,2024-05-11,2024-05-17,Pune,Fashion & Apparel,Prepaid,1,1110.0
907907,175,8,2025-02-03,2025-02-08,Mumbai,Fashion & Apparel,Prepaid,1,1870.0
907908,242,18,2025-03-27,2025-03-29,Kochi,Electronics,COD,1,13140.0
907909,50,21,2025-03-04,2025-03-09,Kochi,Electronics,Prepaid,1,9950.0
907910,559,42,2024-06-01,2024-06-04,Kochi,Accessories,Prepaid,1,810.0
907911,271,24,2024-07-19,2024-07-22,Chennai,Electronics,COD,1,11450.0
907912,404,26,2025-01-09,2025-01-13,Hyderabad,Home & Kitchen,Prepaid,2,4500.0
907913,388,13,2024-09-25,2024-10-01,Mumbai,Footwear,COD,1,3000.0
907914,166,22,2024-11-22,2024-11-24,Bangalore,Electronics,COD,1,13330.0
907915,59,6,2024-09-12,2024-09-17,Delhi NCR,Fashion & Apparel,Prepaid,1,1510.0
907916,327,31,2024-12-02,2024-12-07,Delhi NCR,Home & Kitchen,COD,1,1740.0
907917,562,3,2024-04-14,2024-04-17,Kochi,Fashion & Apparel,Prepaid,1,1770.0
907918,455,27,2024-06-01,2024-06-03,Mumbai,Home & Kitchen,COD,1,1080.0
907919,571,44,2025-03-07,2025-03-13,Delhi NCR,Accessories,Prepaid,3,3390.0
907920,299,5,2025-03-03,2025-03-09,Kochi,Fashion & Apparel,COD,1,1960.0
907921,459,33,2024-08-16,2024-08-20,Hyderabad,Beauty & Personal Care,Prepaid,1,740.0
907922,413,43,2024-04-06,2024-04-12,Delhi NCR,Accessories,Prepaid,1,910.0
907923,428,9,2025-01-23,2025-01-28,Hyderabad,Footwear,Prepaid,1,3370.0
907924,389,37,2025-02-03,2025-02-09,Bangalore,Beauty & Personal Care,Prepaid,1,810.0
907925,147,48,2024-07-05,2024-07-09,Mumbai,Accessories,COD,1,1560.0
907926,268,13,2024-12-02,2024-12-08,Delhi NCR,Footwear,Prepaid,1,3000.0
907927,548,43,2025-02-13,2025-02-15,Delhi NCR,Accessories,COD,1,910.0
907928,521,19,2024-09-25,2024-09-30,Chennai,Electronics,Prepaid,1,10800.0
907929,261,21,2025-02-02,2025-02-07,Bangalore,Electronics,Prepaid,1,9950.0
907930,76,41,2024-12-12,2024-12-18,Chennai,Accessories,Prepaid,1,1390.0
907931,511,3,2024-05-18,2024-05-22,Bangalore,Fashion & Apparel,COD,2,3540.0
907932,128,23,2024-08-10,2024-08-14,Mumbai,Electronics,Prepaid,1,12780.0
907933,155,12,2024-09-26,2024-10-01,Chennai,Footwear,Prepaid,1,2600.0
907934,44,21,2024-11-30,2024-12-02,Chennai,Electronics,COD,1,9950.0
907935,136,31,2024-04-20,2024-04-22,Bangalore,Home & Kitchen,Prepaid,2,3480.0
907936,67,40,2024-10-19,2024-10-21,Pune,Beauty & Personal Care,COD,1,540.0
907937,373,34,2024-04-11,2024-04-13,Mumbai,Beauty & Personal Care,Prepaid,1,410.0
907938,570,42,2024-10-09,2024-10-12,Hyderabad,Accessories,COD,1,810.0
907939,135,15,2024-09-15,2024-09-17,Hyderabad,Footwear,Prepaid,1,3740.0
907940,582,19,2025-03-12,2025-03-14,Hyderabad,Electronics,COD,1,10800.0
907941,291,42,2024-07-28,2024-07-30,Hyderabad,Accessories,Prepaid,1,810.0
907942,359,30,2025-02-08,2025-02-13,Pune,Home & Kitchen,COD,1,2550.0
907943,309,32,2024-06-10,2024-06-16,Mumbai,Home & Kitchen,Prepaid,1,1990.0
907944,63,37,2024-10-14,2024-10-20,Mumbai,Beauty & Personal Care,COD,2,1620.0
907945,14,48,2025-02-08,2025-02-10,Mumbai,Accessories,COD,1,1560.0
907946,320,10,2025-02-23,2025-02-27,Bangalore,Footwear,Prepaid,1,3700.0
907947,476,38,2024-08-21,2024-08-25,Mumbai,Beauty & Personal Care,COD,1,510.0
907948,86,38,2024-06-14,2024-06-19,Mumbai,Beauty & Personal Care,Prepaid,2,1020.0
907949,498,13,2024-09-05,2024-09-11,Mumbai,Footwear,Prepaid,1,3000.0
907950,472,35,2025-03-27,2025-03-30,Bangalore,Beauty & Personal Care,COD,1,590.0
907951,89,24,2024-04-15,2024-04-17,Delhi NCR,Electronics,Prepaid,3,34350.0
907952,400,23,2024-10-29,2024-11-04,Chennai,Electronics,Prepaid,1,12780.0
907953,28,18,2024-12-24,2024-12-28,Mumbai,Electronics,Prepaid,1,13140.0
907954,3,36,2024-06-30,2024-07-06,Bangalore,Beauty & Personal Care,Prepaid,1,1130.0
907955,127,37,2025-02-24,2025-02-28,Hyderabad,Beauty & Personal Care,COD,1,810.0
907956,46,11,2024-05-14,2024-05-18,Bangalore,Footwear,Prepaid,1,2560.0
907957,470,40,2024-10-11,2024-10-16,Kochi,Beauty & Personal Care,Prepaid,1,540.0
907958,22,11,2024-10-13,2024-10-17,Chennai,Footwear,Prepaid,1,2560.0
907959,229,42,2024-07-02,2024-07-08,Hyderabad,Accessories,COD,1,810.0
907960,176,28,2024-09-23,2024-09-28,Kochi,Home & Kitchen,COD,1,3170.0
907961,70,4,2024-06-13,2024-06-15,Pune,Fashion & Apparel,COD,2,1940.0
907962,482,3,2024-09-07,2024-09-11,Bangalore,Fashion & Apparel,Prepaid,2,3540.0
907963,170,44,2024-07-11,2024-07-14,Bangalore,Accessories,Prepaid,2,2260.0
907964,581,27,2024-06-22,2024-06-24,Bangalore,Home & Kitchen,Prepaid,1,1080.0
907965,36,27,2024-12-28,2025-01-02,Pune,Home & Kitchen,COD,1,1080.0
907966,390,10,2024-07-08,2024-07-10,Mumbai,Footwear,COD,1,3700.0
907967,243,32,2024-05-18,2024-05-21,Chennai,Home & Kitchen,COD,1,1990.0
907968,454,18,2024-07-05,2024-07-11,Mumbai,Electronics,COD,1,13140.0
907969,301,18,2024-11-25,2024-11-29,Bangalore,Electronics,Prepaid,2,26280.0
907970,413,33,2024-11-20,2024-11-22,Delhi NCR,Beauty & Personal Care,COD,1,740.0
907971,580,31,2025-03-05,2025-03-10,Delhi NCR,Home & Kitchen,COD,2,3480.0
907972,488,17,2025-01-13,2025-01-16,Hyderabad,Electronics,Prepaid,2,27580.0
907973,418,30,2025-02-23,2025-02-25,Hyderabad,Home & Kitchen,Prepaid,1,2550.0
907974,544,17,2024-05-29,2024-05-31,Bangalore,Electronics,Prepaid,1,13790.0
907975,100,2,2024-10-12,2024-10-15,Delhi NCR,Fashion & Apparel,Prepaid,1,1190.0
907976,462,36,2025-02-04,2025-02-09,Hyderabad,Beauty & Personal Care,Prepaid,2,2260.0
907977,300,10,2025-03-18,2025-03-20,Mumbai,Footwear,Prepaid,1,3700.0
907978,553,4,2024-11-29,2024-12-01,Hyderabad,Fashion & Apparel,Prepaid,1,970.0
907979,557,38,2025-03-08,2025-03-11,Mumbai,Beauty & Personal Care,Prepaid,1,510.0
907980,326,41,2025-02-14,2025-02-20,Chennai,Accessories,COD,1,1390.0
907981,92,8,2024-09-27,2024-09-30,Hyderabad,Fashion & Apparel,Prepaid,1,1870.0
907982,495,34,2024-07-27,2024-08-02,Kochi,Beauty & Personal Care,Prepaid,1,410.0
907983,584,20,2024-12-22,2024-12-24,Delhi NCR,Electronics,COD,1,12810.0
907984,305,8,2024-06-06,2024-06-08,Bangalore,Fashion & Apparel,COD,2,3740.0
907985,134,10,2024-06-15,2024-06-18,Delhi NCR,Footwear,COD,1,3700.0
907986,3,26,2024-05-10,2024-05-16,Bangalore,Home & Kitchen,Prepaid,1,2250.0
907987,322,45,2024-10-20,2024-10-23,Bangalore,Accessories,COD,1,1290.0
907988,51,11,2025-01-17,2025-01-23,Kochi,Footwear,COD,1,2560.0
907989,35,47,2024-09-12,2024-09-16,Delhi NCR,Accessories,Prepaid,1,890.0
907990,86,46,2024-11-08,2024-11-14,Mumbai,Accessories,Prepaid,1,1320.0
907991,375,41,2024-10-21,2024-10-24,Delhi NCR,Accessories,Prepaid,2,2780.0
907992,477,39,2024-07-18,2024-07-24,Pune,Beauty & Personal Care,COD,1,780.0
907993,371,28,2024-06-13,2024-06-16,Bangalore,Home & Kitchen,Prepaid,1,3170.0
907994,274,12,2025-02-24,2025-02-27,Mumbai,Footwear,COD,2,5200.0
907995,536,41,2024-11-13,2024-11-16,Chennai,Accessories,COD,1,1390.0
907996,503,33,2024-07-21,2024-07-26,Chennai,Beauty & Personal Care,COD,1,740.0
907997,550,44,2024-11-26,2024-12-02,Mumbai,Accessories,Prepaid,1,1130.0
907998,417,16,2025-03-27,2025-04-01,Mumbai,Footwear,COD,1,3900.0
907999,413,7,2024-12-10,2024-12-15,Delhi NCR,Fashion & Apparel,Prepaid,1,2150.0
908000,542,31,2025-03-27,2025-03-31,Delhi NCR,Home & Kitchen,COD,2,3480.0
908001,493,12,2024-06-15,2024-06-17,Mumbai,Footwear,Prepaid,1,2600.0
908002,14,20,2025-01-08,2025-01-13,Mumbai,Electronics,Prepaid,1,12810.0
908003,205,30,2024-05-17,2024-05-22,Chennai,Home & Kitchen,Prepaid,1,2550.0
908004,350,6,2024-10-23,2024-10-27,Hyderabad,Fashion & Apparel,Prepaid,1,1510.0
908005,547,27,2024-05-11,2024-05-14,Bangalore,Home & Kitchen,Prepaid,1,1080.0
908006,113,8,2024-09-29,2024-10-02,Kochi,Fashion & Apparel,Prepaid,1,1870.0
908007,243,41,2024-05-13,2024-05-19,Chennai,Accessories,Prepaid,2,2780.0
908008,78,32,2024-07-28,2024-07-31,Chennai,Home & Kitchen,COD,2,3980.0
908009,460,27,2024-11-14,2024-11-20,Delhi NCR,Home & Kitchen,Prepaid,1,1080.0
908010,526,6,2024-04-08,2024-04-13,Bangalore,Fashion & Apparel,COD,1,1510.0
908011,20,23,2024-04-15,2024-04-18,Pune,Electronics,COD,1,12780.0
908012,402,4,2024-06-22,2024-06-28,Chennai,Fashion & Apparel,COD,3,2910.0
908013,126,30,2024-10-11,2024-10-16,Mumbai,Home & Kitchen,COD,2,5100.0
908014,241,8,2024-11-02,2024-11-08,Pune,Fashion & Apparel,COD,1,1870.0
908015,583,41,2025-01-08,2025-01-10,Bangalore,Accessories,Prepaid,1,1390.0
908016,600,14,2025-02-15,2025-02-21,Mumbai,Footwear,Prepaid,1,2370.0
908017,27,9,2024-08-08,2024-08-12,Bangalore,Footwear,Prepaid,1,3370.0
908018,254,3,2024-10-11,2024-10-13,Bangalore,Fashion & Apparel,Prepaid,2,3540.0
908019,389,19,2025-03-18,2025-03-21,Bangalore,Electronics,COD,1,10800.0
908020,449,20,2025-02-06,2025-02-10,Mumbai,Electronics,COD,3,38430.0
908021,298,39,2024-04-23,2024-04-25,Mumbai,Beauty & Personal Care,Prepaid,1,780.0
908022,323,47,2024-07-11,2024-07-15,Chennai,Accessories,Prepaid,1,890.0
908023,418,41,2024-10-21,2024-10-27,Hyderabad,Accessories,COD,1,1390.0
908024,597,7,2024-10-19,2024-10-25,Mumbai,Fashion & Apparel,Prepaid,1,2150.0
908025,384,27,2025-03-29,2025-04-04,Chennai,Home & Kitchen,Prepaid,2,2160.0
908026,291,42,2024-10-01,2024-10-03,Hyderabad,Accessories,COD,1,810.0
908027,298,23,2025-02-24,2025-03-01,Mumbai,Electronics,Prepaid,1,12780.0
908028,422,41,2024-08-30,2024-09-05,Bangalore,Accessories,Prepaid,1,1390.0
908029,17,48,2025-01-25,2025-01-27,Kochi,Accessories,COD,1,1560.0
908030,456,9,2025-02-28,2025-03-02,Bangalore,Footwear,Prepaid,1,3370.0
908031,99,17,2024-11-22,2024-11-27,Delhi NCR,Electronics,Prepaid,3,41370.0
908032,412,17,2024-04-04,2024-04-07,Bangalore,Electronics,COD,2,27580.0
908033,112,31,2025-03-07,2025-03-12,Kochi,Home & Kitchen,COD,1,1740.0
908034,380,33,2025-03-27,2025-04-01,Chennai,Beauty & Personal Care,Prepaid,1,740.0
908035,583,5,2025-03-01,2025-03-03,Bangalore,Fashion & Apparel,COD,1,1960.0
908036,242,6,2024-06-18,2024-06-23,Kochi,Fashion & Apparel,Prepaid,1,1510.0
908037,272,5,2024-07-04,2024-07-09,Delhi NCR,Fashion & Apparel,COD,1,1960.0
908038,383,14,2024-06-23,2024-06-27,Mumbai,Footwear,Prepaid,2,4740.0
908039,344,20,2024-04-02,2024-04-05,Mumbai,Electronics,COD,1,12810.0
908040,106,38,2024-06-15,2024-06-21,Delhi NCR,Beauty & Personal Care,Prepaid,3,1530.0
908041,547,25,2024-08-01,2024-08-04,Bangalore,Home & Kitchen,COD,1,3150.0
908042,235,25,2024-08-12,2024-08-15,Hyderabad,Home & Kitchen,Prepaid,1,3150.0
908043,87,23,2024-04-07,2024-04-12,Pune,Electronics,COD,1,12780.0
908044,482,41,2024-06-05,2024-06-08,Bangalore,Accessories,COD,1,1390.0
908045,246,25,2024-09-20,2024-09-26,Pune,Home & Kitchen,Prepaid,1,3150.0
908046,387,8,2024-10-04,2024-10-07,Delhi NCR,Fashion & Apparel,Prepaid,1,1870.0
908047,202,38,2025-03-26,2025-03-29,Mumbai,Beauty & Personal Care,Prepaid,1,510.0
908048,215,10,2024-12-29,2025-01-04,Hyderabad,Footwear,Prepaid,2,7400.0
908049,406,46,2024-08-16,2024-08-19,Pune,Accessories,Prepaid,1,1320.0
908050,308,45,2024-04-10,2024-04-15,Kochi,Accessories,COD,1,1290.0
908051,138,17,2025-02-17,2025-02-19,Chennai,Electronics,Prepaid,1,13790.0
908052,250,32,2025-03-09,2025-03-14,Delhi NCR,Home & Kitchen,COD,1,1990.0
908053,172,39,2025-03-02,2025-03-06,Mumbai,Beauty & Personal Care,Prepaid,1,780.0
908054,310,4,2025-02-01,2025-02-07,Chennai,Fashion & Apparel,COD,1,970.0
908055,11,43,2024-07-11,2024-07-13,Hyderabad,Accessories,Prepaid,1,910.0
908056,76,23,2024-06-21,2024-06-27,Chennai,Electronics,Prepaid,1,12780.0
908057,510,45,2024-06-05,2024-06-11,Pune,Accessories,COD,1,1290.0
908058,21,11,2024-06-11,2024-06-16,Mumbai,Footwear,Prepaid,1,2560.0
908059,541,42,2024-12-12,2024-12-15,Bangalore,Accessories,Prepaid,2,1620.0
908060,194,24,2024-10-01,2024-10-06,Delhi NCR,Electronics,COD,2,22900.0
908061,47,42,2024-05-14,2024-05-19,Kochi,Accessories,COD,1,810.0
908062,361,29,2024-08-26,2024-08-30,Chennai,Home & Kitchen,Prepaid,1,2450.0
908063,193,47,2024-12-12,2024-12-14,Bangalore,Accessories,Prepaid,3,2670.0
908064,195,12,2025-01-16,2025-01-22,Mumbai,Footwear,COD,1,2600.0
908065,219,15,2025-02-02,2025-02-05,Hyderabad,Footwear,COD,1,3740.0
908066,432,19,2024-12-27,2025-01-01,Hyderabad,Electronics,Prepaid,1,10800.0
908067,581,30,2024-06-12,2024-06-15,Bangalore,Home & Kitchen,Prepaid,1,2550.0
908068,349,7,2024-12-20,2024-12-26,Hyderabad,Fashion & Apparel,Prepaid,2,4300.0
908069,468,8,2024-09-29,2024-10-04,Chennai,Fashion & Apparel,Prepaid,1,1870.0
908070,180,23,2024-05-09,2024-05-13,Pune,Electronics,Prepaid,1,12780.0
908071,414,21,2024-10-12,2024-10-16,Delhi NCR,Electronics,Prepaid,2,19900.0
908072,320,16,2025-03-18,2025-03-21,Bangalore,Footwear,Prepaid,1,3900.0
908073,495,1,2024-12-01,2024-12-03,Kochi,Fashion & Apparel,Prepaid,1,1110.0
908074,574,38,2024-10-14,2024-10-20,Mumbai,Beauty & Personal Care,Prepaid,1,510.0
908075,465,47,2024-04-28,2024-05-02,Bangalore,Accessories,COD,1,890.0
908076,183,48,2025-02-27,2025-03-04,Hyderabad,Accessories,Prepaid,1,1560.0
908077,242,47,2024-09-14,2024-09-18,Kochi,Accessories,Prepaid,2,1780.0
908078,224,29,2024-11-14,2024-11-20,Kochi,Home & Kitchen,Prepaid,1,2450.0
908079,282,47,2024-10-01,2024-10-05,Hyderabad,Accessories,Prepaid,1,890.0
908080,178,5,2025-02-02,2025-02-08,Chennai,Fashion & Apparel,Prepaid,1,1960.0
908081,207,40,2024-11-16,2024-11-21,Kochi,Beauty & Personal Care,Prepaid,1,540.0
908082,250,41,2025-01-27,2025-01-30,Delhi NCR,Accessories,COD,1,1390.0
908083,85,24,2024-04-21,2024-04-27,Pune,Electronics,COD,1,11450.0
908084,485,47,2025-01-03,2025-01-09,Hyderabad,Accessories,Prepaid,1,890.0
908085,309,13,2024-04-13,2024-04-17,Mumbai,Footwear,Prepaid,1,3000.0
908086,559,39,2024-10-20,2024-10-23,Kochi,Beauty & Personal Care,Prepaid,2,1560.0
908087,581,37,2024-12-09,2024-12-11,Bangalore,Beauty & Personal Care,COD,1,810.0
908088,207,34,2025-01-25,2025-01-27,Kochi,Beauty & Personal Care,Prepaid,1,410.0
908089,281,3,2024-11-22,2024-11-28,Mumbai,Fashion & Apparel,COD,1,1770.0
908090,9,20,2024-10-23,2024-10-27,Bangalore,Electronics,COD,1,12810.0
908091,298,11,2025-03-12,2025-03-14,Mumbai,Footwear,COD,1,2560.0
908092,549,30,2025-01-15,2025-01-17,Kochi,Home & Kitchen,Prepaid,1,2550.0
908093,316,2,2025-03-26,2025-04-01,Bangalore,Fashion & Apparel,COD,1,1190.0
908094,307,34,2024-04-01,2024-04-04,Hyderabad,Beauty & Personal Care,Prepaid,2,820.0
908095,44,23,2024-10-11,2024-10-13,Chennai,Electronics,COD,2,25560.0
908096,93,48,2024-05-15,2024-05-20,Bangalore,Accessories,COD,3,4680.0
908097,429,5,2024-08-07,2024-08-13,Bangalore,Fashion & Apparel,Prepaid,1,1960.0
908098,260,34,2024-12-15,2024-12-19,Pune,Beauty & Personal Care,Prepaid,1,410.0
908099,462,42,2025-03-22,2025-03-25,Hyderabad,Accessories,Prepaid,2,1620.0
908100,494,38,2024-06-22,2024-06-24,Bangalore,Beauty & Personal Care,Prepaid,1,510.0
908101,136,44,2024-09-22,2024-09-28,Bangalore,Accessories,Prepaid,1,1130.0
908102,90,31,2024-09-22,2024-09-26,Pune,Home & Kitchen,Prepaid,1,1740.0
908103,323,45,2025-02-10,2025-02-16,Chennai,Accessories,COD,2,2580.0
908104,300,45,2024-11-27,2024-12-01,Mumbai,Accessories,Prepaid,1,1290.0
908105,308,28,2024-07-16,2024-07-18,Kochi,Home & Kitchen,Prepaid,2,6340.0
908106,368,6,2024-04-03,2024-04-07,Kochi,Fashion & Apparel,Prepaid,2,3020.0
908107,194,17,2024-07-15,2024-07-21,Delhi NCR,Electronics,Prepaid,1,13790.0
908108,243,42,2024-08-16,2024-08-22,Chennai,Accessories,Prepaid,1,810.0
908109,267,19,2025-02-16,2025-02-22,Bangalore,Electronics,Prepaid,1,10800.0
908110,329,18,2025-01-24,2025-01-27,Hyderabad,Electronics,COD,1,13140.0
908111,598,43,2024-10-08,2024-10-12,Bangalore,Accessories,COD,1,910.0
908112,437,35,2024-07-20,2024-07-26,Bangalore,Beauty & Personal Care,COD,2,1180.0
908113,570,18,2025-03-07,2025-03-09,Hyderabad,Electronics,Prepaid,1,13140.0
908114,143,43,2024-12-06,2024-12-10,Bangalore,Accessories,Prepaid,1,910.0
908115,320,34,2024-07-09,2024-07-12,Bangalore,Beauty & Personal Care,Prepaid,1,410.0
908116,354,44,2024-06-01,2024-06-05,Chennai,Accessories,COD,1,1130.0
908117,557,43,2024-10-15,2024-10-17,Mumbai,Accessories,Prepaid,2,1820.0
908118,324,5,2024-08-15,2024-08-20,Mumbai,Fashion & Apparel,COD,1,1960.0
908119,398,23,2024-04-19,2024-04-25,Pune,Electronics,Prepaid,1,12780.0
908120,244,10,2024-05-18,2024-05-22,Mumbai,Footwear,Prepaid,1,3700.0
908121,155,46,2024-09-09,2024-09-11,Chennai,Accessories,COD,1,1320.0
908122,366,28,2024-10-21,2024-10-25,Delhi NCR,Home & Kitchen,COD,1,3170.0
908123,476,6,2024-04-09,2024-04-15,Mumbai,Fashion & Apparel,COD,1,1510.0
908124,387,31,2025-03-19,2025-03-21,Delhi NCR,Home & Kitchen,Prepaid,1,1740.0
908125,550,12,2024-12-01,2024-12-05,Mumbai,Footwear,COD,1,2600.0
908126,230,23,2024-07-29,2024-07-31,Bangalore,Electronics,COD,1,12780.0
908127,500,47,2024-08-16,2024-08-21,Delhi NCR,Accessories,Prepaid,1,890.0
908128,448,3,2024-05-14,2024-05-17,Pune,Fashion & Apparel,Prepaid,1,1770.0
908129,536,33,2024-04-08,2024-04-11,Chennai,Beauty & Personal Care,COD,1,740.0
908130,59,1,2024-10-11,2024-10-13,Delhi NCR,Fashion & Apparel,Prepaid,1,1110.0
908131,149,44,2024-12-03,2024-12-05,Mumbai,Accessories,Prepaid,1,1130.0
908132,261,33,2025-01-12,2025-01-18,Bangalore,Beauty & Personal Care,Prepaid,1,740.0
908133,249,7,2025-01-30,2025-02-05,Pune,Fashion & Apparel,Prepaid,2,4300.0
908134,363,16,2024-09-28,2024-10-01,Hyderabad,Footwear,COD,2,7800.0
908135,291,21,2025-03-12,2025-03-14,Hyderabad,Electronics,COD,3,29850.0
908136,143,21,2025-02-27,2025-03-02,Bangalore,Electronics,COD,1,9950.0
908137,498,46,2024-06-21,2024-06-24,Mumbai,Accessories,Prepaid,1,1320.0
908138,112,2,2025-02-21,2025-02-27,Kochi,Fashion & Apparel,COD,1,1190.0
908139,232,29,2024-12-31,2025-01-02,Bangalore,Home & Kitchen,Prepaid,1,2450.0
908140,344,9,2025-02-12,2025-02-18,Mumbai,Footwear,Prepaid,1,3370.0
908141,550,12,2024-10-28,2024-11-01,Mumbai,Footwear,Prepaid,1,2600.0
908142,594,25,2024-11-06,2024-11-11,Hyderabad,Home & Kitchen,COD,1,3150.0
908143,14,37,2024-11-16,2024-11-22,Mumbai,Beauty & Personal Care,Prepaid,1,810.0
908144,110,45,2024-11-05,2024-11-08,Pune,Accessories,Prepaid,1,1290.0
908145,382,20,2024-09-08,2024-09-11,Pune,Electronics,Prepaid,1,12810.0
908146,114,11,2025-02-18,2025-02-23,Delhi NCR,Footwear,Prepaid,1,2560.0
908147,18,42,2024-04-09,2024-04-14,Hyderabad,Accessories,COD,1,810.0
908148,74,2,2024-12-13,2024-12-16,Hyderabad,Fashion & Apparel,Prepaid,1,1190.0
908149,533,18,2024-10-27,2024-10-30,Delhi NCR,Electronics,Prepaid,1,13140.0
908150,534,25,2024-04-13,2024-04-17,Mumbai,Home & Kitchen,Prepaid,1,3150.0
908151,200,32,2024-10-16,2024-10-21,Delhi NCR,Home & Kitchen,COD,1,1990.0
908152,182,37,2024-11-03,2024-11-06,Kochi,Beauty & Personal Care,COD,1,810.0
908153,217,38,2025-02-16,2025-02-21,Mumbai,Beauty & Personal Care,COD,1,510.0
908154,298,13,2024-07-25,2024-07-30,Mumbai,Footwear,Prepaid,1,3000.0
908155,116,39,2025-03-01,2025-03-06,Mumbai,Beauty & Personal Care,COD,1,780.0
908156,201,29,2025-02-27,2025-03-02,Hyderabad,Home & Kitchen,COD,3,7350.0
908157,72,42,2024-12-18,2024-12-23,Mumbai,Accessories,Prepaid,1,810.0
908158,214,39,2024-05-29,2024-06-04,Bangalore,Beauty & Personal Care,COD,1,780.0
908159,474,32,2024-10-26,2024-10-30,Hyderabad,Home & Kitchen,Prepaid,1,1990.0
908160,549,35,2024-06-30,2024-07-03,Kochi,Beauty & Personal Care,Prepaid,1,590.0
908161,26,42,2024-10-27,2024-11-01,Hyderabad,Accessories,Prepaid,2,1620.0
908162,13,27,2024-07-23,2024-07-27,Kochi,Home & Kitchen,COD,1,1080.0
908163,440,33,2024-08-23,2024-08-27,Kochi,Beauty & Personal Care,COD,2,1480.0
908164,434,33,2025-02-09,2025-02-14,Chennai,Beauty & Personal Care,Prepaid,2,1480.0
908165,20,12,2024-08-27,2024-08-30,Pune,Footwear,COD,2,5200.0
908166,408,46,2025-02-11,2025-02-16,Pune,Accessories,COD,1,1320.0
908167,501,34,2024-08-19,2024-08-21,Kochi,Beauty & Personal Care,COD,1,410.0
908168,549,29,2025-03-25,2025-03-27,Kochi,Home & Kitchen,Prepaid,2,4900.0
908169,324,11,2025-02-28,2025-03-03,Mumbai,Footwear,COD,1,2560.0
908170,3,10,2025-01-24,2025-01-28,Bangalore,Footwear,Prepaid,1,3700.0
908171,551,2,2024-04-05,2024-04-07,Hyderabad,Fashion & Apparel,Prepaid,1,1190.0
908172,40,12,2024-05-14,2024-05-17,Mumbai,Footwear,Prepaid,1,2600.0
908173,117,3,2024-09-30,2024-10-02,Mumbai,Fashion & Apparel,Prepaid,1,1770.0
908174,275,35,2024-08-15,2024-08-18,Pune,Beauty & Personal Care,Prepaid,1,590.0
908175,144,31,2024-08-13,2024-08-15,Kochi,Home & Kitchen,Prepaid,1,1740.0
908176,73,27,2024-09-13,2024-09-18,Chennai,Home & Kitchen,Prepaid,2,2160.0
908177,120,38,2024-09-13,2024-09-17,Pune,Beauty & Personal Care,Prepaid,1,510.0
908178,408,28,2024-06-21,2024-06-25,Pune,Home & Kitchen,COD,1,3170.0
908179,471,29,2025-02-23,2025-02-26,Hyderabad,Home & Kitchen,COD,1,2450.0
908180,104,13,2024-07-13,2024-07-19,Mumbai,Footwear,COD,2,6000.0
908181,156,19,2025-03-02,2025-03-06,Bangalore,Electronics,Prepaid,1,10800.0
908182,245,45,2024-08-05,2024-08-08,Mumbai,Accessories,COD,1,1290.0
908183,461,11,2025-03-05,2025-03-09,Chennai,Footwear,COD,1,2560.0
908184,161,2,2024-04-08,2024-04-12,Bangalore,Fashion & Apparel,Prepaid,1,1190.0
908185,266,28,2024-10-10,2024-10-12,Delhi NCR,Home & Kitchen,COD,1,3170.0
908186,46,15,2025-03-18,2025-03-23,Bangalore,Footwear,COD,1,3740.0
908187,469,33,2024-08-14,2024-08-19,Delhi NCR,Beauty & Personal Care,COD,1,740.0
908188,368,46,2024-10-22,2024-10-27,Kochi,Accessories,Prepaid,2,2640.0
908189,564,13,2025-01-03,2025-01-09,Mumbai,Footwear,COD,1,3000.0
908190,210,42,2024-05-22,2024-05-27,Chennai,Accessories,COD,2,1620.0
908191,540,8,2024-12-20,2024-12-22,Delhi NCR,Fashion & Apparel,COD,1,1870.0
908192,464,29,2024-05-01,2024-05-07,Bangalore,Home & Kitchen,Prepaid,1,2450.0
908193,436,46,2024-07-21,2024-07-23,Mumbai,Accessories,Prepaid,1,1320.0
908194,261,3,2024-08-03,2024-08-07,Bangalore,Fashion & Apparel,Prepaid,1,1770.0
908195,45,6,2024-05-05,2024-05-07,Hyderabad,Fashion & Apparel,Prepaid,1,1510.0
908196,521,43,2024-12-07,2024-12-09,Chennai,Accessories,Prepaid,1,910.0
908197,518,3,2024-11-05,2024-11-07,Bangalore,Fashion & Apparel,COD,1,1770.0
908198,261,5,2025-03-18,2025-03-22,Bangalore,Fashion & Apparel,Prepaid,1,1960.0
908199,304,1,2024-11-16,2024-11-18,Pune,Fashion & Apparel,COD,1,1110.0
908200,488,2,2024-09-14,2024-09-19,Hyderabad,Fashion & Apparel,Prepaid,1,1190.0
908201,99,29,2024-10-26,2024-10-29,Delhi NCR,Home & Kitchen,Prepaid,1,2450.0
908202,178,12,2024-09-19,2024-09-21,Chennai,Footwear,Prepaid,1,2600.0
908203,520,48,2024-08-03,2024-08-06,Bangalore,Accessories,Prepaid,1,1560.0
908204,444,36,2024-06-24,2024-06-29,Mumbai,Beauty & Personal Care,Prepaid,1,1130.0
908205,58,26,2024-10-30,2024-11-01,Chennai,Home & Kitchen,Prepaid,1,2250.0
908206,440,18,2024-09-14,2024-09-19,Kochi,Electronics,COD,1,13140.0
908207,202,18,2024-11-26,2024-11-29,Mumbai,Electronics,Prepaid,1,13140.0
908208,222,35,2025-03-27,2025-04-01,Bangalore,Beauty & Personal Care,Prepaid,1,590.0
908209,418,14,2024-11-13,2024-11-15,Hyderabad,Footwear,COD,1,2370.0
908210,124,12,2025-02-15,2025-02-17,Chennai,Footwear,COD,1,2600.0
908211,594,19,2024-10-23,2024-10-27,Hyderabad,Electronics,Prepaid,1,10800.0
908212,465,40,2025-02-22,2025-02-24,Bangalore,Beauty & Personal Care,COD,1,540.0
908213,147,43,2024-06-10,2024-06-14,Mumbai,Accessories,Prepaid,2,1820.0
908214,206,24,2025-02-16,2025-02-21,Chennai,Electronics,COD,1,11450.0
908215,433,17,2025-01-12,2025-01-18,Pune,Electronics,Prepaid,1,13790.0
908216,410,31,2025-02-19,2025-02-25,Bangalore,Home & Kitchen,Prepaid,1,1740.0
908217,547,31,2024-05-04,2024-05-08,Bangalore,Home & Kitchen,Prepaid,1,1740.0
908218,271,27,2024-08-12,2024-08-15,Chennai,Home & Kitchen,COD,1,1080.0
908219,507,40,2025-02-09,2025-02-12,Bangalore,Beauty & Personal Care,COD,3,1620.0
908220,297,37,2025-01-26,2025-01-29,Delhi NCR,Beauty & Personal Care,COD,1,810.0
908221,208,34,2024-04-11,2024-04-15,Bangalore,Beauty & Personal Care,Prepaid,2,820.0
908222,67,38,2024-08-26,2024-09-01,Pune,Beauty & Personal Care,COD,1,510.0
908223,481,37,2024-08-30,2024-09-05,Pune,Beauty & Personal Care,Prepaid,1,810.0
908224,404,44,2024-11-26,2024-11-28,Hyderabad,Accessories,COD,1,1130.0
908225,468,40,2024-05-23,2024-05-29,Chennai,Beauty & Personal Care,COD,3,1620.0
908226,474,31,2024-12-08,2024-12-14,Hyderabad,Home & Kitchen,Prepaid,1,1740.0
908227,404,12,2025-02-03,2025-02-07,Hyderabad,Footwear,Prepaid,1,2600.0
908228,383,15,2024-12-07,2024-12-09,Mumbai,Footwear,Prepaid,1,3740.0
908229,538,33,2024-07-13,2024-07-18,Bangalore,Beauty & Personal Care,COD,1,740.0
908230,548,14,2024-11-30,2024-12-06,Delhi NCR,Footwear,Prepaid,1,2370.0
908231,84,20,2024-10-24,2024-10-26,Kochi,Electronics,Prepaid,1,12810.0
908232,236,2,2024-07-18,2024-07-24,Mumbai,Fashion & Apparel,COD,1,1190.0
908233,115,9,2025-01-26,2025-01-29,Kochi,Footwear,Prepaid,1,3370.0
908234,254,19,2025-02-06,2025-02-09,Bangalore,Electronics,COD,1,10800.0
908235,490,11,2024-06-21,2024-06-25,Delhi NCR,Footwear,Prepaid,1,2560.0
908236,502,41,2024-05-25,2024-05-31,Mumbai,Accessories,Prepaid,2,2780.0
908237,353,43,2024-09-10,2024-09-14,Bangalore,Accessories,COD,1,910.0
908238,98,7,2025-02-24,2025-03-01,Bangalore,Fashion & Apparel,COD,1,2150.0
908239,461,17,2025-02-21,2025-02-27,Chennai,Electronics,COD,2,27580.0
908240,365,10,2025-03-23,2025-03-26,Delhi NCR,Footwear,Prepaid,1,3700.0
908241,395,30,2025-03-26,2025-04-01,Delhi NCR,Home & Kitchen,Prepaid,1,2550.0
908242,146,44,2025-01-24,2025-01-29,Hyderabad,Accessories,COD,1,1130.0
908243,404,5,2024-11-22,2024-11-28,Hyderabad,Fashion & Apparel,COD,1,1960.0
908244,19,28,2024-12-28,2024-12-31,Kochi,Home & Kitchen,Prepaid,1,3170.0
908245,555,7,2024-06-18,2024-06-20,Chennai,Fashion & Apparel,Prepaid,2,4300.0
908246,100,16,2025-01-24,2025-01-26,Delhi NCR,Footwear,COD,2,7800.0
908247,119,40,2024-11-05,2024-11-11,Delhi NCR,Beauty & Personal Care,COD,1,540.0
908248,538,16,2025-01-28,2025-02-02,Bangalore,Footwear,COD,1,3900.0
908249,186,20,2024-07-21,2024-07-25,Hyderabad,Electronics,COD,1,12810.0
908250,180,18,2025-03-04,2025-03-06,Pune,Electronics,Prepaid,1,13140.0
908251,97,6,2024-06-30,2024-07-02,Mumbai,Fashion & Apparel,Prepaid,1,1510.0
908252,527,21,2024-09-15,2024-09-17,Bangalore,Electronics,COD,1,9950.0
908253,155,48,2024-06-08,2024-06-12,Chennai,Accessories,Prepaid,1,1560.0
908254,164,23,2024-06-29,2024-07-05,Chennai,Electronics,Prepaid,1,12780.0
908255,47,24,2024-07-30,2024-08-01,Kochi,Electronics,Prepaid,1,11450.0
908256,440,39,2024-11-19,2024-11-21,Kochi,Beauty & Personal Care,Prepaid,2,1560.0
908257,300,30,2024-04-06,2024-04-12,Mumbai,Home & Kitchen,Prepaid,1,2550.0
908258,373,36,2024-05-19,2024-05-22,Mumbai,Beauty & Personal Care,COD,1,1130.0
908259,183,32,2025-01-07,2025-01-11,Hyderabad,Home & Kitchen,COD,1,1990.0
908260,588,45,2024-11-29,2024-12-04,Mumbai,Accessories,Prepaid,1,1290.0
908261,98,18,2024-07-17,2024-07-23,Bangalore,Electronics,Prepaid,1,13140.0
908262,319,17,2024-08-27,2024-08-29,Chennai,Electronics,COD,1,13790.0
908263,561,31,2024-09-02,2024-09-07,Pune,Home & Kitchen,COD,2,3480.0
908264,136,31,2025-01-23,2025-01-25,Bangalore,Home & Kitchen,Prepaid,1,1740.0
908265,382,34,2025-03-22,2025-03-24,Pune,Beauty & Personal Care,COD,3,1230.0
908266,132,24,2025-01-14,2025-01-20,Chennai,Electronics,Prepaid,1,11450.0
908267,387,33,2025-02-24,2025-02-28,Delhi NCR,Beauty & Personal Care,Prepaid,1,740.0
908268,246,6,2024-08-25,2024-08-30,Pune,Fashion & Apparel,COD,1,1510.0
908269,392,20,2024-09-22,2024-09-27,Bangalore,Electronics,Prepaid,1,12810.0
908270,51,17,2024-08-14,2024-08-17,Kochi,Electronics,COD,1,13790.0
908271,444,31,2024-06-24,2024-06-27,Mumbai,Home & Kitchen,COD,1,1740.0
908272,437,35,2024-11-09,2024-11-13,Bangalore,Beauty & Personal Care,Prepaid,1,590.0
908273,39,44,2024-11-19,2024-11-23,Pune,Accessories,Prepaid,1,1130.0
908274,273,24,2025-01-05,2025-01-10,Hyderabad,Electronics,Prepaid,1,11450.0
908275,290,45,2024-10-22,2024-10-27,Delhi NCR,Accessories,Prepaid,1,1290.0
908276,214,2,2024-06-06,2024-06-10,Bangalore,Fashion & Apparel,COD,2,2380.0
908277,380,1,2025-03-14,2025-03-16,Chennai,Fashion & Apparel,Prepaid,1,1110.0
908278,120,2,2024-08-20,2024-08-26,Pune,Fashion & Apparel,Prepaid,1,1190.0
908279,507,13,2024-07-04,2024-07-06,Bangalore,Footwear,Prepaid,1,3000.0
908280,571,18,2024-08-05,2024-08-08,Delhi NCR,Electronics,COD,1,13140.0
908281,530,40,2024-04-17,2024-04-19,Delhi NCR,Beauty & Personal Care,Prepaid,1,540.0
908282,55,5,2024-11-30,2024-12-06,Delhi NCR,Fashion & Apparel,COD,1,1960.0
908283,76,46,2024-12-20,2024-12-24,Chennai,Accessories,Prepaid,1,1320.0
908284,351,16,2024-11-14,2024-11-17,Pune,Footwear,Prepaid,1,3900.0
908285,250,21,2024-09-19,2024-09-23,Delhi NCR,Electronics,Prepaid,2,19900.0
908286,268,6,2025-02-28,2025-03-03,Delhi NCR,Fashion & Apparel,Prepaid,1,1510.0
908287,555,37,2024-04-27,2024-05-01,Chennai,Beauty & Personal Care,COD,1,810.0
908288,313,24,2024-10-19,2024-10-21,Bangalore,Electronics,COD,1,11450.0
908289,549,31,2024-06-20,2024-06-22,Kochi,Home & Kitchen,COD,1,1740.0
908290,487,41,2025-01-25,2025-01-29,Delhi NCR,Accessories,Prepaid,1,1390.0
908291,363,5,2024-07-19,2024-07-21,Hyderabad,Fashion & Apparel,Prepaid,1,1960.0
908292,273,14,2025-02-04,2025-02-08,Hyderabad,Footwear,COD,1,2370.0
908293,372,12,2024-07-05,2024-07-10,Bangalore,Footwear,COD,2,5200.0
908294,569,20,2024-07-25,2024-07-27,Bangalore,Electronics,Prepaid,1,12810.0
908295,138,1,2024-06-17,2024-06-23,Chennai,Fashion & Apparel,Prepaid,1,1110.0
908296,116,39,2024-10-24,2024-10-28,Mumbai,Beauty & Personal Care,COD,1,780.0
908297,562,17,2024-05-25,2024-05-30,Kochi,Electronics,COD,1,13790.0
908298,15,26,2025-01-28,2025-02-01,Bangalore,Home & Kitchen,Prepaid,1,2250.0
908299,38,18,2024-12-02,2024-12-06,Bangalore,Electronics,Prepaid,2,26280.0
908300,123,45,2024-05-11,2024-05-17,Pune,Accessories,Prepaid,1,1290.0
908301,63,17,2025-01-31,2025-02-06,Mumbai,Electronics,Prepaid,2,27580.0
908302,490,1,2025-03-13,2025-03-16,Delhi NCR,Fashion & Apparel,COD,1,1110.0
908303,290,30,2025-01-20,2025-01-26,Delhi NCR,Home & Kitchen,Prepaid,2,5100.0
908304,539,45,2024-09-14,2024-09-20,Mumbai,Accessories,COD,2,2580.0
908305,240,5,2024-07-23,2024-07-28,Chennai,Fashion & Apparel,Prepaid,1,1960.0
908306,440,10,2025-03-02,2025-03-05,Kochi,Footwear,COD,1,3700.0
908307,591,6,2025-03-24,2025-03-28,Hyderabad,Fashion & Apparel,Prepaid,1,1510.0
908308,413,18,2025-02-10,2025-02-14,Delhi NCR,Electronics,Prepaid,2,26280.0
908309,411,47,2025-03-08,2025-03-13,Pune,Accessories,Prepaid,1,890.0
908310,91,39,2025-03-09,2025-03-13,Bangalore,Beauty & Personal Care,Prepaid,1,780.0
908311,125,31,2025-02-27,2025-03-01,Delhi NCR,Home & Kitchen,COD,1,1740.0
908312,79,20,2024-06-08,2024-06-11,Pune,Electronics,Prepaid,1,12810.0
908313,357,7,2025-02-22,2025-02-24,Mumbai,Fashion & Apparel,Prepaid,2,4300.0
908314,138,9,2024-09-09,2024-09-15,Chennai,Footwear,COD,1,3370.0
908315,310,43,2025-01-29,2025-02-04,Chennai,Accessories,COD,1,910.0
908316,249,20,2024-05-27,2024-06-02,Pune,Electronics,Prepaid,1,12810.0
908317,511,6,2024-09-18,2024-09-23,Bangalore,Fashion & Apparel,Prepaid,2,3020.0
908318,399,16,2024-09-17,2024-09-22,Hyderabad,Footwear,COD,2,7800.0
908319,544,30,2024-09-30,2024-10-03,Bangalore,Home & Kitchen,Prepaid,1,2550.0
908320,583,47,2025-01-31,2025-02-03,Bangalore,Accessories,COD,1,890.0
908321,186,30,2024-12-04,2024-12-09,Hyderabad,Home & Kitchen,COD,1,2550.0
908322,78,1,2025-03-24,2025-03-29,Chennai,Fashion & Apparel,COD,1,1110.0
908323,490,40,2024-07-30,2024-08-02,Delhi NCR,Beauty & Personal Care,COD,2,1080.0
908324,243,44,2024-09-13,2024-09-15,Chennai,Accessories,Prepaid,1,1130.0
908325,425,14,2024-09-15,2024-09-21,Hyderabad,Footwear,COD,1,2370.0
908326,239,20,2025-03-07,2025-03-11,Kochi,Electronics,Prepaid,1,12810.0
908327,365,6,2024-10-20,2024-10-26,Delhi NCR,Fashion & Apparel,Prepaid,2,3020.0
908328,318,32,2024-11-06,2024-11-08,Delhi NCR,Home & Kitchen,COD,1,1990.0
908329,168,38,2025-03-29,2025-03-31,Bangalore,Beauty & Personal Care,COD,1,510.0
908330,279,47,2025-03-03,2025-03-05,Delhi NCR,Accessories,COD,1,890.0
908331,287,47,2024-12-04,2024-12-10,Pune,Accessories,Prepaid,1,890.0
908332,440,44,2024-08-20,2024-08-23,Kochi,Accessories,Prepaid,1,1130.0
908333,542,45,2024-07-18,2024-07-20,Delhi NCR,Accessories,Prepaid,1,1290.0
908334,404,9,2024-09-12,2024-09-18,Hyderabad,Footwear,COD,1,3370.0
908335,111,10,2024-07-11,2024-07-13,Bangalore,Footwear,COD,1,3700.0
908336,122,48,2025-02-02,2025-02-07,Mumbai,Accessories,COD,1,1560.0
908337,58,28,2024-05-04,2024-05-08,Chennai,Home & Kitchen,Prepaid,1,3170.0
908338,502,8,2025-03-28,2025-03-31,Mumbai,Fashion & Apparel,Prepaid,1,1870.0
908339,386,9,2024-09-05,2024-09-10,Kochi,Footwear,COD,1,3370.0
908340,178,8,2024-06-13,2024-06-18,Chennai,Fashion & Apparel,Prepaid,1,1870.0
908341,374,10,2025-01-18,2025-01-22,Chennai,Footwear,Prepaid,1,3700.0
908342,249,28,2024-04-11,2024-04-16,Pune,Home & Kitchen,Prepaid,1,3170.0
908343,405,13,2024-12-02,2024-12-07,Pune,Footwear,Prepaid,1,3000.0
908344,110,22,2024-06-14,2024-06-18,Pune,Electronics,Prepaid,1,13330.0
908345,585,36,2024-08-17,2024-08-22,Bangalore,Beauty & Personal Care,Prepaid,1,1130.0
908346,331,11,2024-11-02,2024-11-04,Bangalore,Footwear,Prepaid,1,2560.0
908347,247,43,2024-08-21,2024-08-26,Delhi NCR,Accessories,Prepaid,1,910.0
908348,87,21,2024-10-15,2024-10-18,Pune,Electronics,Prepaid,1,9950.0
908349,278,33,2024-05-18,2024-05-21,Mumbai,Beauty & Personal Care,Prepaid,2,1480.0
908350,341,34,2024-12-22,2024-12-24,Hyderabad,Beauty & Personal Care,COD,1,410.0
908351,199,21,2024-04-18,2024-04-20,Bangalore,Electronics,Prepaid,1,9950.0
908352,570,48,2024-04-18,2024-04-23,Hyderabad,Accessories,COD,2,3120.0
908353,554,22,2024-04-25,2024-04-30,Bangalore,Electronics,COD,1,13330.0
908354,253,4,2024-04-20,2024-04-22,Bangalore,Fashion & Apparel,Prepaid,1,970.0
908355,228,13,2024-11-05,2024-11-07,Pune,Footwear,Prepaid,1,3000.0
908356,489,20,2024-12-23,2024-12-25,Delhi NCR,Electronics,COD,2,25620.0
908357,567,26,2024-05-14,2024-05-18,Mumbai,Home & Kitchen,Prepaid,1,2250.0
908358,245,45,2024-06-19,2024-06-24,Mumbai,Accessories,Prepaid,1,1290.0
908359,163,18,2024-06-17,2024-06-20,Mumbai,Electronics,Prepaid,1,13140.0
908360,167,32,2024-05-20,2024-05-23,Chennai,Home & Kitchen,COD,2,3980.0
908361,106,14,2025-03-06,2025-03-09,Delhi NCR,Footwear,Prepaid,2,4740.0
908362,422,10,2024-05-21,2024-05-25,Bangalore,Footwear,Prepaid,1,3700.0
908363,342,8,2024-08-23,2024-08-28,Hyderabad,Fashion & Apparel,Prepaid,1,1870.0
908364,73,19,2024-12-11,2024-12-16,Chennai,Electronics,COD,1,10800.0
908365,356,16,2025-03-19,2025-03-22,Mumbai,Footwear,Prepaid,1,3900.0
908366,191,15,2025-01-02,2025-01-07,Pune,Footwear,Prepaid,1,3740.0
908367,386,31,2025-01-27,2025-02-02,Kochi,Home & Kitchen,COD,1,1740.0
908368,515,19,2024-08-07,2024-08-10,Bangalore,Electronics,COD,1,10800.0
908369,186,1,2024-05-14,2024-05-17,Hyderabad,Fashion & Apparel,Prepaid,1,1110.0
908370,43,43,2024-04-10,2024-04-13,Chennai,Accessories,COD,2,1820.0
908371,36,19,2025-01-03,2025-01-07,Pune,Electronics,COD,1,10800.0
908372,183,47,2024-05-06,2024-05-10,Hyderabad,Accessories,Prepaid,1,890.0
908373,331,28,2024-05-29,2024-05-31,Bangalore,Home & Kitchen,Prepaid,3,9510.0
908374,414,11,2025-01-04,2025-01-10,Delhi NCR,Footwear,Prepaid,1,2560.0
908375,279,28,2024-07-20,2024-07-25,Delhi NCR,Home & Kitchen,COD,1,3170.0
908376,2,34,2024-08-10,2024-08-12,Mumbai,Beauty & Personal Care,Prepaid,1,410.0
908377,599,15,2024-11-05,2024-11-09,Delhi NCR,Footwear,Prepaid,1,3740.0
908378,457,25,2024-11-30,2024-12-04,Pune,Home & Kitchen,Prepaid,1,3150.0
908379,228,38,2024-04-14,2024-04-18,Pune,Beauty & Personal Care,COD,2,1020.0
908380,49,2,2024-04-28,2024-05-03,Hyderabad,Fashion & Apparel,COD,1,1190.0
908381,346,19,2024-10-26,2024-10-29,Bangalore,Electronics,COD,1,10800.0
908382,478,39,2025-02-02,2025-02-08,Mumbai,Beauty & Personal Care,COD,1,780.0
908383,128,40,2025-02-24,2025-02-27,Mumbai,Beauty & Personal Care,Prepaid,1,540.0
908384,304,29,2024-06-19,2024-06-21,Pune,Home & Kitchen,Prepaid,2,4900.0
908385,147,12,2024-12-17,2024-12-19,Mumbai,Footwear,COD,3,7800.0
908386,222,37,2024-11-13,2024-11-17,Bangalore,Beauty & Personal Care,COD,1,810.0
908387,438,32,2024-08-27,2024-08-30,Hyderabad,Home & Kitchen,Prepaid,1,1990.0
908388,451,43,2025-02-02,2025-02-07,Bangalore,Accessories,Prepaid,1,910.0
908389,480,32,2024-04-08,2024-04-14,Mumbai,Home & Kitchen,COD,1,1990.0
908390,66,20,2024-09-13,2024-09-16,Delhi NCR,Electronics,Prepaid,1,12810.0
908391,385,2,2024-06-12,2024-06-18,Hyderabad,Fashion & Apparel,Prepaid,1,1190.0
908392,11,20,2025-01-21,2025-01-27,Hyderabad,Electronics,Prepaid,1,12810.0
908393,301,25,2024-11-27,2024-11-29,Bangalore,Home & Kitchen,COD,1,3150.0
908394,408,14,2025-01-23,2025-01-27,Pune,Footwear,Prepaid,2,4740.0
908395,302,18,2025-02-14,2025-02-18,Bangalore,Electronics,Prepaid,1,13140.0
908396,130,9,2025-01-13,2025-01-19,Hyderabad,Footwear,COD,1,3370.0
908397,453,16,2024-05-03,2024-05-09,Mumbai,Footwear,COD,1,3900.0
908398,286,16,2024-05-30,2024-06-02,Mumbai,Footwear,COD,1,3900.0
908399,69,32,2025-01-20,2025-01-26,Bangalore,Home & Kitchen,Prepaid,1,1990.0
908400,377,42,2024-05-13,2024-05-16,Delhi NCR,Accessories,Prepaid,1,810.0
908401,232,2,2025-03-26,2025-03-28,Bangalore,Fashion & Apparel,Prepaid,1,1190.0
908402,140,39,2024-11-27,2024-12-03,Mumbai,Beauty & Personal Care,Prepaid,1,780.0
908403,457,28,2024-12-15,2024-12-18,Pune,Home & Kitchen,COD,2,6340.0
908404,558,42,2024-12-09,2024-12-14,Kochi,Accessories,COD,1,810.0
908405,570,9,2024-12-09,2024-12-11,Hyderabad,Footwear,COD,1,3370.0
908406,505,9,2024-08-18,2024-08-20,Mumbai,Footwear,COD,1,3370.0
908407,585,40,2024-05-01,2024-05-06,Bangalore,Beauty & Personal Care,Prepaid,1,540.0
908408,418,36,2024-08-17,2024-08-21,Hyderabad,Beauty & Personal Care,Prepaid,1,1130.0
908409,228,32,2025-02-08,2025-02-13,Pune,Home & Kitchen,COD,1,1990.0
908410,27,10,2024-04-13,2024-04-17,Bangalore,Footwear,Prepaid,1,3700.0
908411,595,46,2024-05-19,2024-05-23,Delhi NCR,Accessories,Prepaid,1,1320.0
908412,30,47,2024-06-25,2024-07-01,Pune,Accessories,COD,1,890.0
908413,366,16,2024-12-10,2024-12-13,Delhi NCR,Footwear,Prepaid,1,3900.0
908414,572,18,2024-09-26,2024-09-29,Hyderabad,Electronics,Prepaid,1,13140.0
908415,409,42,2025-02-14,2025-02-16,Mumbai,Accessories,Prepaid,1,810.0
908416,485,10,2025-03-02,2025-03-07,Hyderabad,Footwear,COD,1,3700.0
908417,244,44,2025-03-13,2025-03-17,Mumbai,Accessories,Prepaid,1,1130.0
908418,44,16,2024-10-05,2024-10-11,Chennai,Footwear,Prepaid,1,3900.0
908419,145,47,2024-11-08,2024-11-10,Bangalore,Accessories,Prepaid,1,890.0
908420,166,45,2024-10-14,2024-10-17,Bangalore,Accessories,Prepaid,2,2580.0
908421,36,29,2024-05-02,2024-05-04,Pune,Home & Kitchen,Prepaid,1,2450.0
908422,212,13,2024-08-12,2024-08-16,Bangalore,Footwear,Prepaid,1,3000.0
908423,26,29,2024-11-05,2024-11-07,Hyderabad,Home & Kitchen,COD,1,2450.0
908424,499,36,2025-02-13,2025-02-19,Mumbai,Beauty & Personal Care,Prepaid,1,1130.0
908425,346,26,2024-05-21,2024-05-27,Bangalore,Home & Kitchen,Prepaid,1,2250.0
908426,362,4,2024-12-31,2025-01-03,Hyderabad,Fashion & Apparel,COD,1,970.0
908427,20,30,2025-02-11,2025-02-13,Pune,Home & Kitchen,Prepaid,1,2550.0
908428,336,6,2024-11-12,2024-11-16,Chennai,Fashion & Apparel,COD,1,1510.0
908429,332,25,2024-06-18,2024-06-24,Mumbai,Home & Kitchen,Prepaid,3,9450.0
908430,589,16,2024-05-09,2024-05-14,Bangalore,Footwear,COD,1,3900.0
908431,4,18,2024-04-15,2024-04-18,Chennai,Electronics,Prepaid,2,26280.0
908432,563,43,2024-05-19,2024-05-25,Pune,Accessories,COD,1,910.0
908433,215,5,2024-12-24,2024-12-28,Hyderabad,Fashion & Apparel,Prepaid,1,1960.0
908434,292,40,2024-12-17,2024-12-21,Mumbai,Beauty & Personal Care,Prepaid,3,1620.0
908435,61,46,2024-12-21,2024-12-25,Mumbai,Accessories,Prepaid,1,1320.0
908436,94,19,2024-07-18,2024-07-20,Delhi NCR,Electronics,Prepaid,1,10800.0
908437,568,13,2024-12-13,2024-12-16,Kochi,Footwear,Prepaid,3,9000.0
908438,428,41,2025-02-03,2025-02-09,Hyderabad,Accessories,Prepaid,1,1390.0
908439,455,35,2025-02-03,2025-02-05,Mumbai,Beauty & Personal Care,Prepaid,2,1180.0
908440,21,33,2024-11-27,2024-11-30,Mumbai,Beauty & Personal Care,Prepaid,2,1480.0
908441,529,15,2024-12-06,2024-12-10,Pune,Footwear,Prepaid,1,3740.0
908442,475,23,2024-04-04,2024-04-07,Bangalore,Electronics,COD,1,12780.0
908443,520,24,2024-11-03,2024-11-06,Bangalore,Electronics,Prepaid,1,11450.0
908444,577,28,2024-07-02,2024-07-04,Kochi,Home & Kitchen,COD,1,3170.0
908445,493,24,2024-10-26,2024-10-28,Mumbai,Electronics,Prepaid,1,11450.0
908446,361,37,2024-10-13,2024-10-19,Chennai,Beauty & Personal Care,Prepaid,1,810.0
908447,199,18,2025-03-29,2025-04-04,Bangalore,Electronics,COD,1,13140.0
908448,15,43,2025-01-15,2025-01-20,Bangalore,Accessories,COD,1,910.0
908449,219,28,2024-08-17,2024-08-20,Hyderabad,Home & Kitchen,Prepaid,2,6340.0
908450,32,41,2024-09-07,2024-09-12,Mumbai,Accessories,COD,2,2780.0
908451,384,2,2024-08-14,2024-08-20,Chennai,Fashion & Apparel,COD,1,1190.0
908452,377,46,2024-04-10,2024-04-12,Delhi NCR,Accessories,COD,2,2640.0
908453,305,12,2024-07-15,2024-07-19,Bangalore,Footwear,COD,2,5200.0
908454,215,19,2024-08-12,2024-08-17,Hyderabad,Electronics,COD,1,10800.0
908455,581,13,2024-12-14,2024-12-19,Bangalore,Footwear,COD,1,3000.0
908456,409,13,2024-07-14,2024-07-16,Mumbai,Footwear,Prepaid,2,6000.0
908457,346,8,2024-09-14,2024-09-17,Bangalore,Fashion & Apparel,COD,1,1870.0
908458,369,11,2024-06-20,2024-06-22,Delhi NCR,Footwear,COD,1,2560.0
908459,554,15,2024-09-10,2024-09-15,Bangalore,Footwear,Prepaid,1,3740.0
908460,91,40,2024-10-02,2024-10-04,Bangalore,Beauty & Personal Care,Prepaid,1,540.0
908461,140,23,2024-05-07,2024-05-10,Mumbai,Electronics,Prepaid,1,12780.0
908462,571,10,2024-11-21,2024-11-23,Delhi NCR,Footwear,Prepaid,1,3700.0
908463,256,11,2024-07-31,2024-08-06,Bangalore,Footwear,COD,1,2560.0
908464,203,12,2024-09-12,2024-09-16,Hyderabad,Footwear,Prepaid,1,2600.0
908465,498,10,2024-09-30,2024-10-04,Mumbai,Footwear,Prepaid,1,3700.0
908466,569,48,2025-03-10,2025-03-13,Bangalore,Accessories,COD,2,3120.0
908467,259,34,2024-11-03,2024-11-07,Bangalore,Beauty & Personal Care,COD,1,410.0
908468,230,13,2024-08-13,2024-08-16,Bangalore,Footwear,Prepaid,1,3000.0
908469,247,3,2024-10-05,2024-10-10,Delhi NCR,Fashion & Apparel,Prepaid,1,1770.0
908470,543,28,2024-08-02,2024-08-07,Chennai,Home & Kitchen,COD,1,3170.0
908471,454,23,2024-04-28,2024-05-03,Mumbai,Electronics,Prepaid,1,12780.0
908472,476,21,2024-05-23,2024-05-25,Mumbai,Electronics,Prepaid,1,9950.0
908473,487,35,2024-07-03,2024-07-06,Delhi NCR,Beauty & Personal Care,Prepaid,1,590.0
908474,20,16,2024-05-14,2024-05-18,Pune,Footwear,Prepaid,1,3900.0
908475,461,7,2024-12-07,2024-12-11,Chennai,Fashion & Apparel,Prepaid,2,4300.0
908476,349,32,2025-03-21,2025-03-23,Hyderabad,Home & Kitchen,COD,1,1990.0
908477,448,8,2024-05-24,2024-05-27,Pune,Fashion & Apparel,Prepaid,1,1870.0
908478,504,32,2024-05-31,2024-06-04,Pune,Home & Kitchen,COD,1,1990.0
908479,395,6,2025-03-13,2025-03-16,Delhi NCR,Fashion & Apparel,COD,1,1510.0
908480,517,41,2025-01-27,2025-02-01,Chennai,Accessories,COD,1,1390.0
908481,216,11,2025-01-19,2025-01-22,Delhi NCR,Footwear,COD,1,2560.0
908482,427,43,2024-06-27,2024-06-30,Bangalore,Accessories,Prepaid,1,910.0
908483,155,46,2024-06-25,2024-06-29,Chennai,Accessories,Prepaid,1,1320.0
908484,374,29,2024-09-23,2024-09-26,Chennai,Home & Kitchen,Prepaid,1,2450.0
908485,413,15,2024-06-19,2024-06-22,Delhi NCR,Footwear,Prepaid,1,3740.0
908486,499,43,2024-12-22,2024-12-27,Mumbai,Accessories,COD,1,910.0
908487,571,12,2024-05-22,2024-05-26,Delhi NCR,Footwear,Prepaid,1,2600.0
908488,242,27,2025-01-20,2025-01-22,Kochi,Home & Kitchen,COD,2,2160.0
908489,81,6,2025-01-07,2025-01-12,Chennai,Fashion & Apparel,Prepaid,1,1510.0
908490,536,34,2025-03-12,2025-03-16,Chennai,Beauty & Personal Care,Prepaid,1,410.0
908491,434,26,2024-07-29,2024-08-04,Chennai,Home & Kitchen,Prepaid,1,2250.0
908492,393,47,2024-05-28,2024-05-30,Delhi NCR,Accessories,COD,1,890.0
908493,530,34,2024-04-24,2024-04-28,Delhi NCR,Beauty & Personal Care,Prepaid,1,410.0
908494,41,12,2025-03-07,2025-03-09,Mumbai,Footwear,Prepaid,1,2600.0
908495,597,37,2024-10-18,2024-10-22,Mumbai,Beauty & Personal Care,Prepaid,1,810.0
908496,496,16,2025-01-04,2025-01-07,Hyderabad,Footwear,Prepaid,1,3900.0
908497,287,31,2025-02-18,2025-02-22,Pune,Home & Kitchen,COD,2,3480.0
908498,473,18,2024-07-01,2024-07-03,Chennai,Electronics,COD,1,13140.0
908499,372,2,2024-12-20,2024-12-24,Bangalore,Fashion & Apparel,COD,1,1190.0
908500,445,25,2024-12-20,2024-12-26,Chennai,Home & Kitchen,COD,1,3150.0
908501,547,19,2024-04-16,2024-04-21,Bangalore,Electronics,Prepaid,1,10800.0
908502,379,32,2025-02-06,2025-02-08,Bangalore,Home & Kitchen,Prepaid,1,1990.0
908503,134,18,2024-12-03,2024-12-07,Delhi NCR,Electronics,COD,1,13140.0
908504,443,20,2024-07-16,2024-07-21,Hyderabad,Electronics,Prepaid,1,12810.0
908505,470,25,2025-03-04,2025-03-06,Kochi,Home & Kitchen,COD,1,3150.0
908506,342,40,2024-09-04,2024-09-10,Hyderabad,Beauty & Personal Care,Prepaid,1,540.0
908507,241,47,2025-02-19,2025-02-23,Pune,Accessories,COD,2,1780.0
908508,283,19,2024-05-27,2024-05-30,Mumbai,Electronics,COD,1,10800.0
908509,414,23,2025-01-28,2025-01-31,Delhi NCR,Electronics,Prepaid,1,12780.0
908510,5,7,2024-05-28,2024-06-01,Mumbai,Fashion & Apparel,Prepaid,1,2150.0
908511,288,45,2024-11-14,2024-11-16,Pune,Accessories,Prepaid,1,1290.0
908512,375,18,2024-07-22,2024-07-28,Delhi NCR,Electronics,Prepaid,1,13140.0
908513,319,35,2024-04-20,2024-04-24,Chennai,Beauty & Personal Care,Prepaid,2,1180.0
908514,212,5,2025-01-29,2025-01-31,Bangalore,Fashion & Apparel,Prepaid,2,3920.0
908515,589,18,2024-06-23,2024-06-27,Bangalore,Electronics,Prepaid,1,13140.0
908516,383,14,2024-11-30,2024-12-04,Mumbai,Footwear,COD,2,4740.0
908517,252,43,2024-06-11,2024-06-14,Kochi,Accessories,COD,2,1820.0
908518,512,26,2024-08-30,2024-09-03,Kochi,Home & Kitchen,Prepaid,1,2250.0
908519,478,2,2024-12-22,2024-12-26,Mumbai,Fashion & Apparel,COD,1,1190.0
908520,222,40,2024-05-26,2024-05-28,Bangalore,Beauty & Personal Care,COD,2,1080.0
908521,375,10,2025-03-06,2025-03-09,Delhi NCR,Footwear,Prepaid,2,7400.0
908522,335,39,2025-03-20,2025-03-24,Bangalore,Beauty & Personal Care,Prepaid,2,1560.0
908523,183,5,2024-10-01,2024-10-06,Hyderabad,Fashion & Apparel,COD,1,1960.0
908524,258,21,2025-01-04,2025-01-09,Delhi NCR,Electronics,Prepaid,1,9950.0
908525,457,45,2024-04-11,2024-04-15,Pune,Accessories,Prepaid,1,1290.0
908526,381,36,2024-11-25,2024-11-30,Mumbai,Beauty & Personal Care,Prepaid,1,1130.0
908527,304,44,2024-12-25,2024-12-27,Pune,Accessories,Prepaid,1,1130.0
908528,551,20,2024-07-21,2024-07-26,Hyderabad,Electronics,Prepaid,1,12810.0
908529,291,27,2024-10-10,2024-10-12,Hyderabad,Home & Kitchen,Prepaid,2,2160.0
908530,571,41,2024-12-29,2024-12-31,Delhi NCR,Accessories,COD,1,1390.0
908531,509,46,2024-10-08,2024-10-13,Mumbai,Accessories,COD,1,1320.0
908532,262,11,2025-01-03,2025-01-05,Hyderabad,Footwear,Prepaid,1,2560.0
908533,147,5,2025-03-08,2025-03-12,Mumbai,Fashion & Apparel,Prepaid,3,5880.0
908534,50,11,2025-02-11,2025-02-16,Kochi,Footwear,Prepaid,1,2560.0
908535,458,30,2024-08-24,2024-08-26,Bangalore,Home & Kitchen,Prepaid,2,5100.0
908536,74,25,2025-01-23,2025-01-28,Hyderabad,Home & Kitchen,COD,1,3150.0
908537,576,38,2024-12-28,2025-01-02,Chennai,Beauty & Personal Care,Prepaid,3,1530.0
908538,482,19,2024-10-12,2024-10-17,Bangalore,Electronics,Prepaid,3,32400.0
908539,155,25,2024-06-01,2024-06-06,Chennai,Home & Kitchen,Prepaid,1,3150.0
908540,458,45,2025-03-06,2025-03-10,Bangalore,Accessories,Prepaid,1,1290.0
908541,213,29,2025-02-26,2025-02-28,Bangalore,Home & Kitchen,COD,1,2450.0
908542,436,16,2024-06-08,2024-06-13,Mumbai,Footwear,Prepaid,1,3900.0
908543,222,39,2024-10-20,2024-10-26,Bangalore,Beauty & Personal Care,Prepaid,1,780.0
908544,514,44,2024-08-25,2024-08-28,Chennai,Accessories,Prepaid,1,1130.0
908545,308,10,2024-05-28,2024-05-31,Kochi,Footwear,Prepaid,2,7400.0
908546,35,6,2024-05-13,2024-05-17,Delhi NCR,Fashion & Apparel,COD,2,3020.0
908547,475,3,2024-09-18,2024-09-22,Bangalore,Fashion & Apparel,COD,1,1770.0
908548,376,29,2025-03-14,2025-03-19,Hyderabad,Home & Kitchen,Prepaid,1,2450.0
908549,573,6,2024-10-08,2024-10-13,Mumbai,Fashion & Apparel,Prepaid,1,1510.0
908550,354,28,2024-08-08,2024-08-13,Chennai,Home & Kitchen,Prepaid,2,6340.0
908551,13,30,2024-04-11,2024-04-15,Kochi,Home & Kitchen,Prepaid,1,2550.0
908552,164,10,2024-11-11,2024-11-16,Chennai,Footwear,Prepaid,2,7400.0
908553,89,7,2024-11-28,2024-12-02,Delhi NCR,Fashion & Apparel,COD,1,2150.0
908554,565,47,2024-07-30,2024-08-04,Pune,Accessories,COD,1,890.0
908555,234,6,2024-06-11,2024-06-16,Bangalore,Fashion & Apparel,COD,2,3020.0
908556,60,41,2024-08-08,2024-08-13,Bangalore,Accessories,Prepaid,1,1390.0
908557,471,44,2025-03-26,2025-04-01,Hyderabad,Accessories,COD,1,1130.0
908558,15,45,2024-08-27,2024-09-02,Bangalore,Accessories,Prepaid,3,3870.0
908559,210,15,2024-12-10,2024-12-15,Chennai,Footwear,COD,1,3740.0
908560,400,16,2024-04-19,2024-04-24,Chennai,Footwear,COD,1,3900.0
908561,302,47,2024-04-19,2024-04-22,Bangalore,Accessories,COD,1,890.0
908562,547,27,2024-05-18,2024-05-24,Bangalore,Home & Kitchen,Prepaid,1,1080.0
908563,509,6,2024-10-12,2024-10-14,Mumbai,Fashion & Apparel,Prepaid,1,1510.0
908564,251,13,2025-03-26,2025-04-01,Delhi NCR,Footwear,Prepaid,1,3000.0
908565,581,30,2024-08-24,2024-08-29,Bangalore,Home & Kitchen,COD,3,7650.0
908566,220,36,2025-03-10,2025-03-14,Chennai,Beauty & Personal Care,Prepaid,3,3390.0
908567,390,16,2024-12-02,2024-12-06,Mumbai,Footwear,Prepaid,1,3900.0
908568,177,39,2025-01-30,2025-02-05,Delhi NCR,Beauty & Personal Care,COD,2,1560.0
908569,31,1,2025-01-09,2025-01-14,Mumbai,Fashion & Apparel,COD,1,1110.0
908570,531,21,2024-05-22,2024-05-28,Kochi,Electronics,Prepaid,1,9950.0
908571,305,46,2025-01-12,2025-01-17,Bangalore,Accessories,COD,1,1320.0
908572,17,40,2024-11-15,2024-11-20,Kochi,Beauty & Personal Care,COD,1,540.0
908573,596,1,2025-01-18,2025-01-23,Mumbai,Fashion & Apparel,Prepaid,1,1110.0
908574,82,20,2025-03-19,2025-03-24,Hyderabad,Electronics,COD,1,12810.0
908575,249,45,2024-05-18,2024-05-21,Pune,Accessories,COD,1,1290.0
908576,134,5,2025-03-24,2025-03-28,Delhi NCR,Fashion & Apparel,Prepaid,1,1960.0
908577,547,34,2024-08-07,2024-08-10,Bangalore,Beauty & Personal Care,Prepaid,1,410.0
908578,219,20,2024-06-03,2024-06-07,Hyderabad,Electronics,Prepaid,1,12810.0
908579,331,4,2024-10-01,2024-10-06,Bangalore,Fashion & Apparel,Prepaid,1,970.0
908580,600,28,2024-05-28,2024-05-31,Mumbai,Home & Kitchen,Prepaid,1,3170.0
908581,569,4,2025-03-11,2025-03-16,Bangalore,Fashion & Apparel,COD,3,2910.0
908582,279,48,2025-02-18,2025-02-24,Delhi NCR,Accessories,Prepaid,1,1560.0
908583,520,4,2024-06-28,2024-07-03,Bangalore,Fashion & Apparel,Prepaid,1,970.0
908584,44,18,2025-03-15,2025-03-20,Chennai,Electronics,COD,1,13140.0
908585,423,9,2024-04-25,2024-04-28,Bangalore,Footwear,Prepaid,2,6740.0
908586,185,11,2024-11-18,2024-11-23,Bangalore,Footwear,Prepaid,1,2560.0
908587,114,4,2024-12-25,2024-12-27,Delhi NCR,Fashion & Apparel,Prepaid,1,970.0
908588,509,45,2024-04-18,2024-04-24,Mumbai,Accessories,COD,1,1290.0
908589,180,40,2024-09-15,2024-09-19,Pune,Beauty & Personal Care,Prepaid,1,540.0
908590,261,1,2024-04-26,2024-05-01,Bangalore,Fashion & Apparel,Prepaid,1,1110.0
908591,108,38,2024-09-05,2024-09-11,Chennai,Beauty & Personal Care,Prepaid,1,510.0
908592,249,19,2024-10-15,2024-10-19,Pune,Electronics,COD,1,10800.0
908593,234,4,2024-06-12,2024-06-16,Bangalore,Fashion & Apparel,COD,1,970.0
908594,497,18,2024-10-23,2024-10-28,Mumbai,Electronics,COD,1,13140.0
908595,236,44,2024-10-30,2024-11-01,Mumbai,Accessories,Prepaid,1,1130.0
908596,397,25,2025-03-03,2025-03-09,Bangalore,Home & Kitchen,COD,1,3150.0
908597,144,18,2024-11-19,2024-11-23,Kochi,Electronics,COD,1,13140.0
908598,74,14,2024-10-10,2024-10-16,Hyderabad,Footwear,Prepaid,1,2370.0
908599,147,48,2025-01-08,2025-01-11,Mumbai,Accessories,Prepaid,1,1560.0
908600,427,2,2024-04-11,2024-04-13,Bangalore,Fashion & Apparel,COD,1,1190.0
908601,239,14,2025-02-04,2025-02-10,Kochi,Footwear,COD,1,2370.0
908602,190,29,2024-09-25,2024-09-27,Delhi NCR,Home & Kitchen,COD,1,2450.0
908603,562,32,2025-02-04,2025-02-09,Kochi,Home & Kitchen,Prepaid,1,1990.0
908604,210,29,2024-06-19,2024-06-24,Chennai,Home & Kitchen,Prepaid,1,2450.0
908605,496,4,2024-09-29,2024-10-04,Hyderabad,Fashion & Apparel,COD,1,970.0
908606,420,32,2024-11-17,2024-11-20,Chennai,Home & Kitchen,COD,3,5970.0
908607,289,14,2024-10-24,2024-10-27,Delhi NCR,Footwear,Prepaid,1,2370.0
908608,384,44,2024-11-25,2024-11-29,Chennai,Accessories,Prepaid,1,1130.0
908609,589,35,2024-11-06,2024-11-10,Bangalore,Beauty & Personal Care,Prepaid,1,590.0
908610,85,36,2024-10-29,2024-11-02,Pune,Beauty & Personal Care,Prepaid,1,1130.0
908611,53,25,2024-08-01,2024-08-04,Kochi,Home & Kitchen,COD,2,6300.0
908612,76,7,2024-12-10,2024-12-13,Chennai,Fashion & Apparel,Prepaid,1,2150.0
908613,125,24,2024-08-22,2024-08-26,Delhi NCR,Electronics,COD,1,11450.0
908614,381,13,2025-01-20,2025-01-22,Mumbai,Footwear,COD,1,3000.0
908615,19,21,2024-08-08,2024-08-13,Kochi,Electronics,COD,1,9950.0
908616,102,16,2024-10-08,2024-10-14,Delhi NCR,Footwear,Prepaid,1,3900.0
908617,336,6,2024-04-14,2024-04-17,Chennai,Fashion & Apparel,Prepaid,1,1510.0
908618,412,9,2025-01-15,2025-01-21,Bangalore,Footwear,COD,1,3370.0
908619,412,17,2024-04-26,2024-05-02,Bangalore,Electronics,Prepaid,1,13790.0
908620,412,22,2024-04-03,2024-04-05,Bangalore,Electronics,COD,1,13330.0
908621,383,31,2025-03-12,2025-03-15,Mumbai,Home & Kitchen,Prepaid,1,1740.0
908622,456,29,2025-02-18,2025-02-24,Bangalore,Home & Kitchen,COD,1,2450.0
908623,56,25,2025-03-16,2025-03-22,Pune,Home & Kitchen,COD,1,3150.0
908624,266,10,2024-12-28,2025-01-02,Delhi NCR,Footwear,COD,1,3700.0
908625,122,18,2025-02-06,2025-02-08,Mumbai,Electronics,COD,1,13140.0
908626,243,21,2024-12-18,2024-12-20,Chennai,Electronics,Prepaid,1,9950.0
908627,190,6,2024-11-15,2024-11-20,Delhi NCR,Fashion & Apparel,COD,1,1510.0
908628,537,9,2024-12-01,2024-12-03,Delhi NCR,Footwear,Prepaid,1,3370.0
908629,408,6,2025-01-14,2025-01-16,Pune,Fashion & Apparel,Prepaid,3,4530.0
908630,447,30,2024-09-11,2024-09-15,Bangalore,Home & Kitchen,COD,1,2550.0
908631,461,41,2025-01-25,2025-01-29,Chennai,Accessories,Prepaid,1,1390.0
908632,406,38,2024-05-31,2024-06-05,Pune,Beauty & Personal Care,Prepaid,1,510.0
908633,354,27,2024-06-06,2024-06-08,Chennai,Home & Kitchen,COD,1,1080.0
908634,132,12,2024-08-15,2024-08-18,Chennai,Footwear,COD,1,2600.0
908635,259,46,2025-01-19,2025-01-23,Bangalore,Accessories,COD,3,3960.0
908636,402,42,2024-09-26,2024-09-30,Chennai,Accessories,COD,1,810.0
908637,435,25,2024-08-14,2024-08-17,Bangalore,Home & Kitchen,COD,2,6300.0
908638,307,19,2024-12-15,2024-12-17,Hyderabad,Electronics,Prepaid,1,10800.0
908639,520,34,2025-03-24,2025-03-29,Bangalore,Beauty & Personal Care,Prepaid,2,820.0
908640,385,24,2024-07-22,2024-07-24,Hyderabad,Electronics,Prepaid,1,11450.0
908641,435,14,2024-06-05,2024-06-10,Bangalore,Footwear,COD,1,2370.0
908642,9,18,2024-09-21,2024-09-26,Bangalore,Electronics,Prepaid,1,13140.0
908643,509,17,2024-08-14,2024-08-18,Mumbai,Electronics,COD,1,13790.0
908644,406,45,2024-07-02,2024-07-08,Pune,Accessories,COD,1,1290.0
908645,122,34,2024-10-04,2024-10-08,Mumbai,Beauty & Personal Care,COD,1,410.0
908646,536,5,2024-08-20,2024-08-22,Chennai,Fashion & Apparel,COD,1,1960.0
908647,305,6,2024-12-18,2024-12-23,Bangalore,Fashion & Apparel,COD,2,3020.0
908648,56,37,2024-04-28,2024-05-03,Pune,Beauty & Personal Care,COD,1,810.0
908649,525,5,2024-09-01,2024-09-06,Pune,Fashion & Apparel,COD,2,3920.0
908650,21,30,2024-12-23,2024-12-27,Mumbai,Home & Kitchen,Prepaid,1,2550.0
908651,447,40,2025-03-14,2025-03-16,Bangalore,Beauty & Personal Care,COD,3,1620.0
908652,152,39,2024-06-12,2024-06-14,Hyderabad,Beauty & Personal Care,Prepaid,1,780.0
908653,404,10,2025-03-18,2025-03-20,Hyderabad,Footwear,Prepaid,1,3700.0
908654,56,13,2025-03-14,2025-03-17,Pune,Footwear,Prepaid,1,3000.0
908655,439,30,2024-11-15,2024-11-21,Hyderabad,Home & Kitchen,Prepaid,1,2550.0
908656,238,5,2024-11-25,2024-11-29,Delhi NCR,Fashion & Apparel,COD,1,1960.0
908657,514,36,2024-10-27,2024-11-02,Chennai,Beauty & Personal Care,COD,1,1130.0
908658,505,4,2024-09-04,2024-09-07,Mumbai,Fashion & Apparel,Prepaid,1,970.0
908659,119,28,2025-03-26,2025-04-01,Delhi NCR,Home & Kitchen,COD,2,6340.0
908660,145,4,2024-05-16,2024-05-21,Bangalore,Fashion & Apparel,Prepaid,1,970.0
908661,444,47,2024-09-15,2024-09-18,Mumbai,Accessories,Prepaid,1,890.0
908662,544,9,2024-06-06,2024-06-11,Bangalore,Footwear,Prepaid,1,3370.0
908663,152,5,2025-01-12,2025-01-16,Hyderabad,Fashion & Apparel,COD,1,1960.0
908664,413,34,2024-10-24,2024-10-26,Delhi NCR,Beauty & Personal Care,Prepaid,1,410.0
908665,367,42,2024-12-07,2024-12-10,Mumbai,Accessories,COD,2,1620.0
908666,243,29,2024-05-18,2024-05-22,Chennai,Home & Kitchen,Prepaid,1,2450.0
908667,139,6,2024-08-04,2024-08-08,Delhi NCR,Fashion & Apparel,Prepaid,1,1510.0
908668,87,37,2025-03-14,2025-03-17,Pune,Beauty & Personal Care,Prepaid,1,810.0
908669,120,17,2025-02-19,2025-02-25,Pune,Electronics,COD,1,13790.0
908670,299,23,2024-07-13,2024-07-17,Kochi,Electronics,Prepaid,2,25560.0
908671,277,40,2024-04-07,2024-04-12,Bangalore,Beauty & Personal Care,Prepaid,1,540.0
908672,412,13,2024-06-09,2024-06-12,Bangalore,Footwear,COD,1,3000.0
908673,303,22,2025-01-27,2025-01-31,Mumbai,Electronics,Prepaid,1,13330.0
908674,244,23,2025-02-23,2025-02-28,Mumbai,Electronics,COD,2,25560.0
908675,402,3,2024-08-03,2024-08-05,Chennai,Fashion & Apparel,COD,1,1770.0
908676,563,41,2024-08-05,2024-08-10,Pune,Accessories,Prepaid,2,2780.0
908677,291,29,2025-03-16,2025-03-21,Hyderabad,Home & Kitchen,COD,2,4900.0
908678,239,22,2024-12-26,2024-12-30,Kochi,Electronics,Prepaid,1,13330.0
908679,510,25,2024-07-31,2024-08-03,Pune,Home & Kitchen,COD,1,3150.0
908680,228,28,2024-08-16,2024-08-19,Pune,Home & Kitchen,COD,1,3170.0
908681,561,39,2025-02-02,2025-02-06,Pune,Beauty & Personal Care,COD,2,1560.0
908682,324,34,2024-04-21,2024-04-24,Mumbai,Beauty & Personal Care,Prepaid,1,410.0
908683,64,23,2024-05-21,2024-05-26,Hyderabad,Electronics,Prepaid,2,25560.0
908684,203,12,2024-08-30,2024-09-02,Hyderabad,Footwear,Prepaid,1,2600.0
908685,537,11,2024-10-30,2024-11-01,Delhi NCR,Footwear,Prepaid,1,2560.0
908686,179,31,2025-02-22,2025-02-26,Hyderabad,Home & Kitchen,COD,1,1740.0
908687,550,4,2025-01-01,2025-01-07,Mumbai,Fashion & Apparel,COD,1,970.0
908688,363,6,2025-02-27,2025-03-05,Hyderabad,Fashion & Apparel,Prepaid,1,1510.0
908689,444,33,2024-05-06,2024-05-11,Mumbai,Beauty & Personal Care,COD,1,740.0
908690,581,1,2024-06-28,2024-07-03,Bangalore,Fashion & Apparel,COD,1,1110.0
908691,345,2,2024-09-25,2024-09-27,Bangalore,Fashion & Apparel,Prepaid,1,1190.0
908692,137,28,2024-12-28,2025-01-02,Chennai,Home & Kitchen,Prepaid,1,3170.0
908693,38,1,2024-06-21,2024-06-23,Bangalore,Fashion & Apparel,Prepaid,2,2220.0
908694,569,18,2025-03-16,2025-03-22,Bangalore,Electronics,Prepaid,1,13140.0
908695,55,18,2025-01-15,2025-01-17,Delhi NCR,Electronics,Prepaid,1,13140.0
908696,280,21,2024-11-18,2024-11-22,Hyderabad,Electronics,COD,2,19900.0
908697,36,13,2024-05-08,2024-05-14,Pune,Footwear,Prepaid,1,3000.0
908698,480,25,2025-03-29,2025-04-04,Mumbai,Home & Kitchen,COD,1,3150.0
908699,165,25,2024-09-24,2024-09-27,Chennai,Home & Kitchen,COD,1,3150.0
908700,207,20,2025-02-14,2025-02-17,Kochi,Electronics,Prepaid,1,12810.0
908701,504,31,2025-01-17,2025-01-20,Pune,Home & Kitchen,Prepaid,1,1740.0
908702,138,26,2025-03-12,2025-03-15,Chennai,Home & Kitchen,COD,1,2250.0
908703,512,42,2024-04-10,2024-04-12,Kochi,Accessories,COD,1,810.0
908704,357,18,2024-05-25,2024-05-31,Mumbai,Electronics,COD,1,13140.0
908705,374,1,2024-10-20,2024-10-22,Chennai,Fashion & Apparel,Prepaid,1,1110.0
908706,191,32,2024-11-06,2024-11-11,Pune,Home & Kitchen,Prepaid,1,1990.0
908707,184,20,2024-08-15,2024-08-17,Mumbai,Electronics,Prepaid,1,12810.0
908708,123,6,2024-09-15,2024-09-17,Pune,Fashion & Apparel,Prepaid,1,1510.0
908709,470,10,2025-02-16,2025-02-20,Kochi,Footwear,Prepaid,3,11100.0
908710,62,21,2024-05-11,2024-05-17,Pune,Electronics,Prepaid,1,9950.0
908711,70,29,2025-02-23,2025-02-26,Pune,Home & Kitchen,COD,1,2450.0
908712,586,34,2024-04-13,2024-04-18,Bangalore,Beauty & Personal Care,Prepaid,3,1230.0
908713,599,19,2024-09-30,2024-10-06,Delhi NCR,Electronics,Prepaid,1,10800.0
908714,455,35,2024-07-04,2024-07-10,Mumbai,Beauty & Personal Care,COD,1,590.0
908715,178,20,2024-08-04,2024-08-09,Chennai,Electronics,COD,1,12810.0
908716,281,11,2025-02-12,2025-02-16,Mumbai,Footwear,Prepaid,2,5120.0
908717,559,47,2025-02-12,2025-02-14,Kochi,Accessories,Prepaid,1,890.0
908718,116,23,2025-03-14,2025-03-19,Mumbai,Electronics,COD,2,25560.0
908719,63,17,2024-07-07,2024-07-09,Mumbai,Electronics,Prepaid,2,27580.0
908720,381,46,2025-03-07,2025-03-13,Mumbai,Accessories,Prepaid,1,1320.0
908721,54,32,2024-12-17,2024-12-22,Chennai,Home & Kitchen,COD,1,1990.0
908722,404,47,2025-01-15,2025-01-18,Hyderabad,Accessories,Prepaid,1,890.0
908723,102,16,2024-09-17,2024-09-20,Delhi NCR,Footwear,COD,1,3900.0
908724,369,33,2024-08-04,2024-08-08,Delhi NCR,Beauty & Personal Care,COD,1,740.0
908725,54,1,2024-08-22,2024-08-25,Chennai,Fashion & Apparel,Prepaid,1,1110.0
908726,227,28,2024-12-30,2025-01-02,Bangalore,Home & Kitchen,COD,1,3170.0
908727,378,8,2024-07-08,2024-07-11,Kochi,Fashion & Apparel,Prepaid,1,1870.0
908728,445,13,2024-12-07,2024-12-13,Chennai,Footwear,COD,1,3000.0
908729,471,42,2024-11-13,2024-11-17,Hyderabad,Accessories,Prepaid,1,810.0
908730,101,35,2024-11-28,2024-12-01,Bangalore,Beauty & Personal Care,Prepaid,2,1180.0
908731,143,10,2024-11-03,2024-11-09,Bangalore,Footwear,Prepaid,1,3700.0
908732,307,36,2024-06-16,2024-06-20,Hyderabad,Beauty & Personal Care,COD,1,1130.0
908733,285,29,2024-05-15,2024-05-17,Chennai,Home & Kitchen,Prepaid,1,2450.0
908734,214,11,2025-01-05,2025-01-08,Bangalore,Footwear,Prepaid,1,2560.0
908735,274,35,2024-09-23,2024-09-26,Mumbai,Beauty & Personal Care,Prepaid,2,1180.0
908736,189,5,2024-07-17,2024-07-21,Bangalore,Fashion & Apparel,Prepaid,2,3920.0
908737,540,40,2024-07-09,2024-07-15,Delhi NCR,Beauty & Personal Care,Prepaid,1,540.0
908738,314,48,2024-10-25,2024-10-30,Kochi,Accessories,Prepaid,2,3120.0
908739,8,30,2024-11-21,2024-11-26,Delhi NCR,Home & Kitchen,COD,1,2550.0
908740,116,23,2024-11-13,2024-11-16,Mumbai,Electronics,COD,1,12780.0
908741,206,44,2024-07-08,2024-07-11,Chennai,Accessories,COD,2,2260.0
908742,555,34,2025-02-28,2025-03-06,Chennai,Beauty & Personal Care,COD,1,410.0
908743,264,30,2024-11-28,2024-11-30,Mumbai,Home & Kitchen,Prepaid,1,2550.0
908744,531,45,2024-06-28,2024-07-02,Kochi,Accessories,COD,1,1290.0
908745,527,26,2024-05-10,2024-05-12,Bangalore,Home & Kitchen,Prepaid,1,2250.0
908746,410,31,2025-03-17,2025-03-19,Bangalore,Home & Kitchen,Prepaid,2,3480.0
908747,474,47,2024-07-15,2024-07-17,Hyderabad,Accessories,Prepaid,1,890.0
908748,507,44,2024-05-11,2024-05-15,Bangalore,Accessories,Prepaid,1,1130.0
908749,327,36,2024-05-10,2024-05-13,Delhi NCR,Beauty & Personal Care,Prepaid,2,2260.0
908750,100,8,2024-08-06,2024-08-10,Delhi NCR,Fashion & Apparel,COD,1,1870.0
908751,311,38,2024-10-08,2024-10-12,Mumbai,Beauty & Personal Care,Prepaid,1,510.0
908752,239,38,2024-11-14,2024-11-18,Kochi,Beauty & Personal Care,Prepaid,2,1020.0
908753,142,35,2024-10-24,2024-10-27,Chennai,Beauty & Personal Care,Prepaid,1,590.0
908754,8,34,2025-03-02,2025-03-07,Delhi NCR,Beauty & Personal Care,Prepaid,1,410.0
908755,398,13,2024-08-22,2024-08-27,Pune,Footwear,Prepaid,1,3000.0
908756,108,15,2024-10-23,2024-10-28,Chennai,Footwear,Prepaid,1,3740.0
908757,400,7,2025-02-23,2025-02-25,Chennai,Fashion & Apparel,Prepaid,1,2150.0
908758,586,12,2024-09-22,2024-09-24,Bangalore,Footwear,COD,1,2600.0
908759,374,15,2024-12-30,2025-01-03,Chennai,Footwear,Prepaid,2,7480.0
908760,161,44,2024-10-18,2024-10-22,Bangalore,Accessories,COD,1,1130.0
908761,506,14,2025-02-20,2025-02-25,Pune,Footwear,Prepaid,1,2370.0
908762,297,11,2024-07-20,2024-07-26,Delhi NCR,Footwear,Prepaid,1,2560.0
908763,457,25,2024-11-21,2024-11-26,Pune,Home & Kitchen,Prepaid,1,3150.0
908764,529,7,2025-03-02,2025-03-06,Pune,Fashion & Apparel,COD,1,2150.0
908765,560,18,2025-02-10,2025-02-13,Kochi,Electronics,COD,1,13140.0
908766,299,28,2025-02-27,2025-03-01,Kochi,Home & Kitchen,COD,1,3170.0
908767,530,13,2024-09-20,2024-09-23,Delhi NCR,Footwear,Prepaid,1,3000.0
908768,34,35,2024-11-03,2024-11-05,Bangalore,Beauty & Personal Care,COD,3,1770.0
908769,572,4,2024-07-18,2024-07-22,Hyderabad,Fashion & Apparel,Prepaid,1,970.0
908770,477,27,2024-10-11,2024-10-16,Pune,Home & Kitchen,Prepaid,1,1080.0
908771,16,26,2024-08-26,2024-08-31,Delhi NCR,Home & Kitchen,Prepaid,1,2250.0
908772,182,20,2025-02-17,2025-02-23,Kochi,Electronics,Prepaid,1,12810.0
908773,341,18,2024-06-29,2024-07-02,Hyderabad,Electronics,Prepaid,1,13140.0
908774,275,14,2025-03-28,2025-03-30,Pune,Footwear,Prepaid,1,2370.0
908775,176,20,2024-08-23,2024-08-29,Kochi,Electronics,Prepaid,2,25620.0
908776,593,35,2024-12-25,2024-12-28,Pune,Beauty & Personal Care,Prepaid,1,590.0
908777,516,21,2024-09-23,2024-09-27,Mumbai,Electronics,Prepaid,1,9950.0
908778,23,19,2024-04-25,2024-04-27,Pune,Electronics,Prepaid,1,10800.0
908779,436,4,2025-03-21,2025-03-27,Mumbai,Fashion & Apparel,Prepaid,3,2910.0
908780,126,46,2024-07-08,2024-07-10,Mumbai,Accessories,Prepaid,1,1320.0
908781,357,41,2025-01-03,2025-01-05,Mumbai,Accessories,COD,1,1390.0
908782,286,1,2024-11-11,2024-11-16,Mumbai,Fashion & Apparel,Prepaid,1,1110.0
908783,322,21,2024-07-08,2024-07-14,Bangalore,Electronics,COD,1,9950.0
908784,341,13,2025-01-05,2025-01-08,Hyderabad,Footwear,COD,3,9000.0
908785,374,19,2024-07-05,2024-07-08,Chennai,Electronics,Prepaid,1,10800.0
908786,409,16,2024-06-14,2024-06-17,Mumbai,Footwear,COD,1,3900.0
908787,156,28,2024-08-17,2024-08-20,Bangalore,Home & Kitchen,COD,1,3170.0
908788,405,31,2025-01-02,2025-01-05,Pune,Home & Kitchen,Prepaid,1,1740.0
908789,509,8,2024-08-17,2024-08-21,Mumbai,Fashion & Apparel,COD,1,1870.0
908790,121,46,2024-09-28,2024-10-01,Bangalore,Accessories,COD,1,1320.0
908791,253,29,2024-11-03,2024-11-05,Bangalore,Home & Kitchen,COD,1,2450.0
908792,342,36,2024-05-18,2024-05-20,Hyderabad,Beauty & Personal Care,Prepaid,2,2260.0
908793,54,22,2024-04-12,2024-04-16,Chennai,Electronics,Prepaid,1,13330.0
908794,137,9,2024-09-19,2024-09-24,Chennai,Footwear,Prepaid,1,3370.0
908795,317,15,2024-12-08,2024-12-10,Mumbai,Footwear,COD,1,3740.0
908796,73,39,2025-03-17,2025-03-22,Chennai,Beauty & Personal Care,Prepaid,1,780.0
908797,249,2,2024-08-01,2024-08-04,Pune,Fashion & Apparel,Prepaid,1,1190.0
908798,385,22,2025-01-14,2025-01-20,Hyderabad,Electronics,Prepaid,1,13330.0
908799,482,3,2024-04-25,2024-04-28,Bangalore,Fashion & Apparel,Prepaid,1,1770.0
908800,56,5,2024-09-01,2024-09-07,Pune,Fashion & Apparel,Prepaid,1,1960.0
908801,257,27,2025-01-23,2025-01-27,Hyderabad,Home & Kitchen,Prepaid,1,1080.0
908802,546,44,2024-08-04,2024-08-08,Bangalore,Accessories,Prepaid,1,1130.0
908803,92,35,2024-11-07,2024-11-12,Hyderabad,Beauty & Personal Care,Prepaid,1,590.0
908804,299,45,2025-02-12,2025-02-17,Kochi,Accessories,Prepaid,1,1290.0
908805,141,29,2024-12-19,2024-12-23,Bangalore,Home & Kitchen,Prepaid,1,2450.0
908806,519,17,2024-08-08,2024-08-13,Delhi NCR,Electronics,COD,2,27580.0
908807,137,44,2024-05-10,2024-05-12,Chennai,Accessories,COD,2,2260.0
908808,112,27,2025-01-12,2025-01-14,Kochi,Home & Kitchen,COD,1,1080.0
908809,179,20,2025-02-05,2025-02-07,Hyderabad,Electronics,Prepaid,1,12810.0
908810,341,5,2024-06-07,2024-06-11,Hyderabad,Fashion & Apparel,Prepaid,1,1960.0
908811,401,27,2024-09-07,2024-09-10,Kochi,Home & Kitchen,COD,1,1080.0
908812,275,35,2025-01-07,2025-01-13,Pune,Beauty & Personal Care,Prepaid,1,590.0
908813,406,10,2024-10-19,2024-10-25,Pune,Footwear,COD,3,11100.0
908814,310,36,2024-07-03,2024-07-08,Chennai,Beauty & Personal Care,COD,1,1130.0
908815,506,33,2024-11-07,2024-11-10,Pune,Beauty & Personal Care,Prepaid,1,740.0
908816,370,12,2024-05-10,2024-05-15,Pune,Footwear,Prepaid,2,5200.0
908817,518,29,2024-05-01,2024-05-03,Bangalore,Home & Kitchen,COD,1,2450.0
908818,597,9,2025-01-09,2025-01-12,Mumbai,Footwear,Prepaid,2,6740.0
908819,430,43,2024-08-19,2024-08-24,Chennai,Accessories,COD,2,1820.0
908820,163,6,2025-01-25,2025-01-27,Mumbai,Fashion & Apparel,COD,1,1510.0
908821,338,1,2024-12-31,2025-01-05,Bangalore,Fashion & Apparel,Prepaid,1,1110.0
908822,160,25,2024-05-08,2024-05-12,Pune,Home & Kitchen,COD,1,3150.0
908823,443,1,2024-07-19,2024-07-24,Hyderabad,Fashion & Apparel,Prepaid,1,1110.0
908824,59,19,2024-05-20,2024-05-25,Delhi NCR,Electronics,Prepaid,1,10800.0
908825,558,15,2024-11-06,2024-11-12,Kochi,Footwear,COD,1,3740.0
908826,137,3,2025-03-08,2025-03-11,Chennai,Fashion & Apparel,COD,2,3540.0
908827,355,29,2024-07-04,2024-07-08,Delhi NCR,Home & Kitchen,Prepaid,1,2450.0
908828,58,10,2024-09-12,2024-09-18,Chennai,Footwear,Prepaid,1,3700.0
908829,164,26,2024-06-11,2024-06-13,Chennai,Home & Kitchen,Prepaid,1,2250.0
908830,62,40,2024-06-10,2024-06-13,Pune,Beauty & Personal Care,COD,1,540.0
908831,38,18,2024-09-26,2024-09-29,Bangalore,Electronics,COD,1,13140.0
908832,117,23,2025-03-11,2025-03-17,Mumbai,Electronics,Prepaid,1,12780.0
908833,587,44,2024-08-18,2024-08-23,Hyderabad,Accessories,Prepaid,2,2260.0
908834,282,41,2024-12-24,2024-12-29,Hyderabad,Accessories,Prepaid,2,2780.0
908835,180,3,2024-04-18,2024-04-22,Pune,Fashion & Apparel,Prepaid,1,1770.0
908836,407,26,2024-12-14,2024-12-16,Mumbai,Home & Kitchen,Prepaid,1,2250.0
908837,443,38,2024-07-27,2024-08-02,Hyderabad,Beauty & Personal Care,COD,1,510.0
908838,81,26,2024-07-18,2024-07-24,Chennai,Home & Kitchen,COD,1,2250.0
908839,430,15,2025-01-27,2025-02-02,Chennai,Footwear,Prepaid,1,3740.0
908840,91,43,2024-08-10,2024-08-12,Bangalore,Accessories,Prepaid,1,910.0
908841,186,30,2024-06-12,2024-06-16,Hyderabad,Home & Kitchen,Prepaid,2,5100.0
908842,306,33,2025-03-04,2025-03-07,Chennai,Beauty & Personal Care,Prepaid,1,740.0
908843,323,11,2024-09-15,2024-09-20,Chennai,Footwear,Prepaid,1,2560.0
908844,21,26,2024-12-13,2024-12-16,Mumbai,Home & Kitchen,COD,2,4500.0
908845,80,26,2024-08-22,2024-08-25,Mumbai,Home & Kitchen,Prepaid,2,4500.0
908846,92,37,2024-04-19,2024-04-25,Hyderabad,Beauty & Personal Care,Prepaid,1,810.0
908847,71,10,2024-11-02,2024-11-05,Chennai,Footwear,COD,1,3700.0
908848,547,21,2024-10-01,2024-10-06,Bangalore,Electronics,Prepaid,1,9950.0
908849,405,42,2025-02-08,2025-02-11,Pune,Accessories,COD,1,810.0
908850,249,21,2024-10-26,2024-11-01,Pune,Electronics,Prepaid,1,9950.0
908851,333,11,2024-06-19,2024-06-23,Hyderabad,Footwear,Prepaid,1,2560.0
908852,525,45,2024-09-02,2024-09-07,Pune,Accessories,Prepaid,1,1290.0
908853,286,19,2025-01-18,2025-01-22,Mumbai,Electronics,Prepaid,1,10800.0
908854,344,1,2024-07-15,2024-07-20,Mumbai,Fashion & Apparel,Prepaid,1,1110.0
908855,458,5,2024-11-28,2024-12-02,Bangalore,Fashion & Apparel,Prepaid,1,1960.0
908856,257,8,2025-02-17,2025-02-20,Hyderabad,Fashion & Apparel,Prepaid,1,1870.0
908857,430,46,2024-08-03,2024-08-08,Chennai,Accessories,COD,1,1320.0
908858,591,40,2025-03-06,2025-03-12,Hyderabad,Beauty & Personal Care,COD,1,540.0
908859,418,7,2024-10-11,2024-10-15,Hyderabad,Fashion & Apparel,Prepaid,1,2150.0
908860,135,1,2024-08-06,2024-08-11,Hyderabad,Fashion & Apparel,Prepaid,3,3330.0
908861,365,11,2024-07-04,2024-07-06,Delhi NCR,Footwear,Prepaid,1,2560.0
908862,124,44,2024-10-24,2024-10-30,Chennai,Accessories,COD,1,1130.0
908863,533,43,2024-06-08,2024-06-12,Delhi NCR,Accessories,COD,1,910.0
908864,59,29,2024-04-17,2024-04-19,Delhi NCR,Home & Kitchen,COD,1,2450.0
908865,23,18,2024-07-07,2024-07-09,Pune,Electronics,Prepaid,1,13140.0
908866,386,12,2024-06-07,2024-06-10,Kochi,Footwear,Prepaid,1,2600.0
908867,372,23,2024-10-18,2024-10-23,Bangalore,Electronics,Prepaid,1,12780.0
908868,416,21,2024-05-03,2024-05-05,Hyderabad,Electronics,Prepaid,1,9950.0
908869,57,12,2024-08-30,2024-09-01,Delhi NCR,Footwear,COD,1,2600.0
908870,393,7,2024-08-07,2024-08-09,Delhi NCR,Fashion & Apparel,Prepaid,1,2150.0
908871,150,33,2024-12-25,2024-12-29,Kochi,Beauty & Personal Care,Prepaid,1,740.0
908872,340,20,2024-10-15,2024-10-19,Delhi NCR,Electronics,Prepaid,2,25620.0
908873,125,42,2024-10-12,2024-10-16,Delhi NCR,Accessories,Prepaid,1,810.0
908874,578,46,2024-07-03,2024-07-05,Delhi NCR,Accessories,COD,1,1320.0
908875,384,22,2024-08-18,2024-08-20,Chennai,Electronics,Prepaid,1,13330.0
908876,253,20,2024-08-19,2024-08-25,Bangalore,Electronics,COD,1,12810.0
908877,242,1,2024-12-06,2024-12-12,Kochi,Fashion & Apparel,COD,2,2220.0
908878,547,41,2024-10-13,2024-10-16,Bangalore,Accessories,Prepaid,1,1390.0
908879,217,9,2024-05-04,2024-05-09,Mumbai,Footwear,Prepaid,2,6740.0
908880,462,16,2024-09-16,2024-09-20,Hyderabad,Footwear,Prepaid,2,7800.0
908881,222,24,2024-12-07,2024-12-11,Bangalore,Electronics,COD,1,11450.0
908882,381,13,2024-10-24,2024-10-28,Mumbai,Footwear,COD,1,3000.0
908883,571,48,2025-01-26,2025-01-31,Delhi NCR,Accessories,COD,1,1560.0
908884,42,15,2024-06-23,2024-06-26,Pune,Footwear,Prepaid,1,3740.0
908885,284,44,2025-02-16,2025-02-19,Bangalore,Accessories,COD,1,1130.0
908886,338,20,2024-11-02,2024-11-05,Bangalore,Electronics,Prepaid,1,12810.0
908887,405,25,2024-08-18,2024-08-22,Pune,Home & Kitchen,Prepaid,1,3150.0
908888,277,30,2024-12-05,2024-12-08,Bangalore,Home & Kitchen,COD,2,5100.0
908889,47,36,2024-12-28,2024-12-31,Kochi,Beauty & Personal Care,Prepaid,1,1130.0
908890,41,43,2024-07-13,2024-07-19,Mumbai,Accessories,Prepaid,1,910.0
908891,477,37,2024-08-23,2024-08-26,Pune,Beauty & Personal Care,Prepaid,2,1620.0
908892,528,38,2025-01-31,2025-02-05,Bangalore,Beauty & Personal Care,COD,1,510.0
908893,586,8,2024-12-04,2024-12-06,Bangalore,Fashion & Apparel,Prepaid,1,1870.0
908894,595,33,2024-08-04,2024-08-08,Delhi NCR,Beauty & Personal Care,COD,2,1480.0
908895,14,31,2024-12-22,2024-12-24,Mumbai,Home & Kitchen,Prepaid,1,1740.0
908896,385,26,2025-02-07,2025-02-13,Hyderabad,Home & Kitchen,Prepaid,1,2250.0
908897,140,5,2024-12-01,2024-12-07,Mumbai,Fashion & Apparel,Prepaid,1,1960.0
908898,56,17,2024-09-07,2024-09-10,Pune,Electronics,Prepaid,3,41370.0
908899,361,18,2025-03-21,2025-03-24,Chennai,Electronics,Prepaid,1,13140.0
908900,590,1,2025-01-15,2025-01-18,Mumbai,Fashion & Apparel,Prepaid,1,1110.0
908901,343,47,2024-06-11,2024-06-14,Chennai,Accessories,Prepaid,1,890.0
908902,581,7,2025-03-06,2025-03-11,Bangalore,Fashion & Apparel,COD,1,2150.0
908903,248,22,2024-11-07,2024-11-12,Hyderabad,Electronics,Prepaid,1,13330.0
908904,372,46,2024-09-01,2024-09-04,Bangalore,Accessories,Prepaid,1,1320.0
908905,390,4,2024-07-22,2024-07-27,Mumbai,Fashion & Apparel,Prepaid,1,970.0
908906,120,25,2024-06-29,2024-07-01,Pune,Home & Kitchen,Prepaid,1,3150.0
908907,500,23,2024-04-01,2024-04-03,Delhi NCR,Electronics,COD,1,12780.0
908908,28,31,2024-09-22,2024-09-28,Mumbai,Home & Kitchen,Prepaid,1,1740.0
908909,313,4,2024-07-25,2024-07-31,Bangalore,Fashion & Apparel,Prepaid,3,2910.0
908910,498,34,2024-12-12,2024-12-17,Mumbai,Beauty & Personal Care,Prepaid,1,410.0
908911,112,25,2024-11-24,2024-11-27,Kochi,Home & Kitchen,Prepaid,1,3150.0
908912,62,20,2024-09-22,2024-09-27,Pune,Electronics,Prepaid,1,12810.0
908913,589,2,2024-09-23,2024-09-28,Bangalore,Fashion & Apparel,COD,2,2380.0
908914,448,40,2024-04-26,2024-05-01,Pune,Beauty & Personal Care,Prepaid,1,540.0
908915,349,29,2024-11-25,2024-12-01,Hyderabad,Home & Kitchen,COD,1,2450.0
908916,61,16,2024-05-11,2024-05-16,Mumbai,Footwear,COD,2,7800.0
908917,217,10,2024-12-21,2024-12-24,Mumbai,Footwear,Prepaid,1,3700.0
908918,34,18,2025-01-29,2025-01-31,Bangalore,Electronics,Prepaid,2,26280.0
908919,167,47,2024-07-27,2024-08-01,Chennai,Accessories,Prepaid,1,890.0
908920,435,23,2024-09-23,2024-09-29,Bangalore,Electronics,Prepaid,2,25560.0
908921,470,18,2024-10-04,2024-10-08,Kochi,Electronics,COD,1,13140.0
908922,83,3,2025-01-22,2025-01-25,Delhi NCR,Fashion & Apparel,Prepaid,1,1770.0
908923,247,8,2025-02-07,2025-02-11,Delhi NCR,Fashion & Apparel,Prepaid,1,1870.0
908924,327,18,2024-10-03,2024-10-06,Delhi NCR,Electronics,Prepaid,1,13140.0
908925,593,48,2024-06-20,2024-06-24,Pune,Accessories,COD,1,1560.0
908926,352,21,2025-01-13,2025-01-15,Delhi NCR,Electronics,Prepaid,2,19900.0
908927,117,20,2025-02-03,2025-02-06,Mumbai,Electronics,Prepaid,1,12810.0
908928,424,28,2024-04-30,2024-05-05,Bangalore,Home & Kitchen,COD,1,3170.0
908929,490,32,2025-01-26,2025-01-31,Delhi NCR,Home & Kitchen,COD,1,1990.0
908930,454,13,2025-03-13,2025-03-18,Mumbai,Footwear,Prepaid,1,3000.0
908931,416,38,2024-12-10,2024-12-14,Hyderabad,Beauty & Personal Care,COD,1,510.0
908932,451,4,2025-03-22,2025-03-27,Bangalore,Fashion & Apparel,Prepaid,1,970.0
908933,4,41,2024-04-14,2024-04-17,Chennai,Accessories,COD,1,1390.0
908934,537,48,2024-07-11,2024-07-16,Delhi NCR,Accessories,COD,1,1560.0
908935,224,4,2025-01-07,2025-01-12,Kochi,Fashion & Apparel,COD,1,970.0
908936,249,46,2024-06-14,2024-06-19,Pune,Accessories,Prepaid,1,1320.0
908937,461,36,2025-01-20,2025-01-24,Chennai,Beauty & Personal Care,COD,1,1130.0
908938,499,1,2025-02-23,2025-02-26,Mumbai,Fashion & Apparel,Prepaid,1,1110.0
908939,58,44,2024-05-05,2024-05-09,Chennai,Accessories,Prepaid,1,1130.0
908940,270,27,2024-09-08,2024-09-14,Mumbai,Home & Kitchen,Prepaid,1,1080.0
908941,514,17,2024-05-09,2024-05-15,Chennai,Electronics,Prepaid,1,13790.0
908942,542,17,2024-10-06,2024-10-10,Delhi NCR,Electronics,Prepaid,1,13790.0
908943,542,45,2025-01-01,2025-01-04,Delhi NCR,Accessories,Prepaid,1,1290.0
908944,380,45,2025-03-05,2025-03-10,Chennai,Accessories,COD,1,1290.0
908945,332,47,2024-11-14,2024-11-17,Mumbai,Accessories,Prepaid,1,890.0
908946,209,6,2024-11-15,2024-11-21,Bangalore,Fashion & Apparel,Prepaid,1,1510.0
908947,427,3,2024-04-10,2024-04-16,Bangalore,Fashion & Apparel,COD,1,1770.0
908948,270,18,2024-04-10,2024-04-15,Mumbai,Electronics,COD,2,26280.0
908949,362,25,2024-07-05,2024-07-11,Hyderabad,Home & Kitchen,Prepaid,1,3150.0
908950,83,35,2024-09-18,2024-09-21,Delhi NCR,Beauty & Personal Care,COD,1,590.0
908951,376,30,2024-05-22,2024-05-26,Hyderabad,Home & Kitchen,COD,1,2550.0
908952,226,30,2024-07-07,2024-07-13,Bangalore,Home & Kitchen,Prepaid,1,2550.0
908953,243,9,2024-10-28,2024-11-02,Chennai,Footwear,Prepaid,1,3370.0
908954,360,33,2025-03-01,2025-03-06,Delhi NCR,Beauty & Personal Care,COD,1,740.0
908955,600,27,2024-12-13,2024-12-15,Mumbai,Home & Kitchen,Prepaid,1,1080.0
908956,528,48,2025-01-05,2025-01-11,Bangalore,Accessories,Prepaid,1,1560.0
908957,354,43,2024-09-15,2024-09-17,Chennai,Accessories,Prepaid,2,1820.0
908958,73,30,2025-03-29,2025-04-03,Chennai,Home & Kitchen,Prepaid,1,2550.0
908959,6,40,2024-04-18,2024-04-22,Kochi,Beauty & Personal Care,Prepaid,1,540.0
908960,555,46,2024-06-06,2024-06-09,Chennai,Accessories,Prepaid,1,1320.0
908961,207,28,2025-01-28,2025-02-01,Kochi,Home & Kitchen,Prepaid,1,3170.0
908962,598,37,2024-06-08,2024-06-14,Bangalore,Beauty & Personal Care,Prepaid,1,810.0
908963,453,47,2024-06-19,2024-06-24,Mumbai,Accessories,Prepaid,1,890.0
908964,418,21,2024-09-19,2024-09-25,Hyderabad,Electronics,COD,1,9950.0
908965,426,38,2024-09-28,2024-09-30,Bangalore,Beauty & Personal Care,COD,1,510.0
908966,543,13,2025-02-13,2025-02-17,Chennai,Footwear,COD,2,6000.0
908967,550,8,2025-03-02,2025-03-05,Mumbai,Fashion & Apparel,Prepaid,1,1870.0
908968,378,17,2025-01-27,2025-01-31,Kochi,Electronics,Prepaid,1,13790.0
908969,496,16,2024-11-02,2024-11-07,Hyderabad,Footwear,Prepaid,1,3900.0
908970,489,21,2024-06-20,2024-06-25,Delhi NCR,Electronics,COD,1,9950.0
908971,482,9,2024-12-23,2024-12-29,Bangalore,Footwear,Prepaid,2,6740.0
908972,348,16,2024-11-08,2024-11-10,Kochi,Footwear,COD,2,7800.0
908973,204,15,2024-07-18,2024-07-24,Chennai,Footwear,COD,1,3740.0
908974,500,40,2025-01-09,2025-01-11,Delhi NCR,Beauty & Personal Care,Prepaid,1,540.0
908975,112,10,2024-11-18,2024-11-22,Kochi,Footwear,COD,1,3700.0
908976,496,13,2024-04-22,2024-04-26,Hyderabad,Footwear,COD,2,6000.0
908977,37,11,2024-12-09,2024-12-15,Kochi,Footwear,COD,1,2560.0
908978,222,40,2024-07-12,2024-07-15,Bangalore,Beauty & Personal Care,Prepaid,2,1080.0
908979,104,30,2024-10-24,2024-10-28,Mumbai,Home & Kitchen,Prepaid,1,2550.0
908980,117,47,2025-01-19,2025-01-21,Mumbai,Accessories,COD,1,890.0
908981,336,13,2024-09-02,2024-09-05,Chennai,Footwear,Prepaid,1,3000.0
908982,504,32,2024-07-03,2024-07-07,Pune,Home & Kitchen,COD,1,1990.0
908983,217,44,2025-01-09,2025-01-11,Mumbai,Accessories,Prepaid,1,1130.0
908984,586,11,2024-07-06,2024-07-09,Bangalore,Footwear,Prepaid,1,2560.0
908985,488,27,2024-12-20,2024-12-25,Hyderabad,Home & Kitchen,Prepaid,1,1080.0
908986,272,34,2024-08-06,2024-08-09,Delhi NCR,Beauty & Personal Care,Prepaid,1,410.0
908987,225,19,2024-11-08,2024-11-10,Bangalore,Electronics,Prepaid,1,10800.0
908988,480,35,2024-07-30,2024-08-01,Mumbai,Beauty & Personal Care,Prepaid,1,590.0
908989,243,2,2025-01-07,2025-01-13,Chennai,Fashion & Apparel,Prepaid,2,2380.0
908990,51,43,2024-06-28,2024-07-04,Kochi,Accessories,COD,1,910.0
908991,287,33,2024-10-18,2024-10-20,Pune,Beauty & Personal Care,Prepaid,1,740.0
908992,465,7,2025-03-26,2025-03-31,Bangalore,Fashion & Apparel,COD,1,2150.0
908993,546,11,2024-08-24,2024-08-27,Bangalore,Footwear,Prepaid,1,2560.0
908994,129,9,2024-10-03,2024-10-08,Bangalore,Footwear,Prepaid,1,3370.0
908995,521,4,2025-03-12,2025-03-14,Chennai,Fashion & Apparel,COD,1,970.0
908996,69,29,2025-01-10,2025-01-14,Bangalore,Home & Kitchen,Prepaid,1,2450.0
908997,281,45,2024-10-25,2024-10-29,Mumbai,Accessories,Prepaid,1,1290.0
908998,228,26,2024-12-15,2024-12-20,Pune,Home & Kitchen,Prepaid,2,4500.0
908999,97,45,2024-07-12,2024-07-16,Mumbai,Accessories,COD,1,1290.0
909000,46,39,2025-02-10,2025-02-16,Bangalore,Beauty & Personal Care,COD,1,780.0
