return_id,order_id,return_date,return_reason,return_status,refund_amount,reverse_shipping_cost,restocking_loss
700001,900008,2024-05-19,Wrong Item Delivered,Approved,1130.0,81.79,175.15
700002,900010,2024-09-04,Changed Mind,Approved,590.0,111.34,85.55
700003,900011,2024-06-16,Changed Mind,Approved,910.0,111.45,141.05
700004,900017,2024-11-29,Not as Described,Approved,3170.0,177.27,570.6
700005,900024,2024-12-01,Changed Mind,Approved,410.0,78.65,59.45
700006,900026,2024-08-12,Changed Mind,Approved,3740.0,64.9,635.8
700007,900032,2024-12-04,Not as Described,Approved,970.0,133.49,157.62
700008,900036,2024-10-17,Not as Described,Approved,2150.0,143.1,349.38
700009,900041,2024-04-23,Size/Fit Issue,Approved,5310.0,102.81,287.62
700010,900045,2025-01-01,Size/Fit Issue,Approved,970.0,114.4,157.62
700011,900051,2025-01-09,Defective/Damaged,Approved,740.0,169.55,107.3
700012,900052,2024-10-20,Size/Fit Issue,Approved,3900.0,133.64,663.0
700013,900055,2024-07-13,Not as Described,Approved,1190.0,92.13,193.38
700014,900056,2024-04-17,Changed Mind,Approved,1190.0,171.55,193.38
700015,900060,2024-06-08,Changed Mind,Approved,1960.0,156.08,318.5
700016,900069,2025-01-01,Defective/Damaged,Approved,740.0,128.46,107.3
700017,900077,2025-04-02,Not as Described,Approved,3900.0,105.95,663.0
700018,900083,2024-12-14,Not as Described,Approved,810.0,67.46,125.55
700019,900089,2024-12-18,Size/Fit Issue,Approved,2370.0,94.14,402.9
700020,900092,2024-12-07,Changed Mind,Approved,2250.0,129.81,405.0
700021,900106,2025-02-16,Changed Mind,Approved,910.0,152.61,141.05
700022,900107,2024-12-07,Defective/Damaged,Approved,2250.0,139.92,405.0
700023,900117,2024-07-29,Defective/Damaged,Approved,3480.0,62.38,313.2
700024,900130,2024-10-20,Changed Mind,Approved,3020.0,176.98,245.38
700025,900131,2024-10-23,Changed Mind,Rejected,0.0,114.01,0.0
700026,900143,2025-04-03,Wrong Item Delivered,Approved,1990.0,69.78,358.2
700027,900154,2024-06-26,Defective/Damaged,Approved,510.0,105.82,73.95
700028,900155,2024-06-09,Not as Described,Approved,1110.0,127.5,180.38
700029,900162,2024-07-07,Wrong Item Delivered,Rejected,0.0,83.31,0.0
700030,900168,2025-03-13,Changed Mind,Approved,1130.0,166.65,175.15
700031,900170,2024-07-16,Defective/Damaged,Approved,1990.0,153.41,358.2
700032,900176,2025-03-21,Wrong Item Delivered,Rejected,0.0,77.94,0.0
700033,900178,2024-11-23,Changed Mind,Approved,9000.0,124.09,510.0
700034,900188,2024-10-01,Defective/Damaged,Approved,4680.0,178.61,241.8
700035,900189,2025-01-04,Not as Described,Approved,1390.0,170.26,215.45
700036,900196,2025-04-03,Not as Described,Approved,25560.0,78.61,2747.7
700037,900197,2024-05-26,Size/Fit Issue,Approved,2150.0,93.67,349.38
700038,900198,2024-05-21,Not as Described,Approved,3000.0,178.09,510.0
700039,900203,2024-06-27,Not as Described,Approved,3740.0,65.64,303.88
700040,900206,2024-05-22,Size/Fit Issue,Approved,3700.0,80.75,629.0
700041,900212,2025-01-06,Wrong Item Delivered,Approved,2550.0,115.94,459.0
700042,900214,2025-02-04,Changed Mind,Approved,9450.0,131.53,567.0
700043,900219,2024-12-02,Size/Fit Issue,Approved,1870.0,136.75,303.88
700044,900221,2024-12-29,Size/Fit Issue,Approved,1770.0,93.29,287.62
700045,900224,2024-05-27,Not as Described,Approved,6000.0,92.13,510.0
700046,900225,2025-02-15,Not as Described,Approved,2150.0,67.17,349.38
700047,900226,2024-10-27,Size/Fit Issue,Approved,11220.0,152.08,635.8
700048,900238,2024-05-12,Size/Fit Issue,Approved,7400.0,119.84,629.0
700049,900240,2025-02-19,Not as Described,Approved,6740.0,162.79,572.9
700050,900242,2024-11-26,Changed Mind,Approved,3020.0,86.09,245.38
700051,900244,2024-09-08,Better Price Found,Approved,26280.0,129.41,2825.1
700052,900259,2025-02-03,Defective/Damaged,Approved,5100.0,67.77,459.0
700053,900262,2024-08-21,Not as Described,Approved,910.0,112.65,141.05
700054,900268,2025-03-12,Size/Fit Issue,Approved,2600.0,137.81,442.0
700055,900269,2024-08-27,Defective/Damaged,Approved,540.0,94.54,78.3
700056,900282,2024-06-04,Defective/Damaged,Approved,780.0,143.91,113.1
700057,900283,2024-11-05,Size/Fit Issue,Approved,2150.0,82.05,349.38
700058,900284,2025-01-24,Not as Described,Approved,3740.0,94.25,635.8
700059,900287,2024-06-24,Changed Mind,Approved,13140.0,158.48,2825.1
700060,900288,2024-11-26,Not as Described,Approved,2250.0,170.1,405.0
700061,900290,2025-01-30,Changed Mind,Approved,410.0,85.62,59.45
700062,900293,2024-10-29,Changed Mind,Approved,3480.0,60.32,313.2
700063,900303,2024-04-18,Size/Fit Issue,Approved,1110.0,143.28,180.38
700064,900306,2024-09-04,Defective/Damaged,Approved,1960.0,81.71,318.5
700065,900307,2024-07-15,Changed Mind,Approved,2370.0,126.22,402.9
700066,900311,2024-11-08,Defective/Damaged,Approved,3700.0,155.28,629.0
700067,900323,2024-10-12,Size/Fit Issue,Approved,2600.0,89.46,442.0
700068,900335,2024-06-16,Not as Described,Approved,970.0,151.2,157.62
700069,900346,2024-09-15,Defective/Damaged,Approved,3150.0,123.94,567.0
700070,900349,2024-07-24,Wrong Item Delivered,Approved,4500.0,125.03,405.0
700071,900358,2025-01-15,Changed Mind,Approved,2370.0,122.31,402.9
700072,900362,2024-08-07,Changed Mind,Approved,1130.0,160.84,163.85
700073,900363,2024-05-06,Not as Described,Approved,1130.0,156.85,175.15
700074,900380,2024-07-01,Size/Fit Issue,Rejected,0.0,167.17,0.0
700075,900381,2024-04-21,Not as Described,Approved,1130.0,92.83,163.85
700076,900382,2024-09-26,Size/Fit Issue,Approved,1770.0,141.54,287.62
700077,900385,2024-08-03,Defective/Damaged,Approved,9950.0,116.13,2139.25
700078,900390,2025-03-24,Wrong Item Delivered,Approved,2450.0,106.84,441.0
700079,900393,2024-04-19,Size/Fit Issue,Approved,7800.0,150.95,663.0
700080,900398,2024-09-04,Defective/Damaged,Approved,910.0,91.11,141.05
700081,900406,2024-11-13,Defective/Damaged,Approved,540.0,150.15,78.3
700082,900410,2024-09-05,Changed Mind,Approved,3370.0,147.73,572.9
700083,900411,2024-08-31,Size/Fit Issue,Approved,1960.0,93.24,318.5
700084,900412,2024-07-10,Size/Fit Issue,Approved,2150.0,117.94,349.38
700085,900417,2024-05-10,Changed Mind,Approved,910.0,123.33,141.05
700086,900418,2024-09-21,Changed Mind,Approved,1190.0,164.39,193.38
700087,900420,2025-02-20,Size/Fit Issue,Approved,2380.0,177.48,193.38
700088,900424,2024-11-21,Defective/Damaged,Rejected,0.0,110.41,0.0
700089,900428,2024-07-23,Changed Mind,Approved,1130.0,84.04,175.15
700090,900430,2024-04-26,Not as Described,Approved,3150.0,105.26,567.0
700091,900435,2025-01-08,Defective/Damaged,Approved,10800.0,65.95,2322.0
700092,900441,2025-04-10,Size/Fit Issue,Approved,2600.0,136.38,442.0
700093,900449,2024-09-21,Not as Described,Approved,6340.0,132.35,570.6
700094,900454,2025-02-03,Changed Mind,Approved,9950.0,142.53,2139.25
700095,900460,2024-08-29,Not as Described,Approved,1960.0,145.82,318.5
700096,900461,2024-12-12,Better Price Found,Approved,13790.0,123.23,2964.85
700097,900466,2024-04-22,Size/Fit Issue,Approved,3000.0,122.75,510.0
700098,900476,2025-02-14,Not as Described,Approved,5120.0,62.04,435.2
700099,900479,2024-09-15,Changed Mind,Rejected,0.0,106.82,0.0
700100,900482,2024-12-22,Not as Described,Approved,6750.0,174.01,405.0
700101,900492,2024-06-06,Defective/Damaged,Approved,780.0,144.2,113.1
700102,900501,2024-10-25,Not as Described,Approved,3740.0,160.45,635.8
700103,900502,2024-09-24,Size/Fit Issue,Approved,970.0,92.75,157.62
700104,900505,2024-05-05,Size/Fit Issue,Approved,3700.0,147.04,629.0
700105,900513,2024-06-27,Defective/Damaged,Approved,1510.0,151.62,245.38
700106,900514,2024-09-17,Changed Mind,Approved,1510.0,178.0,245.38
700107,900515,2024-12-07,Size/Fit Issue,Approved,3370.0,138.4,572.9
700108,900516,2024-07-23,Defective/Damaged,Approved,2250.0,142.17,405.0
700109,900520,2025-03-09,Not as Described,Approved,9950.0,163.68,2139.25
700110,900523,2025-03-15,Not as Described,Approved,13140.0,168.82,2825.1
700111,900525,2025-01-18,Defective/Damaged,Approved,1990.0,106.88,358.2
700112,900534,2024-05-12,Defective/Damaged,Approved,1870.0,119.0,303.88
700113,900549,2024-06-28,Defective/Damaged,Approved,12780.0,64.95,2747.7
700114,900564,2024-09-25,Not as Described,Approved,510.0,119.57,73.95
700115,900568,2024-07-06,Changed Mind,Approved,5200.0,156.46,442.0
700116,900575,2025-04-13,Size/Fit Issue,Rejected,0.0,141.55,0.0
700117,900583,2024-05-19,Not as Described,Approved,1990.0,116.35,358.2
700118,900590,2024-05-08,Not as Described,Approved,2250.0,157.52,405.0
700119,900592,2025-01-03,Better Price Found,Approved,38430.0,85.73,2754.15
700120,900593,2024-11-26,Defective/Damaged,Approved,13790.0,123.17,2964.85
700121,900602,2024-10-06,Defective/Damaged,Approved,12810.0,104.83,2754.15
700122,900603,2024-06-12,Size/Fit Issue,Approved,970.0,151.39,157.62
700123,900616,2024-09-07,Wrong Item Delivered,Approved,2550.0,82.7,459.0
700124,900618,2024-08-22,Size/Fit Issue,Approved,3740.0,117.79,635.8
700125,900635,2025-02-12,Size/Fit Issue,Approved,1190.0,134.2,193.38
700126,900638,2024-07-01,Not as Described,Approved,7480.0,159.69,635.8
700127,900640,2025-03-24,Wrong Item Delivered,Approved,1390.0,99.66,215.45
700128,900641,2025-02-11,Size/Fit Issue,Approved,7400.0,156.55,629.0
700129,900642,2025-04-08,Size/Fit Issue,Rejected,0.0,145.77,0.0
700130,900650,2025-04-07,Size/Fit Issue,Approved,3370.0,63.54,572.9
700131,900668,2024-05-11,Size/Fit Issue,Approved,2150.0,148.4,349.38
700132,900673,2024-09-11,Size/Fit Issue,Approved,2560.0,129.24,435.2
700133,900677,2024-10-25,Size/Fit Issue,Approved,4530.0,173.82,245.38
700134,900681,2024-07-13,Defective/Damaged,Approved,1740.0,178.17,313.2
700135,900682,2024-06-06,Size/Fit Issue,Approved,3700.0,138.43,629.0
700136,900694,2024-10-14,Size/Fit Issue,Approved,2370.0,83.6,402.9
700137,900703,2024-08-04,Defective/Damaged,Approved,740.0,95.23,107.3
700138,900705,2024-10-05,Changed Mind,Approved,2580.0,171.86,199.95
700139,900708,2024-10-19,Not as Described,Approved,2250.0,127.66,405.0
700140,900719,2024-08-14,Changed Mind,Approved,510.0,71.6,73.95
700141,900720,2025-04-06,Defective/Damaged,Approved,19900.0,72.97,2139.25
700142,900724,2024-04-12,Size/Fit Issue,Approved,3000.0,111.61,510.0
700143,900732,2024-06-04,Not as Described,Approved,740.0,169.42,107.3
700144,900735,2024-09-27,Size/Fit Issue,Approved,2150.0,85.01,349.38
700145,900748,2024-11-16,Defective/Damaged,Rejected,0.0,165.39,0.0
700146,900749,2024-07-20,Not as Described,Approved,2250.0,142.43,405.0
700147,900750,2024-08-29,Not as Described,Approved,3000.0,153.64,510.0
700148,900751,2024-11-24,Defective/Damaged,Rejected,0.0,91.37,0.0
700149,900752,2024-06-19,Defective/Damaged,Approved,2580.0,157.71,199.95
700150,900754,2025-03-31,Wrong Item Delivered,Approved,1390.0,96.3,215.45
700151,900762,2025-01-07,Changed Mind,Rejected,0.0,82.25,0.0
700152,900768,2024-07-11,Not as Described,Approved,1960.0,163.81,318.5
700153,900770,2025-01-20,Changed Mind,Approved,810.0,133.25,125.55
700154,900777,2024-07-13,Not as Described,Approved,1320.0,66.56,204.6
700155,900779,2025-01-31,Defective/Damaged,Approved,1620.0,106.43,117.45
700156,900802,2024-05-07,Size/Fit Issue,Approved,2150.0,178.69,349.38
700157,900805,2024-07-05,Size/Fit Issue,Approved,2600.0,131.66,442.0
700158,900808,2024-05-31,Defective/Damaged,Approved,1320.0,114.29,204.6
700159,900812,2024-04-22,Not as Described,Approved,1320.0,151.08,204.6
700160,900821,2024-12-31,Changed Mind,Rejected,0.0,142.24,0.0
700161,900827,2024-07-21,Changed Mind,Approved,1560.0,153.13,241.8
700162,900837,2024-10-29,Size/Fit Issue,Approved,1510.0,72.79,245.38
700163,900849,2024-08-24,Defective/Damaged,Approved,3740.0,117.93,303.88
700164,900854,2024-06-20,Better Price Found,Rejected,0.0,127.22,0.0
700165,900855,2025-02-27,Size/Fit Issue,Approved,3900.0,108.12,663.0
700166,900860,2025-02-22,Changed Mind,Rejected,0.0,176.67,0.0
700167,900863,2024-09-17,Size/Fit Issue,Approved,1510.0,90.37,245.38
700168,900870,2024-08-26,Size/Fit Issue,Approved,3740.0,74.93,635.8
700169,900871,2024-05-11,Better Price Found,Approved,11450.0,97.53,2461.75
700170,900873,2024-11-09,Defective/Damaged,Approved,1770.0,98.56,287.62
700171,900884,2024-11-01,Size/Fit Issue,Approved,3000.0,112.49,510.0
700172,900894,2025-01-03,Not as Described,Rejected,0.0,112.09,0.0
700173,900895,2024-07-13,Changed Mind,Approved,820.0,93.22,59.45
700174,900904,2024-07-20,Changed Mind,Approved,4300.0,84.68,349.38
700175,900909,2024-08-20,Not as Described,Approved,2560.0,107.71,435.2
700176,900913,2024-12-21,Size/Fit Issue,Approved,1190.0,125.55,193.38
700177,900918,2024-04-21,Changed Mind,Approved,7800.0,168.45,663.0
700178,900927,2025-01-24,Not as Described,Approved,410.0,77.08,59.45
700179,900934,2024-04-11,Changed Mind,Approved,2250.0,104.97,405.0
700180,900944,2025-01-12,Not as Described,Approved,2450.0,135.92,441.0
700181,900959,2024-04-21,Size/Fit Issue,Approved,3370.0,154.12,572.9
700182,900966,2024-05-29,Not as Described,Approved,1770.0,79.85,287.62
700183,900981,2024-04-29,Changed Mind,Approved,3900.0,104.24,663.0
700184,900986,2025-01-31,Changed Mind,Approved,3740.0,165.49,635.8
700185,900990,2025-04-02,Not as Described,Rejected,0.0,130.29,0.0
700186,900991,2024-11-20,Changed Mind,Approved,13330.0,166.32,2865.95
700187,901004,2024-11-07,Not as Described,Approved,810.0,174.99,117.45
700188,901012,2024-11-26,Changed Mind,Approved,13330.0,171.62,2865.95
700189,901015,2024-09-01,Changed Mind,Approved,2550.0,150.07,459.0
700190,901017,2025-02-09,Defective/Damaged,Approved,810.0,145.54,117.45
700191,901025,2025-03-10,Size/Fit Issue,Approved,3740.0,164.37,635.8
700192,901027,2024-08-07,Not as Described,Approved,410.0,120.91,59.45
700193,901028,2025-01-06,Not as Described,Rejected,0.0,97.07,0.0
700194,901035,2024-12-26,Wrong Item Delivered,Approved,910.0,170.63,141.05
700195,901039,2025-02-04,Not as Described,Approved,810.0,87.51,117.45
700196,901040,2025-01-22,Wrong Item Delivered,Approved,1560.0,174.27,241.8
700197,901054,2024-10-28,Size/Fit Issue,Approved,1110.0,148.53,180.38
700198,901056,2024-06-23,Not as Described,Approved,1020.0,66.78,73.95
700199,901062,2024-06-02,Better Price Found,Approved,22900.0,77.73,2461.75
700200,901065,2024-08-09,Defective/Damaged,Approved,25620.0,165.87,2754.15
700201,901069,2025-02-16,Size/Fit Issue,Approved,3900.0,115.34,663.0
700202,901072,2025-03-31,Size/Fit Issue,Approved,3740.0,63.22,635.8
700203,901087,2024-05-18,Defective/Damaged,Approved,3980.0,89.24,358.2
700204,901089,2024-09-10,Size/Fit Issue,Approved,3020.0,120.27,245.38
700205,901092,2025-03-13,Size/Fit Issue,Approved,7800.0,116.47,663.0
700206,901094,2024-04-18,Size/Fit Issue,Approved,3740.0,157.24,635.8
700207,901102,2024-10-20,Size/Fit Issue,Rejected,0.0,120.8,0.0
700208,901110,2024-10-19,Size/Fit Issue,Approved,3370.0,63.59,572.9
700209,901115,2024-09-16,Changed Mind,Approved,5200.0,136.04,442.0
700210,901116,2024-10-11,Size/Fit Issue,Approved,2600.0,110.96,442.0
700211,901129,2024-09-30,Changed Mind,Approved,2220.0,63.96,107.3
700212,901136,2024-06-01,Wrong Item Delivered,Approved,3170.0,157.41,570.6
700213,901145,2024-06-30,Defective/Damaged,Approved,1390.0,154.97,215.45
700214,901148,2024-05-30,Defective/Damaged,Approved,2250.0,137.44,405.0
700215,901164,2024-04-27,Wrong Item Delivered,Approved,1080.0,141.02,194.4
700216,901166,2024-10-29,Not as Described,Approved,11450.0,118.46,2461.75
700217,901167,2024-09-21,Changed Mind,Approved,510.0,125.04,73.95
700218,901183,2024-04-28,Not as Described,Approved,2550.0,165.29,459.0
700219,901188,2024-06-11,Not as Described,Approved,1390.0,173.86,215.45
700220,901190,2024-11-14,Changed Mind,Approved,5120.0,106.55,435.2
700221,901195,2024-12-29,Size/Fit Issue,Rejected,0.0,105.98,0.0
700222,901198,2024-09-23,Not as Described,Approved,2560.0,165.52,435.2
700223,901208,2024-04-25,Size/Fit Issue,Approved,1110.0,96.6,180.38
700224,901209,2025-02-09,Not as Described,Approved,1020.0,151.26,73.95
700225,901211,2024-10-28,Size/Fit Issue,Approved,970.0,130.23,157.62
700226,901219,2025-02-16,Defective/Damaged,Approved,1960.0,157.3,318.5
700227,901226,2024-05-07,Size/Fit Issue,Approved,1190.0,91.86,193.38
700228,901236,2024-06-23,Changed Mind,Rejected,0.0,157.02,0.0
700229,901242,2024-10-22,Changed Mind,Approved,2150.0,150.2,349.38
700230,901244,2024-08-11,Not as Described,Approved,5200.0,134.07,442.0
700231,901248,2025-01-29,Defective/Damaged,Approved,910.0,93.41,141.05
700232,901249,2024-05-15,Not as Described,Approved,3900.0,124.29,663.0
700233,901260,2024-06-16,Size/Fit Issue,Approved,1190.0,144.91,193.38
700234,901261,2025-02-24,Defective/Damaged,Approved,890.0,169.04,137.95
700235,901284,2024-08-04,Size/Fit Issue,Approved,7680.0,108.83,435.2
700236,901285,2024-10-04,Changed Mind,Approved,810.0,62.16,117.45
700237,901292,2024-09-05,Defective/Damaged,Approved,10800.0,85.92,2322.0
700238,901296,2024-10-31,Defective/Damaged,Approved,2250.0,146.94,405.0
700239,901301,2024-05-20,Changed Mind,Approved,1620.0,155.43,117.45
700240,901307,2024-09-07,Not as Described,Approved,1080.0,152.16,194.4
700241,901309,2024-11-18,Defective/Damaged,Approved,1510.0,177.73,245.38
700242,901317,2024-05-07,Size/Fit Issue,Approved,3700.0,121.44,629.0
700243,901321,2025-02-20,Not as Described,Approved,2370.0,171.03,402.9
700244,901329,2024-10-22,Size/Fit Issue,Approved,2150.0,115.99,349.38
700245,901344,2024-11-14,Size/Fit Issue,Approved,3740.0,124.09,635.8
700246,901346,2025-02-09,Defective/Damaged,Approved,5100.0,90.13,459.0
700247,901347,2024-08-20,Not as Described,Rejected,0.0,113.54,0.0
700248,901359,2024-06-12,Better Price Found,Approved,10800.0,169.11,2322.0
700249,901360,2024-09-02,Not as Described,Approved,1390.0,145.83,215.45
700250,901365,2024-05-29,Size/Fit Issue,Rejected,0.0,65.2,0.0
700251,901374,2024-11-23,Changed Mind,Approved,1320.0,137.61,204.6
700252,901385,2024-04-26,Not as Described,Approved,12780.0,131.52,2747.7
700253,901387,2024-11-27,Changed Mind,Rejected,0.0,100.72,0.0
700254,901388,2024-08-24,Defective/Damaged,Approved,10800.0,71.0,2322.0
700255,901392,2024-08-21,Defective/Damaged,Approved,13330.0,112.31,2865.95
700256,901394,2024-08-14,Not as Described,Rejected,0.0,116.04,0.0
700257,901396,2024-12-19,Defective/Damaged,Approved,1560.0,140.75,113.1
700258,901397,2025-02-11,Defective/Damaged,Approved,6300.0,174.05,567.0
700259,901401,2024-10-15,Changed Mind,Approved,1960.0,157.59,318.5
700260,901403,2024-11-11,Defective/Damaged,Approved,11450.0,105.78,2461.75
700261,901412,2024-07-16,Size/Fit Issue,Approved,1870.0,133.14,303.88
700262,901413,2024-08-31,Not as Described,Approved,2250.0,66.95,405.0
700263,901417,2025-02-24,Size/Fit Issue,Approved,1770.0,95.73,287.62
700264,901422,2025-03-06,Not as Described,Approved,3150.0,143.82,567.0
700265,901424,2024-05-01,Changed Mind,Approved,2150.0,88.75,349.38
700266,901426,2025-03-01,Defective/Damaged,Approved,1080.0,78.72,194.4
700267,901428,2024-09-26,Changed Mind,Approved,12780.0,94.02,2747.7
700268,901441,2024-08-11,Not as Described,Approved,4740.0,74.66,402.9
700269,901445,2025-02-01,Size/Fit Issue,Approved,1190.0,97.35,193.38
700270,901459,2024-09-04,Not as Described,Approved,1290.0,163.6,199.95
700271,901470,2024-07-12,Size/Fit Issue,Approved,1190.0,83.73,193.38
700272,901471,2024-12-06,Defective/Damaged,Approved,1740.0,68.75,313.2
700273,901472,2024-12-25,Not as Described,Approved,410.0,115.36,59.45
700274,901474,2024-12-12,Changed Mind,Approved,1130.0,116.14,163.85
700275,901478,2024-06-22,Changed Mind,Approved,1620.0,66.72,117.45
700276,901490,2024-12-01,Defective/Damaged,Approved,6750.0,122.41,405.0
700277,901493,2024-12-17,Defective/Damaged,Approved,3170.0,121.77,570.6
700278,901494,2024-08-14,Size/Fit Issue,Approved,2150.0,138.7,349.38
700279,901498,2024-05-12,Defective/Damaged,Approved,970.0,111.95,157.62
700280,901507,2024-09-05,Size/Fit Issue,Approved,2150.0,105.85,349.38
700281,901509,2024-06-03,Changed Mind,Rejected,0.0,136.16,0.0
700282,901511,2025-02-26,Size/Fit Issue,Approved,4300.0,107.4,349.38
700283,901516,2024-06-14,Size/Fit Issue,Approved,1870.0,145.5,303.88
700284,901523,2025-02-15,Defective/Damaged,Approved,1960.0,172.41,318.5
700285,901526,2025-03-10,Size/Fit Issue,Approved,3540.0,103.8,287.62
700286,901528,2024-11-11,Not as Described,Approved,3900.0,79.22,663.0
700287,901536,2024-12-18,Not as Described,Approved,910.0,77.3,141.05
700288,901538,2024-11-06,Not as Described,Approved,6000.0,130.76,510.0
700289,901541,2025-01-23,Changed Mind,Rejected,0.0,174.1,0.0
700290,901544,2025-03-15,Changed Mind,Approved,25620.0,151.7,2754.15
700291,901557,2024-06-09,Not as Described,Approved,3900.0,113.28,663.0
700292,901569,2024-04-24,Size/Fit Issue,Approved,3900.0,125.74,663.0
700293,901571,2025-02-14,Size/Fit Issue,Approved,3900.0,126.87,663.0
700294,901583,2025-02-01,Defective/Damaged,Approved,1390.0,129.1,215.45
700295,901595,2025-01-28,Changed Mind,Approved,2560.0,155.45,435.2
700296,901597,2024-05-12,Defective/Damaged,Approved,1130.0,70.82,175.15
700297,901599,2024-12-18,Size/Fit Issue,Approved,970.0,96.27,157.62
700298,901601,2024-12-12,Not as Described,Rejected,0.0,154.13,0.0
700299,901606,2024-05-11,Not as Described,Rejected,0.0,147.51,0.0
700300,901608,2025-01-31,Better Price Found,Rejected,0.0,90.82,0.0
700301,901616,2024-10-16,Size/Fit Issue,Approved,3740.0,151.72,635.8
700302,901618,2025-01-15,Defective/Damaged,Approved,780.0,112.99,113.1
700303,901620,2025-01-08,Defective/Damaged,Approved,1530.0,168.71,73.95
700304,901623,2025-03-23,Changed Mind,Approved,1130.0,107.29,163.85
700305,901624,2024-11-08,Defective/Damaged,Approved,1510.0,113.37,245.38
700306,901627,2024-08-14,Size/Fit Issue,Approved,11700.0,155.82,663.0
700307,901631,2025-01-04,Defective/Damaged,Approved,1870.0,85.2,303.88
700308,901649,2024-06-15,Size/Fit Issue,Approved,7480.0,161.02,635.8
700309,901654,2024-06-21,Size/Fit Issue,Approved,7800.0,101.69,663.0
700310,901658,2025-03-14,Not as Described,Approved,1770.0,175.98,287.62
700311,901669,2024-08-10,Changed Mind,Approved,970.0,136.52,157.62
700312,901671,2024-04-21,Defective/Damaged,Approved,13140.0,93.85,2825.1
700313,901673,2024-06-28,Not as Described,Approved,780.0,106.6,113.1
700314,901685,2024-09-09,Defective/Damaged,Approved,780.0,155.22,113.1
700315,901693,2024-04-27,Not as Described,Approved,1770.0,128.56,287.62
700316,901694,2024-04-19,Defective/Damaged,Approved,1770.0,151.45,287.62
700317,901707,2025-01-14,Size/Fit Issue,Approved,3900.0,137.24,663.0
700318,901715,2024-06-10,Not as Described,Approved,2450.0,162.7,441.0
700319,901716,2024-08-09,Defective/Damaged,Approved,13330.0,178.13,2865.95
700320,901723,2024-07-18,Defective/Damaged,Approved,7480.0,111.52,635.8
700321,901731,2025-01-06,Changed Mind,Approved,3740.0,60.45,635.8
700322,901735,2024-05-16,Not as Described,Approved,1560.0,158.14,241.8
700323,901742,2024-11-22,Changed Mind,Approved,9950.0,62.46,2139.25
700324,901743,2024-04-27,Size/Fit Issue,Approved,2370.0,136.64,402.9
700325,901745,2024-08-04,Size/Fit Issue,Approved,3370.0,71.16,572.9
700326,901746,2024-10-08,Defective/Damaged,Approved,1940.0,94.52,157.62
700327,901749,2025-03-21,Defective/Damaged,Rejected,0.0,88.94,0.0
700328,901752,2025-01-15,Not as Described,Approved,2550.0,86.85,459.0
700329,901754,2024-09-18,Not as Described,Approved,2550.0,120.83,459.0
700330,901756,2025-01-27,Defective/Damaged,Approved,1110.0,108.9,180.38
700331,901761,2024-05-04,Changed Mind,Approved,39420.0,83.07,2825.1
700332,901763,2024-04-16,Size/Fit Issue,Approved,3000.0,80.93,510.0
700333,901764,2025-01-29,Changed Mind,Approved,1770.0,85.12,287.62
700334,901766,2025-01-21,Size/Fit Issue,Approved,3000.0,113.27,510.0
700335,901769,2024-04-13,Better Price Found,Approved,12780.0,110.81,2747.7
700336,901771,2024-07-28,Not as Described,Approved,11450.0,142.86,2461.75
700337,901775,2024-10-02,Size/Fit Issue,Approved,4300.0,84.15,349.38
700338,901776,2025-01-30,Defective/Damaged,Rejected,0.0,165.36,0.0
700339,901778,2024-04-15,Size/Fit Issue,Approved,4300.0,137.57,349.38
700340,901779,2024-11-22,Changed Mind,Approved,3740.0,145.66,635.8
700341,901782,2024-04-27,Size/Fit Issue,Approved,1770.0,61.51,287.62
700342,901784,2024-08-02,Size/Fit Issue,Rejected,0.0,66.01,0.0
700343,901790,2025-01-04,Defective/Damaged,Approved,1740.0,87.08,313.2
700344,901793,2024-06-30,Not as Described,Approved,3900.0,110.78,663.0
700345,901794,2024-08-16,Size/Fit Issue,Approved,1190.0,134.41,193.38
700346,901798,2024-04-27,Defective/Damaged,Approved,13330.0,135.41,2865.95
700347,901801,2024-12-13,Not as Described,Approved,1820.0,86.09,141.05
700348,901806,2024-07-11,Wrong Item Delivered,Approved,1990.0,135.01,358.2
700349,901807,2024-12-22,Better Price Found,Rejected,0.0,65.69,0.0
700350,901811,2024-11-08,Not as Described,Approved,2600.0,112.0,442.0
700351,901815,2025-04-01,Size/Fit Issue,Approved,5880.0,126.91,318.5
700352,901818,2024-10-23,Changed Mind,Approved,1190.0,111.36,193.38
700353,901819,2025-01-01,Changed Mind,Approved,1180.0,101.79,85.55
700354,901820,2024-12-04,Size/Fit Issue,Approved,3740.0,82.02,635.8
700355,901823,2024-05-22,Defective/Damaged,Approved,4500.0,152.42,405.0
700356,901827,2024-12-03,Defective/Damaged,Approved,9950.0,82.79,2139.25
700357,901828,2025-01-24,Size/Fit Issue,Approved,2380.0,126.55,193.38
700358,901835,2024-06-16,Not as Described,Approved,810.0,138.98,117.45
700359,901842,2024-04-30,Not as Described,Approved,2450.0,125.69,441.0
700360,901850,2024-05-30,Changed Mind,Approved,12810.0,85.11,2754.15
700361,901860,2025-04-03,Defective/Damaged,Approved,1320.0,172.56,204.6
700362,901862,2025-01-17,Not as Described,Rejected,0.0,94.1,0.0
700363,901864,2024-09-14,Not as Described,Approved,1130.0,110.98,175.15
700364,901868,2024-09-26,Defective/Damaged,Rejected,0.0,68.69,0.0
700365,901881,2024-05-28,Not as Described,Approved,1290.0,71.59,199.95
700366,901887,2024-08-01,Size/Fit Issue,Approved,970.0,87.78,157.62
700367,901897,2025-03-23,Defective/Damaged,Approved,10800.0,61.3,2322.0
700368,901900,2024-08-31,Not as Described,Approved,1320.0,97.59,204.6
700369,901901,2024-05-11,Size/Fit Issue,Approved,3370.0,76.46,572.9
700370,901905,2025-02-09,Changed Mind,Approved,21600.0,92.23,2322.0
700371,901926,2024-08-17,Not as Described,Approved,3740.0,140.45,635.8
700372,901931,2024-09-22,Not as Described,Approved,2260.0,179.89,175.15
700373,901932,2024-11-16,Size/Fit Issue,Approved,3920.0,66.06,318.5
700374,901933,2024-08-11,Size/Fit Issue,Approved,1870.0,159.72,303.88
700375,901937,2024-11-17,Defective/Damaged,Approved,9950.0,64.56,2139.25
700376,901944,2024-11-03,Size/Fit Issue,Approved,3900.0,165.87,663.0
700377,901945,2024-08-23,Size/Fit Issue,Approved,3370.0,97.76,572.9
700378,901947,2025-03-14,Changed Mind,Approved,3370.0,72.06,572.9
700379,901948,2024-09-17,Defective/Damaged,Approved,3020.0,80.73,245.38
700380,901949,2025-01-31,Changed Mind,Approved,890.0,89.03,137.95
700381,901951,2024-08-12,Size/Fit Issue,Approved,2150.0,60.57,349.38
700382,901956,2024-06-22,Size/Fit Issue,Approved,2560.0,142.19,435.2
700383,901965,2024-07-24,Defective/Damaged,Approved,1770.0,159.83,287.62
700384,901970,2025-03-26,Defective/Damaged,Approved,1080.0,107.14,78.3
700385,901974,2024-10-28,Size/Fit Issue,Approved,2560.0,121.94,435.2
700386,901975,2024-06-23,Size/Fit Issue,Approved,3000.0,116.84,510.0
700387,901976,2024-06-23,Defective/Damaged,Approved,3150.0,88.16,567.0
700388,901985,2024-09-05,Changed Mind,Rejected,0.0,83.67,0.0
700389,901987,2024-04-12,Not as Described,Approved,11450.0,162.92,2461.75
700390,901991,2025-01-23,Changed Mind,Approved,3480.0,175.79,313.2
700391,901992,2025-03-30,Size/Fit Issue,Approved,1510.0,75.21,245.38
700392,901994,2025-03-06,Size/Fit Issue,Approved,2150.0,159.84,349.38
700393,901995,2024-12-11,Size/Fit Issue,Approved,3900.0,88.6,663.0
700394,901997,2024-12-22,Defective/Damaged,Approved,12810.0,139.78,2754.15
700395,902003,2025-02-28,Changed Mind,Approved,3700.0,146.61,629.0
700396,902019,2024-05-09,Changed Mind,Approved,1190.0,114.82,193.38
700397,902023,2024-06-22,Not as Described,Approved,13140.0,113.81,2825.1
700398,902028,2025-02-08,Size/Fit Issue,Approved,1870.0,156.13,303.88
700399,902030,2024-12-16,Not as Described,Approved,1320.0,150.69,204.6
700400,902042,2025-01-01,Size/Fit Issue,Approved,7480.0,121.28,635.8
700401,902044,2024-12-20,Changed Mind,Approved,2260.0,159.07,163.85
700402,902050,2025-03-14,Not as Described,Approved,970.0,81.2,157.62
700403,902056,2024-12-16,Defective/Damaged,Approved,12810.0,80.29,2754.15
700404,902060,2025-02-06,Size/Fit Issue,Approved,1190.0,161.82,193.38
700405,902069,2025-02-28,Changed Mind,Approved,1820.0,174.37,141.05
700406,902076,2024-07-17,Size/Fit Issue,Approved,2220.0,163.35,180.38
700407,902077,2025-02-27,Changed Mind,Approved,740.0,148.47,107.3
700408,902078,2024-09-23,Changed Mind,Rejected,0.0,93.55,0.0
700409,902079,2024-11-23,Changed Mind,Approved,3170.0,123.11,570.6
700410,902083,2024-06-22,Wrong Item Delivered,Approved,2250.0,115.54,405.0
700411,902087,2024-05-17,Defective/Damaged,Approved,1740.0,135.33,313.2
700412,902095,2024-06-02,Defective/Damaged,Approved,13790.0,73.57,2964.85
700413,902104,2025-02-10,Size/Fit Issue,Approved,970.0,158.02,157.62
700414,902119,2024-09-15,Not as Described,Approved,1740.0,130.58,313.2
700415,902132,2025-01-05,Wrong Item Delivered,Approved,3150.0,93.45,567.0
700416,902134,2024-12-12,Size/Fit Issue,Approved,1110.0,67.26,180.38
700417,902136,2024-06-16,Size/Fit Issue,Approved,3370.0,152.41,572.9
700418,902142,2024-08-12,Not as Described,Approved,7480.0,106.79,635.8
700419,902148,2025-03-17,Not as Described,Approved,810.0,69.4,117.45
700420,902150,2024-06-01,Not as Described,Approved,3150.0,178.39,567.0
700421,902152,2024-05-12,Changed Mind,Approved,1870.0,155.63,303.88
700422,902154,2024-06-06,Defective/Damaged,Rejected,0.0,95.88,0.0
700423,902158,2024-05-03,Defective/Damaged,Approved,1080.0,90.02,194.4
700424,902159,2025-03-05,Size/Fit Issue,Rejected,0.0,104.26,0.0
700425,902160,2024-11-02,Not as Described,Approved,1820.0,154.7,141.05
700426,902177,2024-06-28,Defective/Damaged,Approved,510.0,175.17,73.95
700427,902185,2025-01-06,Not as Described,Approved,1940.0,165.95,157.62
700428,902188,2024-08-17,Defective/Damaged,Rejected,0.0,77.73,0.0
700429,902190,2024-08-28,Size/Fit Issue,Approved,3000.0,90.48,510.0
700430,902210,2024-09-10,Changed Mind,Rejected,0.0,160.72,0.0
700431,902211,2025-03-26,Changed Mind,Approved,1870.0,177.17,303.88
700432,902213,2025-01-07,Changed Mind,Approved,1130.0,119.77,175.15
700433,902215,2024-10-01,Defective/Damaged,Approved,11450.0,62.82,2461.75
700434,902216,2024-08-21,Size/Fit Issue,Rejected,0.0,151.42,0.0
700435,902225,2025-03-04,Wrong Item Delivered,Approved,890.0,99.44,137.95
700436,902231,2025-02-19,Defective/Damaged,Approved,10800.0,66.33,2322.0
700437,902235,2024-07-03,Changed Mind,Approved,1770.0,146.13,287.62
700438,902241,2025-01-03,Size/Fit Issue,Approved,2560.0,92.22,435.2
700439,902248,2024-04-17,Changed Mind,Approved,3740.0,93.28,635.8
700440,902249,2024-07-23,Size/Fit Issue,Approved,3370.0,84.99,572.9
700441,902252,2024-07-08,Changed Mind,Approved,590.0,118.09,85.55
700442,902257,2024-11-16,Not as Described,Approved,22900.0,132.37,2461.75
700443,902258,2024-04-27,Size/Fit Issue,Approved,3700.0,122.75,629.0
700444,902273,2025-01-22,Defective/Damaged,Approved,510.0,131.72,73.95
700445,902276,2024-12-28,Defective/Damaged,Approved,1290.0,163.28,199.95
700446,902282,2025-04-05,Not as Described,Approved,10800.0,98.9,2322.0
700447,902294,2025-03-17,Defective/Damaged,Approved,4900.0,154.26,441.0
700448,902301,2024-05-05,Defective/Damaged,Approved,12810.0,93.08,2754.15
700449,902304,2025-01-02,Not as Described,Approved,7350.0,79.64,441.0
700450,902309,2024-10-19,Size/Fit Issue,Approved,1510.0,119.75,245.38
700451,902314,2024-08-02,Defective/Damaged,Approved,2160.0,153.2,194.4
700452,902316,2024-08-04,Not as Described,Approved,7480.0,164.08,635.8
700453,902318,2024-10-16,Size/Fit Issue,Approved,2600.0,100.59,442.0
700454,902319,2025-01-14,Not as Described,Approved,3920.0,145.32,318.5
700455,902325,2024-08-15,Changed Mind,Approved,1960.0,85.19,318.5
700456,902329,2024-10-08,Changed Mind,Approved,780.0,169.99,113.1
700457,902331,2024-07-25,Not as Described,Approved,1560.0,168.55,113.1
700458,902337,2024-07-29,Changed Mind,Approved,6450.0,108.58,349.38
700459,902342,2024-06-20,Changed Mind,Rejected,0.0,134.32,0.0
700460,902346,2024-06-09,Defective/Damaged,Approved,2450.0,170.95,441.0
700461,902353,2025-01-28,Size/Fit Issue,Approved,3540.0,72.64,287.62
700462,902358,2024-07-30,Defective/Damaged,Rejected,0.0,61.38,0.0
700463,902372,2025-03-06,Size/Fit Issue,Approved,1960.0,101.98,318.5
700464,902381,2024-09-19,Defective/Damaged,Approved,21600.0,60.7,2322.0
700465,902398,2024-08-26,Changed Mind,Approved,1960.0,116.03,318.5
700466,902405,2025-02-02,Size/Fit Issue,Approved,1960.0,69.23,318.5
700467,902406,2024-07-21,Size/Fit Issue,Approved,2150.0,163.55,349.38
700468,902408,2025-02-26,Size/Fit Issue,Approved,6740.0,90.89,572.9
700469,902416,2024-05-27,Wrong Item Delivered,Approved,3150.0,141.69,567.0
700470,902421,2024-07-24,Changed Mind,Approved,910.0,161.26,141.05
700471,902423,2025-02-23,Not as Described,Approved,1960.0,87.03,318.5
700472,902424,2024-11-13,Not as Described,Approved,1560.0,103.04,241.8
700473,902427,2024-07-13,Size/Fit Issue,Approved,1870.0,176.59,303.88
700474,902431,2024-06-09,Defective/Damaged,Rejected,0.0,158.47,0.0
700475,902432,2024-10-24,Wrong Item Delivered,Approved,1990.0,125.27,358.2
700476,902433,2024-04-23,Changed Mind,Approved,2430.0,119.79,125.55
700477,902436,2024-08-13,Not as Described,Approved,1770.0,152.88,287.62
700478,902446,2024-12-15,Defective/Damaged,Approved,22900.0,95.43,2461.75
700479,902450,2024-10-06,Defective/Damaged,Rejected,0.0,166.12,0.0
700480,902455,2025-02-15,Size/Fit Issue,Approved,7400.0,103.57,629.0
700481,902475,2024-11-15,Defective/Damaged,Rejected,0.0,171.38,0.0
700482,902478,2025-02-19,Changed Mind,Approved,1130.0,129.3,163.85
700483,902481,2025-01-27,Wrong Item Delivered,Approved,1740.0,98.63,313.2
700484,902484,2024-10-17,Size/Fit Issue,Approved,3700.0,140.48,629.0
700485,902488,2024-07-30,Size/Fit Issue,Approved,1510.0,90.25,245.38
700486,902491,2025-03-14,Defective/Damaged,Approved,780.0,150.82,113.1
700487,902496,2024-08-19,Defective/Damaged,Approved,1320.0,140.77,204.6
700488,902503,2024-10-23,Size/Fit Issue,Approved,1960.0,160.7,318.5
700489,902515,2024-08-03,Defective/Damaged,Approved,13140.0,174.52,2825.1
700490,902516,2025-03-25,Not as Described,Approved,540.0,177.62,78.3
700491,902520,2025-03-02,Defective/Damaged,Approved,780.0,62.81,113.1
700492,902521,2024-08-20,Defective/Damaged,Approved,510.0,111.24,73.95
700493,902530,2025-01-26,Defective/Damaged,Approved,3740.0,101.46,635.8
700494,902534,2024-08-11,Changed Mind,Approved,510.0,140.42,73.95
700495,902550,2025-02-11,Changed Mind,Approved,780.0,166.45,113.1
700496,902554,2024-11-17,Size/Fit Issue,Approved,2560.0,169.67,435.2
700497,902565,2025-01-16,Not as Described,Rejected,0.0,137.0,0.0
700498,902566,2025-04-04,Size/Fit Issue,Approved,3900.0,63.82,663.0
700499,902569,2024-11-27,Size/Fit Issue,Approved,3740.0,87.42,635.8
700500,902570,2024-06-15,Changed Mind,Approved,2550.0,173.09,459.0
700501,902583,2025-01-05,Size/Fit Issue,Approved,5200.0,93.19,442.0
700502,902586,2025-03-16,Defective/Damaged,Approved,11100.0,87.69,629.0
700503,902588,2024-10-15,Changed Mind,Approved,1510.0,67.98,245.38
700504,902591,2025-01-18,Size/Fit Issue,Approved,1770.0,131.35,287.62
700505,902592,2024-07-18,Changed Mind,Approved,13140.0,151.27,2825.1
700506,902596,2024-05-17,Defective/Damaged,Approved,6000.0,172.11,510.0
700507,902597,2024-09-28,Not as Described,Approved,3000.0,173.99,510.0
700508,902601,2024-06-18,Not as Described,Approved,1560.0,104.74,241.8
700509,902609,2024-12-01,Size/Fit Issue,Approved,3000.0,177.66,510.0
700510,902610,2024-05-09,Size/Fit Issue,Approved,2560.0,73.44,435.2
700511,902614,2024-08-11,Wrong Item Delivered,Approved,3150.0,131.29,567.0
700512,902618,2025-02-10,Defective/Damaged,Approved,4900.0,153.21,441.0
700513,902626,2024-10-26,Size/Fit Issue,Approved,2150.0,146.22,349.38
700514,902635,2024-05-05,Not as Described,Approved,910.0,77.08,141.05
700515,902636,2025-04-04,Defective/Damaged,Approved,11450.0,167.28,2461.75
700516,902639,2024-07-24,Not as Described,Approved,2780.0,175.6,215.45
700517,902646,2025-02-05,Size/Fit Issue,Approved,2370.0,116.32,402.9
700518,902648,2024-05-31,Size/Fit Issue,Approved,7400.0,101.38,629.0
700519,902649,2024-06-17,Not as Described,Approved,4500.0,110.3,405.0
700520,902650,2025-03-16,Not as Described,Approved,12810.0,102.85,2754.15
700521,902659,2025-01-31,Defective/Damaged,Approved,13140.0,70.92,2825.1
700522,902661,2025-03-15,Not as Described,Approved,1940.0,155.34,157.62
700523,902683,2024-12-21,Defective/Damaged,Approved,1620.0,102.99,117.45
700524,902693,2024-07-30,Defective/Damaged,Approved,1620.0,125.14,125.55
700525,902695,2024-04-19,Size/Fit Issue,Approved,2560.0,110.7,435.2
700526,902698,2025-03-30,Changed Mind,Approved,3170.0,147.73,570.6
700527,902699,2025-03-08,Defective/Damaged,Approved,13140.0,127.6,2825.1
700528,902700,2024-04-11,Changed Mind,Approved,1390.0,125.06,215.45
700529,902706,2024-07-27,Size/Fit Issue,Rejected,0.0,171.76,0.0
700530,902711,2024-07-21,Defective/Damaged,Approved,510.0,71.71,73.95
700531,902712,2024-08-14,Not as Described,Approved,510.0,146.83,73.95
700532,902713,2025-03-24,Size/Fit Issue,Rejected,0.0,162.4,0.0
700533,902716,2024-09-30,Size/Fit Issue,Approved,970.0,139.19,157.62
700534,902717,2024-06-26,Defective/Damaged,Approved,13790.0,85.77,2964.85
700535,902726,2024-04-26,Size/Fit Issue,Approved,2560.0,136.05,435.2
700536,902729,2024-06-13,Changed Mind,Approved,510.0,148.45,73.95
700537,902730,2024-09-13,Changed Mind,Rejected,0.0,107.3,0.0
700538,902736,2025-02-04,Changed Mind,Approved,13140.0,129.75,2825.1
700539,902737,2025-01-09,Not as Described,Approved,4500.0,105.83,405.0
700540,902739,2025-01-11,Wrong Item Delivered,Approved,2250.0,105.41,405.0
700541,902743,2024-09-09,Defective/Damaged,Approved,10800.0,138.95,2322.0
700542,902751,2024-06-11,Size/Fit Issue,Approved,1940.0,61.57,157.62
700543,902763,2024-10-26,Size/Fit Issue,Approved,1960.0,178.84,318.5
700544,902769,2024-10-09,Not as Described,Approved,910.0,136.89,141.05
700545,902774,2024-08-13,Not as Described,Approved,1130.0,62.87,163.85
700546,902780,2025-01-07,Changed Mind,Approved,1130.0,85.21,163.85
700547,902782,2024-11-05,Changed Mind,Rejected,0.0,89.51,0.0
700548,902783,2025-02-18,Size/Fit Issue,Approved,2600.0,153.43,442.0
700549,902791,2025-03-02,Defective/Damaged,Approved,3000.0,126.09,510.0
700550,902794,2024-04-25,Not as Described,Rejected,0.0,123.01,0.0
700551,902795,2025-03-18,Changed Mind,Approved,2580.0,164.09,199.95
700552,902797,2025-01-30,Defective/Damaged,Approved,12810.0,151.64,2754.15
700553,902802,2024-10-27,Changed Mind,Approved,3000.0,152.62,510.0
700554,902805,2025-03-25,Not as Described,Approved,3900.0,120.85,663.0
700555,902811,2025-03-06,Defective/Damaged,Rejected,0.0,104.2,0.0
700556,902813,2025-01-23,Changed Mind,Approved,13140.0,91.89,2825.1
700557,902815,2024-06-02,Defective/Damaged,Approved,510.0,94.7,73.95
700558,902821,2024-08-27,Defective/Damaged,Approved,19900.0,70.81,2139.25
700559,902825,2025-02-16,Defective/Damaged,Approved,1510.0,105.09,245.38
700560,902839,2025-02-11,Size/Fit Issue,Approved,1870.0,132.23,303.88
700561,902840,2024-04-17,Defective/Damaged,Approved,3700.0,141.58,629.0
700562,902846,2024-06-26,Not as Described,Approved,890.0,110.42,137.95
700563,902851,2024-06-08,Defective/Damaged,Rejected,0.0,64.7,0.0
700564,902856,2024-10-27,Not as Described,Approved,3000.0,93.03,510.0
700565,902857,2024-10-24,Defective/Damaged,Approved,13140.0,157.74,2825.1
700566,902862,2024-09-19,Changed Mind,Approved,810.0,126.9,125.55
700567,902869,2024-12-02,Size/Fit Issue,Approved,9000.0,70.06,510.0
700568,902871,2024-06-11,Defective/Damaged,Approved,1990.0,174.96,358.2
700569,902876,2024-12-10,Size/Fit Issue,Approved,1770.0,86.64,287.62
700570,902879,2025-01-08,Defective/Damaged,Approved,1740.0,118.01,313.2
700571,902882,2024-12-05,Changed Mind,Approved,1990.0,166.21,358.2
700572,902884,2024-10-23,Not as Described,Approved,1320.0,81.16,204.6
700573,902886,2024-05-25,Defective/Damaged,Approved,810.0,60.87,125.55
700574,902890,2024-07-30,Wrong Item Delivered,Approved,1560.0,146.11,241.8
700575,902898,2024-07-17,Size/Fit Issue,Rejected,0.0,80.03,0.0
700576,902900,2024-07-16,Not as Described,Approved,1390.0,155.06,215.45
700577,902901,2025-03-21,Size/Fit Issue,Approved,1960.0,134.18,318.5
700578,902904,2024-05-12,Not as Described,Approved,9950.0,129.02,2139.25
700579,902907,2024-12-10,Size/Fit Issue,Approved,2560.0,93.95,435.2
700580,902917,2024-12-27,Size/Fit Issue,Approved,2560.0,175.11,435.2
700581,902919,2025-01-06,Defective/Damaged,Approved,1870.0,80.56,303.88
700582,902932,2024-12-10,Not as Described,Approved,4500.0,150.03,405.0
700583,902934,2024-05-04,Size/Fit Issue,Approved,2600.0,145.13,442.0
700584,902939,2024-05-05,Changed Mind,Approved,1390.0,69.22,215.45
700585,902955,2025-02-27,Size/Fit Issue,Approved,1870.0,132.67,303.88
700586,902969,2025-01-10,Size/Fit Issue,Approved,2150.0,65.3,349.38
700587,902972,2024-08-20,Size/Fit Issue,Approved,3740.0,127.24,635.8
700588,902976,2024-06-25,Defective/Damaged,Approved,3700.0,134.4,629.0
700589,902985,2024-12-19,Not as Described,Approved,540.0,86.62,78.3
700590,902991,2025-02-07,Changed Mind,Approved,3000.0,142.93,510.0
700591,902996,2025-03-08,Not as Described,Approved,3370.0,156.46,572.9
700592,902998,2024-08-24,Not as Described,Approved,1990.0,140.75,358.2
700593,903005,2025-03-29,Defective/Damaged,Approved,1990.0,142.49,358.2
700594,903012,2024-11-04,Defective/Damaged,Approved,2250.0,169.12,405.0
700595,903013,2024-09-16,Changed Mind,Approved,1190.0,119.75,193.38
700596,903021,2024-06-06,Size/Fit Issue,Approved,1510.0,99.81,245.38
700597,903025,2024-09-30,Not as Described,Rejected,0.0,129.37,0.0
700598,903030,2024-09-03,Size/Fit Issue,Approved,3920.0,123.71,318.5
700599,903031,2024-06-09,Not as Described,Rejected,0.0,163.18,0.0
700600,903040,2024-08-09,Not as Described,Approved,1770.0,145.57,287.62
700601,903043,2025-02-24,Not as Described,Approved,3170.0,62.86,570.6
700602,903044,2025-01-16,Defective/Damaged,Approved,3170.0,140.56,570.6
700603,903051,2024-10-23,Defective/Damaged,Approved,1940.0,74.77,157.62
700604,903052,2024-05-06,Changed Mind,Approved,970.0,122.44,157.62
700605,903055,2024-05-26,Size/Fit Issue,Approved,2380.0,122.1,193.38
700606,903057,2025-02-27,Not as Described,Approved,1020.0,79.54,73.95
700607,903058,2025-02-26,Changed Mind,Approved,890.0,70.88,137.95
700608,903060,2024-07-09,Not as Described,Approved,3370.0,153.47,572.9
700609,903064,2025-03-15,Size/Fit Issue,Rejected,0.0,167.36,0.0
700610,903065,2025-03-13,Defective/Damaged,Approved,810.0,164.78,117.45
700611,903070,2025-02-23,Size/Fit Issue,Approved,2150.0,62.07,349.38
700612,903080,2025-01-05,Not as Described,Approved,780.0,142.08,113.1
700613,903084,2024-10-16,Size/Fit Issue,Approved,970.0,126.07,157.62
700614,903087,2024-10-04,Not as Described,Approved,910.0,168.01,141.05
700615,903088,2025-03-28,Not as Described,Approved,5200.0,169.73,442.0
700616,903106,2024-11-06,Size/Fit Issue,Approved,3920.0,153.79,318.5
700617,903113,2024-09-02,Not as Described,Approved,1510.0,146.4,245.38
700618,903129,2024-12-17,Defective/Damaged,Rejected,0.0,159.99,0.0
700619,903137,2024-09-18,Size/Fit Issue,Approved,7400.0,123.22,629.0
700620,903144,2024-10-03,Not as Described,Approved,3740.0,165.69,635.8
700621,903156,2024-10-09,Defective/Damaged,Rejected,0.0,106.78,0.0
700622,903164,2025-01-25,Wrong Item Delivered,Approved,1130.0,154.17,175.15
700623,903165,2025-02-14,Size/Fit Issue,Approved,2370.0,178.18,402.9
700624,903172,2024-06-05,Defective/Damaged,Rejected,0.0,158.63,0.0
700625,903176,2024-05-19,Not as Described,Approved,540.0,124.9,78.3
700626,903181,2024-08-10,Size/Fit Issue,Approved,5310.0,139.06,287.62
700627,903188,2024-08-22,Not as Described,Approved,1560.0,69.57,241.8
700628,903192,2025-01-07,Size/Fit Issue,Rejected,0.0,136.33,0.0
700629,903196,2024-08-22,Defective/Damaged,Approved,12780.0,158.76,2747.7
700630,903199,2025-01-20,Changed Mind,Approved,1130.0,103.97,175.15
700631,903201,2025-03-11,Not as Described,Approved,1870.0,145.88,303.88
700632,903206,2024-09-15,Not as Described,Approved,2250.0,110.84,405.0
700633,903207,2024-11-25,Not as Described,Approved,2150.0,167.14,349.38
700634,903209,2024-09-20,Defective/Damaged,Approved,3900.0,176.43,663.0
700635,903213,2024-04-20,Not as Described,Approved,12810.0,133.26,2754.15
700636,903216,2025-02-04,Not as Described,Approved,890.0,67.63,137.95
700637,903218,2025-01-15,Not as Described,Approved,6340.0,90.69,570.6
700638,903219,2025-02-10,Changed Mind,Approved,3000.0,164.78,510.0
700639,903223,2024-05-07,Defective/Damaged,Approved,3170.0,73.04,570.6
700640,903228,2025-03-03,Defective/Damaged,Approved,810.0,73.02,125.55
700641,903229,2024-09-22,Defective/Damaged,Approved,810.0,151.71,117.45
700642,903232,2024-08-20,Defective/Damaged,Approved,10800.0,132.64,2322.0
700643,903238,2024-11-11,Size/Fit Issue,Approved,3700.0,77.58,629.0
700644,903242,2024-11-03,Not as Described,Approved,890.0,143.52,137.95
700645,903244,2024-09-11,Defective/Damaged,Approved,3150.0,142.46,567.0
700646,903246,2024-08-14,Not as Described,Approved,13140.0,70.47,2825.1
700647,903250,2024-04-06,Not as Described,Approved,1820.0,62.52,141.05
700648,903252,2024-10-02,Not as Described,Approved,12810.0,170.03,2754.15
700649,903253,2024-09-08,Not as Described,Approved,740.0,146.7,107.3
700650,903257,2024-12-04,Changed Mind,Approved,3700.0,147.21,629.0
700651,903260,2024-07-23,Changed Mind,Approved,3370.0,133.9,572.9
700652,903271,2025-01-25,Defective/Damaged,Rejected,0.0,173.63,0.0
700653,903280,2024-05-10,Not as Described,Approved,2450.0,85.94,441.0
700654,903282,2025-01-25,Defective/Damaged,Approved,38340.0,88.17,2747.7
700655,903284,2024-05-05,Defective/Damaged,Approved,9950.0,91.1,2139.25
700656,903286,2024-11-01,Wrong Item Delivered,Approved,1990.0,164.76,358.2
700657,903294,2024-09-22,Size/Fit Issue,Approved,2150.0,99.43,349.38
700658,903298,2024-09-08,Size/Fit Issue,Approved,3000.0,112.4,510.0
700659,903302,2024-07-19,Size/Fit Issue,Approved,2150.0,142.25,349.38
700660,903304,2025-02-15,Size/Fit Issue,Approved,3740.0,97.07,303.88
700661,903311,2024-05-28,Changed Mind,Approved,740.0,70.03,107.3
700662,903315,2024-08-04,Changed Mind,Approved,410.0,173.49,59.45
700663,903316,2024-11-18,Defective/Damaged,Approved,4500.0,163.5,405.0
700664,903318,2024-07-13,Size/Fit Issue,Approved,1960.0,126.76,318.5
700665,903330,2024-07-26,Not as Described,Approved,820.0,71.52,59.45
700666,903340,2024-12-30,Changed Mind,Approved,890.0,77.57,137.95
700667,903341,2024-09-18,Defective/Damaged,Approved,38340.0,166.53,2747.7
700668,903349,2024-10-30,Changed Mind,Approved,590.0,114.16,85.55
700669,903357,2024-08-24,Defective/Damaged,Rejected,0.0,60.78,0.0
700670,903370,2024-06-11,Changed Mind,Approved,810.0,106.52,125.55
700671,903377,2024-12-12,Changed Mind,Approved,26660.0,74.91,2865.95
700672,903378,2025-03-24,Not as Described,Approved,590.0,79.4,85.55
700673,903379,2024-07-19,Size/Fit Issue,Approved,2150.0,145.5,349.38
700674,903381,2024-10-27,Wrong Item Delivered,Approved,1290.0,92.92,199.95
700675,903392,2024-12-07,Changed Mind,Approved,12780.0,116.27,2747.7
700676,903393,2024-05-25,Changed Mind,Approved,1390.0,102.9,215.45
700677,903397,2024-11-26,Not as Described,Approved,1770.0,127.95,287.62
700678,903413,2024-07-03,Changed Mind,Approved,1990.0,137.49,358.2
700679,903415,2025-03-23,Size/Fit Issue,Approved,3740.0,129.83,635.8
700680,903420,2024-08-15,Size/Fit Issue,Approved,2600.0,170.08,442.0
700681,903422,2024-10-29,Defective/Damaged,Approved,2260.0,170.57,163.85
700682,903425,2025-03-08,Defective/Damaged,Rejected,0.0,98.8,0.0
700683,903454,2024-09-11,Not as Described,Approved,1110.0,98.86,180.38
700684,903457,2024-10-26,Size/Fit Issue,Approved,2370.0,114.57,402.9
700685,903462,2024-08-05,Changed Mind,Approved,810.0,73.67,125.55
700686,903466,2024-10-06,Changed Mind,Approved,2260.0,156.74,175.15
700687,903475,2024-08-20,Size/Fit Issue,Approved,1960.0,136.32,318.5
700688,903491,2024-06-19,Size/Fit Issue,Approved,4740.0,178.64,402.9
700689,903496,2024-09-24,Not as Described,Rejected,0.0,122.03,0.0
700690,903525,2024-12-12,Changed Mind,Rejected,0.0,63.67,0.0
700691,903526,2025-01-22,Changed Mind,Approved,740.0,115.43,107.3
700692,903529,2024-11-14,Changed Mind,Approved,9950.0,131.49,2139.25
700693,903533,2024-11-18,Defective/Damaged,Approved,12810.0,116.55,2754.15
700694,903537,2024-07-10,Changed Mind,Approved,2370.0,112.18,402.9
700695,903543,2025-03-25,Defective/Damaged,Approved,2250.0,102.9,405.0
700696,903545,2025-02-15,Size/Fit Issue,Approved,3370.0,89.53,572.9
700697,903546,2024-11-10,Size/Fit Issue,Approved,2370.0,95.88,402.9
700698,903570,2024-11-01,Better Price Found,Approved,9950.0,76.87,2139.25
700699,903571,2024-07-13,Changed Mind,Approved,3170.0,145.73,570.6
700700,903575,2024-08-30,Not as Described,Approved,3900.0,91.14,663.0
700701,903576,2024-12-14,Changed Mind,Approved,1080.0,121.93,194.4
700702,903578,2024-09-24,Size/Fit Issue,Approved,1510.0,82.8,245.38
700703,903587,2024-11-11,Changed Mind,Approved,590.0,116.02,85.55
700704,903600,2024-11-18,Defective/Damaged,Approved,810.0,175.3,117.45
700705,903605,2024-09-12,Not as Described,Rejected,0.0,166.95,0.0
700706,903609,2025-01-30,Wrong Item Delivered,Rejected,0.0,74.7,0.0
700707,903611,2024-08-22,Defective/Damaged,Rejected,0.0,134.22,0.0
700708,903616,2024-09-18,Defective/Damaged,Approved,970.0,158.27,157.62
700709,903617,2025-02-28,Not as Described,Approved,2160.0,163.78,194.4
700710,903620,2024-06-08,Not as Described,Approved,3150.0,79.52,567.0
700711,903624,2024-07-19,Defective/Damaged,Approved,1080.0,126.98,194.4
700712,903625,2024-04-28,Defective/Damaged,Approved,910.0,141.48,141.05
700713,903639,2024-11-29,Size/Fit Issue,Approved,2600.0,66.38,442.0
700714,903643,2024-06-12,Defective/Damaged,Approved,780.0,96.69,113.1
700715,903644,2025-01-16,Size/Fit Issue,Approved,1110.0,99.1,180.38
700716,903645,2024-12-10,Size/Fit Issue,Approved,1190.0,91.59,193.38
700717,903650,2024-12-16,Not as Described,Approved,3170.0,66.94,570.6
700718,903652,2024-11-16,Changed Mind,Approved,1770.0,95.74,287.62
700719,903656,2024-05-16,Wrong Item Delivered,Approved,890.0,157.67,137.95
700720,903658,2024-11-05,Wrong Item Delivered,Approved,1130.0,154.22,175.15
700721,903659,2024-10-28,Not as Described,Rejected,0.0,177.81,0.0
700722,903662,2024-04-20,Changed Mind,Approved,2550.0,97.57,459.0
700723,903664,2024-09-14,Changed Mind,Approved,810.0,138.83,125.55
700724,903667,2024-06-13,Size/Fit Issue,Approved,1190.0,96.0,193.38
700725,903668,2024-08-17,Defective/Damaged,Approved,7400.0,173.87,629.0
700726,903669,2024-10-13,Wrong Item Delivered,Approved,1560.0,60.09,241.8
700727,903670,2024-05-01,Size/Fit Issue,Approved,2560.0,103.22,435.2
700728,903673,2024-08-23,Size/Fit Issue,Approved,2370.0,95.26,402.9
700729,903674,2025-01-11,Changed Mind,Approved,1510.0,164.06,245.38
700730,903688,2024-05-22,Changed Mind,Approved,3120.0,96.97,241.8
700731,903694,2024-05-17,Size/Fit Issue,Approved,1870.0,76.89,303.88
700732,903695,2025-01-13,Wrong Item Delivered,Rejected,0.0,77.22,0.0
700733,903698,2024-11-08,Not as Described,Approved,3150.0,168.94,567.0
700734,903708,2024-08-04,Defective/Damaged,Rejected,0.0,123.9,0.0
700735,903709,2024-07-28,Not as Described,Approved,2370.0,134.07,402.9
700736,903713,2024-10-04,Changed Mind,Approved,2600.0,126.12,442.0
700737,903716,2024-07-24,Defective/Damaged,Approved,3150.0,152.6,567.0
700738,903722,2024-06-01,Defective/Damaged,Approved,1870.0,163.34,303.88
700739,903728,2025-02-06,Defective/Damaged,Approved,3150.0,175.44,567.0
700740,903737,2024-09-09,Defective/Damaged,Approved,22900.0,131.31,2461.75
700741,903740,2024-10-27,Size/Fit Issue,Approved,2600.0,114.58,442.0
700742,903744,2025-02-14,Size/Fit Issue,Approved,2150.0,151.73,349.38
700743,903750,2025-03-25,Not as Described,Approved,3900.0,65.22,663.0
700744,903751,2024-08-12,Wrong Item Delivered,Approved,2450.0,155.8,441.0
700745,903752,2024-09-21,Not as Described,Approved,590.0,140.42,85.55
700746,903757,2024-10-27,Size/Fit Issue,Approved,1510.0,146.41,245.38
700747,903759,2024-11-22,Size/Fit Issue,Approved,3900.0,105.06,663.0
700748,903760,2024-07-27,Not as Described,Approved,1130.0,158.1,163.85
700749,903769,2024-11-12,Size/Fit Issue,Approved,7480.0,106.74,635.8
700750,903781,2024-09-18,Wrong Item Delivered,Approved,4900.0,108.83,441.0
700751,903804,2025-03-08,Not as Described,Approved,3540.0,61.59,287.62
700752,903810,2024-05-18,Size/Fit Issue,Rejected,0.0,95.62,0.0
700753,903812,2025-01-31,Not as Described,Approved,6300.0,130.15,567.0
700754,903823,2024-05-27,Defective/Damaged,Approved,13140.0,149.06,2825.1
700755,903829,2024-08-17,Changed Mind,Approved,2150.0,74.78,349.38
700756,903842,2025-02-14,Size/Fit Issue,Approved,3000.0,85.16,510.0
700757,903846,2024-10-13,Size/Fit Issue,Approved,2220.0,152.9,180.38
700758,903855,2025-01-26,Wrong Item Delivered,Approved,3150.0,151.06,567.0
700759,903857,2024-06-17,Size/Fit Issue,Approved,2220.0,93.61,180.38
700760,903861,2024-06-07,Defective/Damaged,Approved,2600.0,78.5,442.0
700761,903864,2024-08-01,Changed Mind,Approved,3900.0,178.68,663.0
700762,903869,2024-12-20,Size/Fit Issue,Approved,2150.0,169.54,349.38
700763,903870,2024-09-06,Not as Described,Approved,810.0,71.36,117.45
700764,903887,2025-02-11,Defective/Damaged,Approved,1510.0,159.9,245.38
700765,903889,2024-05-16,Defective/Damaged,Approved,1990.0,125.72,358.2
700766,903926,2025-01-25,Size/Fit Issue,Approved,1770.0,76.06,287.62
700767,903933,2024-09-01,Defective/Damaged,Approved,1290.0,99.61,199.95
700768,903936,2024-12-01,Defective/Damaged,Approved,1130.0,120.7,175.15
700769,903938,2024-08-30,Changed Mind,Approved,2780.0,83.19,215.45
700770,903939,2025-02-12,Size/Fit Issue,Approved,7800.0,163.59,663.0
700771,903953,2024-05-04,Defective/Damaged,Approved,3000.0,137.19,510.0
700772,903964,2024-04-26,Not as Described,Rejected,0.0,72.36,0.0
700773,903973,2025-02-01,Not as Described,Approved,1620.0,179.29,117.45
700774,903984,2024-11-24,Defective/Damaged,Approved,3900.0,99.61,663.0
700775,903987,2024-05-02,Wrong Item Delivered,Approved,1780.0,81.56,137.95
700776,903989,2024-05-02,Defective/Damaged,Approved,2370.0,152.98,402.9
700777,903994,2025-02-01,Defective/Damaged,Approved,1390.0,138.82,215.45
700778,904024,2024-07-16,Not as Described,Approved,1510.0,158.8,245.38
700779,904029,2024-09-05,Defective/Damaged,Approved,1990.0,113.04,358.2
700780,904031,2024-05-10,Wrong Item Delivered,Approved,1080.0,85.99,194.4
700781,904043,2024-10-24,Not as Described,Rejected,0.0,99.69,0.0
700782,904053,2024-12-04,Wrong Item Delivered,Approved,810.0,96.78,125.55
700783,904054,2024-11-29,Not as Described,Approved,1820.0,158.56,141.05
700784,904061,2025-01-04,Not as Described,Approved,2450.0,178.15,441.0
700785,904063,2025-01-07,Defective/Damaged,Approved,1960.0,169.4,318.5
700786,904065,2024-06-19,Defective/Damaged,Approved,1080.0,109.28,194.4
700787,904066,2025-03-14,Size/Fit Issue,Approved,1770.0,141.41,287.62
700788,904068,2024-11-17,Defective/Damaged,Approved,11220.0,86.02,635.8
700789,904070,2024-07-10,Not as Described,Approved,12780.0,179.23,2747.7
700790,904071,2024-08-21,Not as Described,Approved,3900.0,113.27,663.0
700791,904072,2024-08-25,Changed Mind,Approved,2220.0,161.54,107.3
700792,904079,2025-03-21,Defective/Damaged,Approved,3170.0,133.23,570.6
700793,904089,2025-02-02,Not as Described,Approved,1770.0,115.8,287.62
700794,904096,2024-11-20,Defective/Damaged,Approved,6340.0,178.91,570.6
700795,904100,2024-11-30,Size/Fit Issue,Rejected,0.0,139.03,0.0
700796,904109,2024-11-13,Size/Fit Issue,Approved,3700.0,133.51,629.0
700797,904116,2025-01-16,Size/Fit Issue,Approved,3000.0,66.08,510.0
700798,904119,2024-05-02,Not as Described,Approved,1510.0,156.12,245.38
700799,904123,2025-01-26,Defective/Damaged,Approved,3740.0,88.85,635.8
700800,904144,2024-12-05,Size/Fit Issue,Approved,1190.0,163.42,193.38
700801,904146,2025-04-04,Changed Mind,Approved,2220.0,137.81,180.38
700802,904147,2024-11-06,Size/Fit Issue,Approved,7480.0,111.27,635.8
700803,904151,2024-04-17,Not as Described,Approved,1390.0,141.5,215.45
700804,904153,2025-01-27,Defective/Damaged,Approved,1960.0,145.59,318.5
700805,904155,2024-07-29,Not as Described,Approved,1870.0,158.31,303.88
700806,904161,2024-10-18,Changed Mind,Approved,2150.0,78.03,349.38
700807,904163,2024-04-27,Changed Mind,Approved,2150.0,63.88,349.38
700808,904166,2025-03-12,Size/Fit Issue,Approved,2600.0,126.81,442.0
700809,904167,2024-05-02,Defective/Damaged,Approved,910.0,71.22,141.05
700810,904168,2024-09-06,Size/Fit Issue,Rejected,0.0,131.01,0.0
700811,904169,2024-10-16,Defective/Damaged,Approved,2370.0,69.82,402.9
700812,904174,2025-01-02,Size/Fit Issue,Approved,3900.0,102.24,663.0
700813,904175,2025-01-15,Size/Fit Issue,Approved,3900.0,66.54,663.0
700814,904182,2024-10-21,Size/Fit Issue,Rejected,0.0,105.28,0.0
700815,904184,2025-03-08,Defective/Damaged,Approved,2150.0,117.15,349.38
700816,904189,2024-12-02,Size/Fit Issue,Approved,1940.0,157.39,157.62
700817,904197,2025-03-02,Not as Described,Approved,4740.0,105.08,402.9
700818,904201,2024-11-03,Not as Described,Approved,1190.0,122.86,193.38
700819,904226,2024-07-30,Not as Described,Approved,3920.0,149.66,318.5
700820,904227,2025-02-12,Size/Fit Issue,Rejected,0.0,159.47,0.0
700821,904228,2024-11-24,Size/Fit Issue,Approved,1960.0,80.63,318.5
700822,904229,2024-08-01,Changed Mind,Approved,1110.0,175.76,180.38
700823,904239,2024-09-22,Defective/Damaged,Approved,910.0,103.69,141.05
700824,904258,2024-06-30,Size/Fit Issue,Approved,3370.0,60.77,572.9
700825,904265,2024-04-30,Changed Mind,Approved,590.0,106.07,85.55
700826,904274,2024-12-05,Defective/Damaged,Approved,1870.0,61.93,303.88
700827,904278,2024-11-01,Not as Described,Approved,970.0,118.82,157.62
700828,904283,2025-01-22,Better Price Found,Approved,12780.0,130.06,2747.7
700829,904284,2025-02-17,Size/Fit Issue,Approved,1190.0,130.25,193.38
700830,904294,2025-01-24,Changed Mind,Approved,2450.0,165.55,441.0
700831,904295,2025-01-20,Not as Described,Rejected,0.0,141.27,0.0
700832,904296,2025-02-04,Size/Fit Issue,Approved,1190.0,68.91,193.38
700833,904297,2025-03-01,Size/Fit Issue,Approved,3740.0,133.14,635.8
700834,904299,2024-06-13,Changed Mind,Approved,1560.0,112.38,241.8
700835,904303,2024-05-19,Not as Described,Approved,2260.0,125.56,163.85
700836,904316,2024-11-06,Defective/Damaged,Approved,2450.0,83.63,441.0
700837,904318,2024-11-20,Not as Described,Approved,1560.0,108.69,241.8
700838,904330,2024-11-22,Changed Mind,Approved,1990.0,130.88,358.2
700839,904337,2024-10-13,Changed Mind,Approved,5120.0,82.24,435.2
700840,904342,2024-12-12,Size/Fit Issue,Approved,6740.0,135.1,572.9
700841,904344,2024-05-04,Not as Described,Approved,3170.0,109.36,570.6
700842,904346,2024-04-17,Not as Described,Approved,3000.0,125.16,510.0
700843,904347,2024-09-02,Not as Described,Approved,1190.0,87.72,193.38
700844,904349,2024-08-12,Not as Described,Approved,1510.0,105.97,245.38
700845,904350,2024-12-09,Changed Mind,Rejected,0.0,114.03,0.0
700846,904353,2024-11-21,Defective/Damaged,Approved,810.0,79.16,125.55
700847,904355,2024-12-17,Changed Mind,Approved,890.0,131.44,137.95
700848,904362,2024-11-19,Changed Mind,Approved,1820.0,74.97,141.05
700849,904371,2024-11-09,Defective/Damaged,Approved,540.0,128.6,78.3
700850,904372,2024-10-15,Changed Mind,Approved,13790.0,126.94,2964.85
700851,904377,2024-06-02,Defective/Damaged,Approved,1560.0,95.56,241.8
700852,904379,2024-04-20,Changed Mind,Approved,1020.0,161.13,73.95
700853,904383,2024-10-26,Not as Described,Approved,1990.0,96.43,358.2
700854,904388,2025-04-04,Not as Described,Approved,3740.0,163.14,635.8
700855,904393,2025-03-27,Changed Mind,Approved,4680.0,107.03,241.8
700856,904399,2024-05-17,Wrong Item Delivered,Approved,1290.0,146.54,199.95
700857,904413,2024-07-28,Changed Mind,Approved,2600.0,156.05,442.0
700858,904435,2024-05-28,Changed Mind,Approved,740.0,118.17,107.3
700859,904438,2025-02-02,Changed Mind,Approved,3540.0,172.08,287.62
700860,904442,2024-11-29,Size/Fit Issue,Approved,3000.0,72.94,510.0
700861,904444,2024-04-22,Changed Mind,Approved,1990.0,140.72,358.2
700862,904447,2025-01-19,Changed Mind,Approved,3700.0,79.74,629.0
700863,904448,2024-11-03,Size/Fit Issue,Approved,2560.0,111.25,435.2
700864,904459,2024-04-24,Size/Fit Issue,Approved,1510.0,63.43,245.38
700865,904467,2024-05-23,Changed Mind,Approved,1180.0,66.0,85.55
700866,904472,2024-06-02,Size/Fit Issue,Approved,3900.0,77.27,663.0
700867,904481,2024-10-17,Changed Mind,Approved,510.0,142.67,73.95
700868,904495,2024-08-19,Defective/Damaged,Approved,510.0,122.57,73.95
700869,904500,2024-11-03,Defective/Damaged,Approved,1510.0,158.9,245.38
700870,904504,2024-10-18,Not as Described,Approved,2150.0,132.51,349.38
700871,904506,2024-08-26,Size/Fit Issue,Approved,3370.0,149.42,572.9
700872,904511,2024-09-05,Defective/Damaged,Rejected,0.0,163.37,0.0
700873,904514,2024-09-30,Changed Mind,Approved,1870.0,63.61,303.88
700874,904525,2024-10-14,Not as Described,Approved,410.0,101.36,59.45
700875,904539,2025-03-01,Changed Mind,Approved,780.0,153.17,113.1
700876,904544,2024-04-26,Changed Mind,Approved,1130.0,65.62,163.85
700877,904551,2024-08-08,Size/Fit Issue,Approved,3700.0,109.05,629.0
700878,904552,2024-11-17,Changed Mind,Approved,810.0,83.77,125.55
700879,904553,2024-04-16,Defective/Damaged,Rejected,0.0,138.41,0.0
700880,904567,2025-02-22,Defective/Damaged,Approved,10800.0,95.29,2322.0
700881,904572,2024-07-31,Wrong Item Delivered,Rejected,0.0,160.87,0.0
700882,904577,2024-09-07,Not as Described,Approved,1960.0,76.95,318.5
700883,904579,2024-11-27,Changed Mind,Rejected,0.0,94.31,0.0
700884,904588,2024-11-11,Wrong Item Delivered,Approved,1130.0,174.45,175.15
700885,904594,2024-09-05,Changed Mind,Approved,1110.0,117.09,180.38
700886,904595,2025-02-11,Size/Fit Issue,Approved,6740.0,105.25,572.9
700887,904597,2024-09-14,Defective/Damaged,Approved,12810.0,112.68,2754.15
700888,904609,2024-07-31,Changed Mind,Approved,3170.0,111.29,570.6
700889,904612,2024-10-26,Changed Mind,Rejected,0.0,95.03,0.0
700890,904621,2025-03-19,Changed Mind,Approved,1320.0,109.81,204.6
700891,904626,2024-05-18,Better Price Found,Rejected,0.0,107.77,0.0
700892,904635,2024-06-16,Size/Fit Issue,Approved,2560.0,143.43,435.2
700893,904645,2024-07-25,Not as Described,Approved,1390.0,71.8,215.45
700894,904651,2024-05-24,Changed Mind,Approved,1080.0,143.29,194.4
700895,904661,2025-02-11,Size/Fit Issue,Approved,1770.0,165.18,287.62
700896,904676,2024-09-14,Not as Described,Approved,1480.0,75.53,107.3
700897,904686,2024-06-01,Size/Fit Issue,Approved,6740.0,100.19,572.9
700898,904691,2024-04-25,Changed Mind,Approved,41370.0,95.9,2964.85
700899,904703,2024-09-20,Not as Described,Approved,1990.0,162.22,358.2
700900,904704,2024-06-13,Not as Described,Approved,780.0,109.84,113.1
700901,904717,2024-07-04,Size/Fit Issue,Approved,1190.0,166.9,193.38
700902,904728,2024-08-03,Defective/Damaged,Approved,2260.0,150.91,163.85
700903,904731,2024-07-21,Size/Fit Issue,Approved,1110.0,87.83,180.38
700904,904733,2025-01-04,Wrong Item Delivered,Approved,910.0,69.28,141.05
700905,904735,2024-10-17,Defective/Damaged,Approved,1130.0,73.43,163.85
700906,904736,2024-09-11,Changed Mind,Approved,3370.0,93.76,572.9
700907,904738,2025-02-28,Not as Described,Approved,3900.0,81.35,663.0
700908,904741,2024-05-26,Defective/Damaged,Approved,1740.0,65.07,313.2
700909,904750,2024-11-05,Not as Described,Approved,1870.0,82.33,303.88
700910,904752,2024-08-25,Not as Described,Approved,3390.0,118.35,163.85
700911,904753,2024-08-07,Not as Described,Approved,1390.0,175.93,215.45
700912,904754,2024-06-09,Defective/Damaged,Approved,1510.0,71.53,245.38
700913,904756,2024-04-12,Changed Mind,Approved,1290.0,171.43,199.95
700914,904758,2025-02-01,Changed Mind,Approved,10110.0,85.34,572.9
700915,904765,2024-12-13,Size/Fit Issue,Approved,1940.0,145.69,157.62
700916,904773,2024-06-13,Defective/Damaged,Approved,2250.0,79.88,405.0
700917,904787,2024-04-19,Size/Fit Issue,Approved,1770.0,92.01,287.62
700918,904794,2024-10-20,Defective/Damaged,Approved,3170.0,64.07,570.6
700919,904805,2025-03-21,Changed Mind,Approved,1130.0,141.9,175.15
700920,904813,2024-09-25,Size/Fit Issue,Approved,2560.0,103.79,435.2
700921,904818,2024-09-13,Not as Described,Approved,1320.0,127.02,204.6
700922,904822,2024-05-20,Not as Described,Approved,1110.0,146.17,180.38
700923,904825,2024-05-14,Not as Described,Approved,1190.0,96.46,193.38
700924,904826,2024-09-18,Not as Described,Approved,1990.0,105.72,358.2
700925,904828,2025-01-25,Changed Mind,Approved,810.0,93.81,125.55
700926,904837,2024-04-16,Defective/Damaged,Approved,2450.0,75.44,441.0
700927,904844,2024-10-27,Defective/Damaged,Approved,10800.0,95.41,2322.0
700928,904850,2024-09-24,Not as Described,Approved,1390.0,177.68,215.45
700929,904852,2025-03-24,Defective/Damaged,Approved,9950.0,76.53,2139.25
700930,904854,2024-08-28,Size/Fit Issue,Approved,1110.0,119.32,180.38
700931,904856,2024-09-02,Not as Described,Approved,2380.0,174.38,193.38
700932,904859,2024-12-31,Size/Fit Issue,Approved,970.0,146.22,157.62
700933,904860,2024-10-19,Defective/Damaged,Approved,780.0,107.71,113.1
700934,904876,2024-05-02,Not as Described,Approved,1130.0,126.9,163.85
700935,904887,2025-01-12,Size/Fit Issue,Approved,11220.0,161.19,635.8
700936,904894,2024-06-15,Changed Mind,Approved,5220.0,157.3,313.2
700937,904898,2024-07-22,Defective/Damaged,Rejected,0.0,154.05,0.0
700938,904904,2024-08-30,Size/Fit Issue,Approved,3740.0,144.45,635.8
700939,904911,2024-12-11,Not as Described,Approved,1190.0,163.33,193.38
700940,904912,2024-12-27,Changed Mind,Approved,3700.0,94.35,629.0
700941,904924,2024-06-07,Wrong Item Delivered,Approved,1320.0,74.63,204.6
700942,904929,2024-06-30,Not as Described,Approved,810.0,151.98,125.55
700943,904934,2025-02-05,Defective/Damaged,Approved,3370.0,74.19,572.9
700944,904935,2025-01-15,Size/Fit Issue,Approved,1510.0,174.57,245.38
700945,904936,2024-08-17,Not as Described,Approved,970.0,146.26,157.62
700946,904939,2024-06-06,Not as Described,Approved,1770.0,96.09,287.62
700947,904941,2024-05-05,Defective/Damaged,Approved,5120.0,147.26,435.2
700948,904951,2024-06-29,Changed Mind,Approved,4740.0,141.79,402.9
700949,904954,2024-08-24,Changed Mind,Approved,3150.0,79.54,567.0
700950,904960,2025-04-04,Defective/Damaged,Approved,10800.0,127.7,2322.0
700951,904961,2024-04-25,Size/Fit Issue,Approved,3740.0,139.63,635.8
700952,904966,2024-07-17,Size/Fit Issue,Approved,2150.0,119.57,349.38
700953,904967,2024-06-06,Size/Fit Issue,Approved,3000.0,159.48,510.0
700954,904971,2024-12-15,Changed Mind,Approved,1960.0,94.44,318.5
700955,904973,2024-10-21,Size/Fit Issue,Approved,7800.0,163.25,663.0
700956,904974,2024-07-24,Not as Described,Approved,1770.0,61.06,287.62
700957,904976,2025-01-08,Defective/Damaged,Rejected,0.0,132.25,0.0
700958,904977,2025-01-09,Not as Described,Approved,740.0,67.35,107.3
700959,904979,2024-10-17,Not as Described,Rejected,0.0,176.47,0.0
700960,904982,2024-04-28,Not as Described,Rejected,0.0,138.46,0.0
700961,904984,2024-07-08,Not as Described,Approved,9950.0,121.48,2139.25
700962,904985,2025-03-03,Changed Mind,Approved,910.0,136.89,141.05
700963,904994,2024-12-04,Size/Fit Issue,Approved,3370.0,77.92,572.9
700964,904995,2024-06-23,Defective/Damaged,Approved,11450.0,118.6,2461.75
700965,905000,2024-12-19,Defective/Damaged,Approved,26660.0,179.26,2865.95
700966,905010,2024-12-06,Size/Fit Issue,Approved,1960.0,83.92,318.5
700967,905013,2024-07-03,Better Price Found,Approved,13330.0,98.75,2865.95
700968,905019,2024-06-20,Changed Mind,Approved,740.0,146.46,107.3
700969,905022,2024-12-31,Changed Mind,Approved,1870.0,88.51,303.88
700970,905023,2024-05-25,Changed Mind,Approved,1560.0,88.47,241.8
700971,905025,2024-10-09,Not as Described,Approved,970.0,113.11,157.62
700972,905028,2024-12-10,Size/Fit Issue,Approved,1190.0,168.22,193.38
700973,905033,2025-02-19,Not as Described,Approved,1320.0,124.25,204.6
700974,905034,2025-03-23,Size/Fit Issue,Approved,3000.0,105.16,510.0
700975,905035,2024-06-16,Defective/Damaged,Approved,1190.0,131.87,193.38
700976,905040,2024-07-21,Size/Fit Issue,Approved,3370.0,173.4,572.9
700977,905046,2024-06-04,Defective/Damaged,Rejected,0.0,134.85,0.0
700978,905047,2024-08-24,Not as Described,Approved,2250.0,117.38,405.0
700979,905050,2024-07-28,Wrong Item Delivered,Approved,4900.0,147.13,441.0
700980,905062,2024-06-02,Size/Fit Issue,Approved,1190.0,138.55,193.38
700981,905068,2024-09-14,Defective/Damaged,Approved,3370.0,80.67,572.9
700982,905069,2025-02-08,Not as Described,Approved,1320.0,141.87,204.6
700983,905075,2024-10-30,Changed Mind,Rejected,0.0,85.89,0.0
700984,905076,2024-11-22,Not as Described,Approved,1620.0,137.31,117.45
700985,905082,2024-08-07,Not as Described,Approved,1770.0,88.2,287.62
700986,905084,2024-10-12,Not as Described,Approved,1870.0,176.7,303.88
700987,905086,2024-07-06,Size/Fit Issue,Approved,2380.0,127.95,193.38
700988,905087,2025-03-15,Changed Mind,Approved,1820.0,61.29,141.05
700989,905091,2024-10-27,Not as Described,Approved,810.0,81.18,125.55
700990,905095,2024-04-17,Size/Fit Issue,Approved,2560.0,77.35,435.2
700991,905116,2024-04-18,Not as Described,Approved,1770.0,69.71,287.62
700992,905119,2025-02-24,Defective/Damaged,Approved,11450.0,170.14,2461.75
700993,905120,2025-02-02,Size/Fit Issue,Approved,1770.0,72.52,287.62
700994,905123,2024-11-06,Changed Mind,Approved,2250.0,161.54,405.0
700995,905129,2024-12-29,Changed Mind,Approved,1230.0,61.79,59.45
700996,905130,2024-12-24,Changed Mind,Approved,1560.0,71.89,241.8
700997,905133,2025-02-01,Changed Mind,Approved,2260.0,168.03,163.85
700998,905136,2025-01-28,Size/Fit Issue,Rejected,0.0,135.46,0.0
700999,905139,2024-07-26,Size/Fit Issue,Approved,1190.0,87.21,193.38
701000,905143,2024-10-02,Wrong Item Delivered,Approved,2450.0,173.3,441.0
701001,905148,2025-01-14,Size/Fit Issue,Rejected,0.0,68.43,0.0
701002,905151,2024-08-15,Not as Described,Rejected,0.0,71.61,0.0
701003,905152,2025-01-27,Not as Described,Approved,1080.0,102.79,194.4
701004,905155,2025-03-29,Size/Fit Issue,Approved,1110.0,62.96,180.38
701005,905164,2025-02-08,Changed Mind,Approved,3170.0,154.22,570.6
701006,905169,2024-09-17,Size/Fit Issue,Rejected,0.0,99.84,0.0
701007,905171,2024-10-04,Not as Described,Approved,540.0,115.58,78.3
701008,905208,2024-10-05,Changed Mind,Rejected,0.0,141.07,0.0
701009,905210,2025-03-15,Defective/Damaged,Approved,510.0,78.89,73.95
701010,905212,2024-04-10,Size/Fit Issue,Approved,2600.0,87.05,442.0
701011,905236,2024-07-25,Defective/Damaged,Approved,25620.0,63.32,2754.15
701012,905238,2024-12-13,Not as Described,Approved,3700.0,172.5,629.0
701013,905244,2024-05-18,Size/Fit Issue,Rejected,0.0,113.17,0.0
701014,905246,2025-01-24,Defective/Damaged,Approved,12780.0,83.27,2747.7
701015,905250,2024-12-12,Size/Fit Issue,Rejected,0.0,97.06,0.0
701016,905254,2024-08-01,Defective/Damaged,Approved,13790.0,149.73,2964.85
701017,905260,2024-12-06,Defective/Damaged,Approved,11450.0,126.04,2461.75
701018,905264,2024-05-02,Changed Mind,Approved,1110.0,65.15,180.38
701019,905282,2025-04-02,Not as Described,Approved,10800.0,62.05,2322.0
701020,905287,2025-01-01,Wrong Item Delivered,Approved,1390.0,142.04,215.45
701021,905290,2025-04-04,Changed Mind,Approved,1080.0,97.18,194.4
701022,905301,2024-09-14,Defective/Damaged,Approved,810.0,98.03,117.45
701023,905303,2024-05-30,Not as Described,Approved,2150.0,82.23,349.38
701024,905311,2024-07-20,Defective/Damaged,Approved,3700.0,148.81,629.0
701025,905316,2025-03-21,Size/Fit Issue,Approved,3900.0,78.25,663.0
701026,905319,2025-04-06,Changed Mind,Approved,970.0,161.14,157.62
701027,905325,2024-10-01,Defective/Damaged,Approved,1510.0,145.76,245.38
701028,905327,2024-10-22,Changed Mind,Approved,10800.0,86.19,2322.0
701029,905335,2024-07-20,Changed Mind,Approved,890.0,73.47,137.95
701030,905336,2025-03-18,Not as Described,Approved,3700.0,118.31,629.0
701031,905340,2025-01-22,Not as Described,Approved,2550.0,119.11,459.0
701032,905342,2025-03-16,Not as Described,Approved,12810.0,104.19,2754.15
701033,905347,2025-01-10,Changed Mind,Approved,12780.0,148.62,2747.7
701034,905356,2024-06-17,Not as Described,Approved,1960.0,128.53,318.5
701035,905369,2025-03-14,Not as Described,Approved,810.0,108.48,117.45
701036,905373,2024-07-18,Not as Described,Approved,1290.0,80.67,199.95
701037,905374,2024-07-26,Defective/Damaged,Approved,2450.0,78.42,441.0
701038,905377,2024-12-03,Changed Mind,Approved,1960.0,107.57,318.5
701039,905381,2024-07-03,Wrong Item Delivered,Approved,1320.0,86.11,204.6
701040,905382,2025-01-08,Wrong Item Delivered,Approved,1130.0,156.42,175.15
701041,905392,2024-06-20,Not as Described,Approved,2220.0,117.28,180.38
701042,905395,2024-07-10,Not as Described,Approved,1560.0,95.22,113.1
701043,905407,2024-07-23,Size/Fit Issue,Approved,970.0,128.43,157.62
701044,905410,2024-06-21,Not as Described,Approved,410.0,96.82,59.45
701045,905423,2024-09-18,Size/Fit Issue,Approved,1510.0,65.13,245.38
701046,905426,2024-08-11,Size/Fit Issue,Approved,3370.0,68.53,572.9
701047,905430,2024-05-31,Defective/Damaged,Approved,9950.0,171.79,2139.25
701048,905442,2024-09-16,Changed Mind,Approved,1190.0,95.76,193.38
701049,905466,2024-05-13,Size/Fit Issue,Approved,3370.0,88.57,572.9
701050,905468,2024-09-21,Not as Described,Approved,410.0,172.06,59.45
701051,905475,2024-10-12,Changed Mind,Approved,740.0,89.0,107.3
701052,905482,2025-01-31,Size/Fit Issue,Approved,2560.0,127.85,435.2
701053,905489,2024-04-29,Size/Fit Issue,Approved,1770.0,98.69,287.62
701054,905494,2025-02-23,Wrong Item Delivered,Approved,890.0,133.17,137.95
701055,905506,2024-08-25,Defective/Damaged,Approved,12780.0,66.32,2747.7
701056,905507,2024-05-18,Defective/Damaged,Approved,12780.0,118.28,2747.7
701057,905509,2024-06-14,Size/Fit Issue,Approved,7400.0,66.17,629.0
701058,905519,2024-07-23,Wrong Item Delivered,Approved,1990.0,135.16,358.2
701059,905521,2024-09-28,Changed Mind,Approved,410.0,125.24,59.45
701060,905527,2024-05-29,Size/Fit Issue,Approved,2150.0,69.52,349.38
701061,905539,2024-04-29,Not as Described,Approved,3170.0,114.01,570.6
701062,905554,2025-04-01,Size/Fit Issue,Approved,3900.0,61.4,663.0
701063,905576,2024-09-20,Not as Described,Approved,26280.0,151.75,2825.1
701064,905578,2025-01-15,Defective/Damaged,Approved,9450.0,82.7,567.0
701065,905593,2024-09-08,Size/Fit Issue,Approved,7400.0,173.04,629.0
701066,905594,2024-07-27,Changed Mind,Approved,2250.0,169.55,405.0
701067,905598,2024-07-21,Size/Fit Issue,Approved,1510.0,172.36,245.38
701068,905606,2024-08-30,Size/Fit Issue,Approved,2370.0,111.74,402.9
701069,905622,2024-08-09,Size/Fit Issue,Approved,7400.0,80.27,629.0
701070,905627,2025-03-04,Changed Mind,Approved,1620.0,133.23,78.3
701071,905630,2024-07-05,Size/Fit Issue,Rejected,0.0,179.63,0.0
701072,905635,2025-02-08,Defective/Damaged,Approved,9000.0,91.16,510.0
701073,905654,2024-07-18,Wrong Item Delivered,Approved,1990.0,166.17,358.2
701074,905657,2025-02-24,Not as Described,Approved,410.0,81.84,59.45
701075,905660,2024-06-01,Changed Mind,Approved,1510.0,68.97,245.38
701076,905674,2024-08-14,Defective/Damaged,Approved,13790.0,75.2,2964.85
701077,905695,2025-03-27,Size/Fit Issue,Approved,3740.0,64.08,635.8
701078,905699,2025-04-08,Not as Described,Approved,5970.0,88.52,358.2
701079,905703,2025-02-11,Size/Fit Issue,Approved,3370.0,99.44,572.9
701080,905708,2025-02-03,Defective/Damaged,Approved,13330.0,166.3,2865.95
701081,905712,2024-05-13,Defective/Damaged,Approved,2450.0,80.97,441.0
701082,905714,2024-12-02,Changed Mind,Approved,3000.0,123.3,510.0
701083,905723,2024-12-29,Not as Described,Approved,910.0,71.1,141.05
701084,905727,2024-05-30,Not as Described,Approved,780.0,108.1,113.1
701085,905729,2024-11-18,Changed Mind,Approved,4900.0,174.13,441.0
701086,905735,2024-06-01,Size/Fit Issue,Rejected,0.0,174.36,0.0
701087,905737,2025-03-13,Size/Fit Issue,Approved,1110.0,156.74,180.38
701088,905739,2025-03-19,Changed Mind,Approved,13140.0,154.84,2825.1
701089,905741,2024-05-24,Changed Mind,Approved,1560.0,168.79,113.1
701090,905743,2024-05-09,Size/Fit Issue,Approved,1510.0,95.86,245.38
701091,905750,2025-03-22,Changed Mind,Approved,1870.0,152.49,303.88
701092,905756,2024-05-27,Size/Fit Issue,Approved,1960.0,142.24,318.5
701093,905762,2024-05-08,Not as Described,Approved,2150.0,63.62,349.38
701094,905768,2024-10-13,Better Price Found,Approved,13790.0,159.81,2964.85
701095,905772,2024-12-15,Size/Fit Issue,Approved,1190.0,163.32,193.38
701096,905787,2024-10-09,Defective/Damaged,Approved,2450.0,111.84,441.0
701097,905791,2024-06-28,Size/Fit Issue,Approved,4740.0,106.19,402.9
701098,905796,2024-12-03,Wrong Item Delivered,Rejected,0.0,74.65,0.0
701099,905797,2025-01-17,Defective/Damaged,Approved,2150.0,161.99,349.38
701100,905798,2024-12-05,Not as Described,Rejected,0.0,80.27,0.0
701101,905803,2024-08-16,Not as Described,Approved,3370.0,172.94,572.9
701102,905806,2025-03-14,Changed Mind,Approved,510.0,179.08,73.95
701103,905812,2025-01-11,Wrong Item Delivered,Approved,1290.0,62.85,199.95
701104,905813,2024-05-08,Size/Fit Issue,Approved,6450.0,99.32,349.38
701105,905821,2024-10-17,Defective/Damaged,Approved,10800.0,158.41,2322.0
701106,905823,2024-06-13,Size/Fit Issue,Approved,1960.0,166.94,318.5
701107,905825,2025-04-07,Size/Fit Issue,Approved,3000.0,107.17,510.0
701108,905828,2024-11-17,Defective/Damaged,Approved,2550.0,162.18,459.0
701109,905830,2024-07-09,Changed Mind,Approved,3150.0,92.0,567.0
701110,905837,2024-07-24,Changed Mind,Approved,3540.0,132.76,287.62
701111,905839,2024-12-13,Not as Described,Approved,3740.0,165.91,635.8
701112,905845,2024-06-19,Not as Described,Approved,3000.0,177.7,510.0
701113,905848,2024-09-18,Changed Mind,Approved,13330.0,142.21,2865.95
701114,905850,2025-01-16,Defective/Damaged,Approved,3700.0,162.6,629.0
701115,905866,2024-04-28,Not as Described,Rejected,0.0,130.94,0.0
701116,905873,2024-08-27,Not as Described,Approved,970.0,72.05,157.62
701117,905877,2024-07-13,Not as Described,Approved,1130.0,78.88,175.15
701118,905880,2025-02-12,Changed Mind,Approved,3170.0,137.94,570.6
701119,905882,2024-11-23,Size/Fit Issue,Approved,1870.0,86.85,303.88
701120,905885,2024-12-21,Not as Described,Approved,410.0,157.56,59.45
701121,905886,2025-02-02,Defective/Damaged,Approved,3020.0,141.02,245.38
701122,905887,2024-09-12,Changed Mind,Approved,1390.0,91.45,215.45
701123,905888,2025-02-08,Size/Fit Issue,Approved,1510.0,89.69,245.38
701124,905892,2024-08-01,Defective/Damaged,Approved,1130.0,163.27,175.15
701125,905897,2024-07-03,Size/Fit Issue,Approved,3740.0,168.5,635.8
701126,905899,2024-11-28,Not as Described,Approved,540.0,161.36,78.3
701127,905913,2024-06-29,Not as Described,Approved,1960.0,151.27,318.5
701128,905917,2024-08-05,Not as Described,Approved,2550.0,105.8,459.0
701129,905918,2024-08-20,Not as Described,Approved,2560.0,171.53,435.2
701130,905919,2025-01-28,Defective/Damaged,Approved,2600.0,70.2,442.0
701131,905921,2025-03-19,Not as Described,Approved,1780.0,147.77,137.95
701132,905924,2024-07-29,Size/Fit Issue,Approved,1510.0,109.36,245.38
701133,905931,2025-01-02,Not as Described,Approved,1740.0,125.35,313.2
701134,905941,2025-03-27,Defective/Damaged,Approved,590.0,83.82,85.55
701135,905946,2025-03-25,Changed Mind,Approved,780.0,94.84,113.1
701136,905954,2024-09-14,Defective/Damaged,Approved,2250.0,96.8,405.0
701137,905967,2024-11-25,Size/Fit Issue,Approved,2370.0,115.61,402.9
701138,905970,2025-01-23,Size/Fit Issue,Approved,2600.0,155.1,442.0
701139,905973,2025-02-21,Size/Fit Issue,Approved,4530.0,156.88,245.38
701140,905978,2025-01-30,Size/Fit Issue,Approved,1870.0,133.09,303.88
701141,905979,2024-06-28,Size/Fit Issue,Approved,1960.0,108.95,318.5
701142,905982,2024-10-25,Changed Mind,Approved,1510.0,108.33,245.38
701143,905985,2024-10-05,Size/Fit Issue,Approved,1870.0,137.18,303.88
701144,905987,2024-10-06,Defective/Damaged,Approved,12810.0,166.75,2754.15
701145,905997,2024-12-29,Not as Described,Approved,5100.0,96.74,459.0
701146,906017,2025-01-10,Changed Mind,Approved,3170.0,117.38,570.6
701147,906018,2024-11-09,Changed Mind,Approved,2450.0,102.15,441.0
701148,906020,2024-12-09,Defective/Damaged,Approved,1560.0,126.23,113.1
701149,906025,2024-10-09,Not as Described,Approved,2450.0,165.08,441.0
701150,906028,2024-11-22,Defective/Damaged,Approved,9950.0,104.15,2139.25
701151,906034,2024-08-01,Size/Fit Issue,Approved,2370.0,113.03,402.9
701152,906037,2024-09-12,Not as Described,Approved,1740.0,82.7,313.2
701153,906048,2024-10-03,Changed Mind,Approved,3740.0,168.81,303.88
701154,906051,2025-03-23,Size/Fit Issue,Approved,3700.0,171.82,629.0
701155,906053,2025-02-08,Size/Fit Issue,Approved,5120.0,134.33,435.2
701156,906061,2024-10-30,Changed Mind,Approved,540.0,83.65,78.3
701157,906062,2024-06-10,Not as Described,Approved,2250.0,145.65,405.0
701158,906065,2025-02-16,Size/Fit Issue,Approved,1870.0,121.8,303.88
701159,906084,2024-10-04,Changed Mind,Approved,13790.0,104.39,2964.85
701160,906085,2025-01-26,Not as Described,Approved,2580.0,162.57,199.95
701161,906096,2024-06-01,Size/Fit Issue,Approved,3700.0,80.75,629.0
701162,906113,2025-02-01,Changed Mind,Approved,2250.0,78.06,405.0
701163,906121,2024-10-08,Changed Mind,Approved,510.0,116.06,73.95
701164,906143,2025-04-09,Wrong Item Delivered,Rejected,0.0,97.47,0.0
701165,906144,2024-07-08,Not as Described,Approved,890.0,141.27,137.95
701166,906148,2025-02-13,Size/Fit Issue,Approved,7480.0,104.93,635.8
701167,906152,2025-02-27,Defective/Damaged,Approved,13140.0,167.92,2825.1
701168,906154,2024-10-12,Changed Mind,Approved,1290.0,74.82,199.95
701169,906156,2024-12-17,Not as Described,Approved,890.0,86.29,137.95
701170,906161,2024-05-13,Size/Fit Issue,Approved,1110.0,140.31,180.38
701171,906165,2024-05-18,Not as Described,Approved,590.0,118.79,85.55
701172,906166,2025-01-15,Changed Mind,Approved,1320.0,85.8,204.6
701173,906181,2024-12-18,Changed Mind,Approved,2560.0,134.82,435.2
701174,906182,2025-03-04,Size/Fit Issue,Approved,3900.0,73.96,663.0
701175,906186,2024-07-11,Changed Mind,Approved,1560.0,176.53,241.8
701176,906189,2025-04-15,Not as Described,Approved,590.0,107.4,85.55
701177,906194,2025-02-17,Changed Mind,Approved,3980.0,83.0,358.2
701178,906198,2024-11-09,Not as Described,Approved,1960.0,177.01,318.5
701179,906209,2025-02-17,Changed Mind,Approved,1870.0,148.67,303.88
701180,906221,2024-10-22,Not as Described,Approved,5100.0,85.19,459.0
701181,906223,2025-02-28,Size/Fit Issue,Approved,7800.0,167.31,663.0
701182,906224,2024-11-15,Not as Described,Approved,2380.0,117.21,193.38
701183,906225,2024-05-10,Size/Fit Issue,Approved,1510.0,95.97,245.38
701184,906233,2025-03-25,Not as Described,Approved,780.0,161.18,113.1
701185,906238,2024-09-10,Changed Mind,Rejected,0.0,67.66,0.0
701186,906242,2024-06-08,Not as Described,Approved,1870.0,112.65,303.88
701187,906245,2024-10-03,Wrong Item Delivered,Approved,2250.0,75.96,405.0
701188,906253,2024-11-06,Not as Described,Approved,5610.0,108.08,303.88
701189,906257,2024-09-29,Defective/Damaged,Approved,3150.0,146.15,567.0
701190,906259,2024-06-25,Size/Fit Issue,Approved,1510.0,108.28,245.38
701191,906262,2025-02-10,Not as Described,Approved,1110.0,85.64,180.38
701192,906265,2024-09-26,Not as Described,Approved,1180.0,159.51,85.55
701193,906282,2024-05-12,Changed Mind,Approved,3170.0,132.2,570.6
701194,906283,2024-08-07,Defective/Damaged,Approved,13330.0,148.16,2865.95
701195,906284,2025-02-10,Size/Fit Issue,Approved,1110.0,169.76,180.38
701196,906294,2025-02-16,Defective/Damaged,Approved,3370.0,143.26,572.9
701197,906297,2024-12-12,Changed Mind,Approved,2600.0,73.53,442.0
701198,906299,2024-12-07,Not as Described,Approved,2370.0,110.75,402.9
701199,906300,2025-01-12,Changed Mind,Approved,910.0,78.27,141.05
701200,906301,2024-11-08,Size/Fit Issue,Approved,2600.0,60.52,442.0
701201,906307,2024-07-20,Wrong Item Delivered,Approved,3150.0,90.84,567.0
701202,906312,2024-07-26,Changed Mind,Rejected,0.0,152.39,0.0
701203,906325,2024-05-24,Defective/Damaged,Approved,910.0,172.38,141.05
701204,906336,2024-07-27,Defective/Damaged,Approved,2250.0,111.28,405.0
701205,906337,2024-07-05,Defective/Damaged,Approved,13790.0,154.45,2964.85
701206,906342,2024-12-11,Wrong Item Delivered,Approved,1560.0,145.47,241.8
701207,906343,2024-06-02,Size/Fit Issue,Approved,3900.0,160.56,663.0
701208,906350,2024-12-14,Size/Fit Issue,Approved,3900.0,103.76,663.0
701209,906351,2024-11-19,Changed Mind,Approved,3120.0,91.68,241.8
701210,906357,2024-04-16,Size/Fit Issue,Rejected,0.0,179.18,0.0
701211,906360,2024-11-13,Size/Fit Issue,Approved,1510.0,126.14,245.38
701212,906361,2025-01-24,Size/Fit Issue,Approved,3370.0,65.44,572.9
701213,906364,2024-12-25,Size/Fit Issue,Approved,1510.0,79.44,245.38
701214,906368,2024-10-22,Defective/Damaged,Approved,2150.0,98.46,349.38
701215,906382,2024-11-21,Changed Mind,Approved,1960.0,82.31,318.5
701216,906387,2024-04-21,Defective/Damaged,Rejected,0.0,130.12,0.0
701217,906399,2024-12-27,Size/Fit Issue,Approved,3000.0,71.68,510.0
701218,906402,2024-05-23,Size/Fit Issue,Approved,1940.0,75.16,157.62
701219,906405,2025-02-04,Wrong Item Delivered,Approved,1390.0,143.42,215.45
701220,906414,2024-12-22,Not as Described,Approved,970.0,89.61,157.62
701221,906416,2024-06-09,Defective/Damaged,Approved,1190.0,168.01,193.38
701222,906420,2024-06-11,Not as Described,Approved,910.0,159.86,141.05
701223,906423,2025-03-14,Changed Mind,Approved,1130.0,129.5,175.15
701224,906433,2024-11-19,Defective/Damaged,Approved,1390.0,62.85,215.45
701225,906438,2024-05-05,Defective/Damaged,Approved,2600.0,98.34,442.0
701226,906440,2024-09-26,Size/Fit Issue,Rejected,0.0,148.74,0.0
701227,906463,2025-01-05,Defective/Damaged,Approved,2550.0,61.25,459.0
701228,906469,2024-08-16,Changed Mind,Approved,13140.0,170.65,2825.1
701229,906471,2024-06-02,Defective/Damaged,Approved,1990.0,141.85,358.2
701230,906472,2024-09-15,Not as Described,Approved,1740.0,147.68,313.2
701231,906474,2024-09-02,Defective/Damaged,Approved,12810.0,132.21,2754.15
701232,906487,2024-07-25,Changed Mind,Approved,540.0,81.07,78.3
701233,906494,2025-02-16,Better Price Found,Approved,39420.0,160.26,2825.1
701234,906497,2024-04-21,Not as Described,Approved,590.0,123.11,85.55
701235,906501,2025-03-12,Size/Fit Issue,Approved,3740.0,148.77,303.88
701236,906502,2025-02-22,Defective/Damaged,Approved,740.0,163.56,107.3
701237,906511,2024-08-14,Not as Described,Approved,1560.0,77.48,113.1
701238,906519,2024-08-30,Defective/Damaged,Approved,2550.0,172.85,459.0
701239,906525,2024-07-07,Defective/Damaged,Approved,4680.0,76.31,241.8
701240,906526,2024-06-25,Size/Fit Issue,Approved,2150.0,162.99,349.38
701241,906527,2024-04-24,Size/Fit Issue,Approved,5120.0,151.73,435.2
701242,906540,2024-05-21,Defective/Damaged,Rejected,0.0,73.21,0.0
701243,906552,2024-06-11,Changed Mind,Approved,1320.0,130.07,204.6
701244,906554,2025-02-24,Defective/Damaged,Approved,3980.0,176.97,358.2
701245,906560,2025-01-11,Defective/Damaged,Approved,1130.0,145.03,163.85
701246,906563,2024-12-25,Better Price Found,Approved,12780.0,138.3,2747.7
701247,906566,2024-09-15,Size/Fit Issue,Approved,1870.0,78.4,303.88
701248,906571,2025-01-10,Not as Described,Approved,1290.0,101.37,199.95
701249,906573,2025-01-09,Size/Fit Issue,Approved,3740.0,128.03,635.8
701250,906577,2024-09-20,Defective/Damaged,Approved,2550.0,143.37,459.0
701251,906580,2024-12-11,Not as Described,Approved,11450.0,149.71,2461.75
701252,906581,2024-05-20,Size/Fit Issue,Approved,4300.0,179.67,349.38
701253,906585,2024-11-25,Not as Described,Approved,1130.0,102.31,175.15
701254,906588,2024-12-22,Defective/Damaged,Approved,740.0,96.74,107.3
701255,906610,2024-11-17,Better Price Found,Approved,26660.0,93.97,2865.95
701256,906616,2025-03-22,Size/Fit Issue,Approved,1960.0,77.98,318.5
701257,906620,2024-08-24,Size/Fit Issue,Approved,1870.0,61.88,303.88
701258,906630,2024-09-23,Changed Mind,Approved,3120.0,115.86,241.8
701259,906640,2025-02-08,Changed Mind,Approved,32400.0,96.88,2322.0
701260,906648,2024-12-04,Not as Described,Approved,2560.0,161.96,435.2
701261,906653,2024-11-29,Wrong Item Delivered,Approved,2640.0,120.71,204.6
701262,906657,2024-05-09,Not as Described,Approved,1390.0,66.07,215.45
701263,906663,2025-01-11,Size/Fit Issue,Approved,5610.0,107.31,303.88
701264,906667,2025-02-20,Size/Fit Issue,Approved,2600.0,173.0,442.0
701265,906671,2025-03-06,Not as Described,Approved,1560.0,157.87,241.8
701266,906674,2024-11-03,Not as Described,Approved,1130.0,127.24,163.85
701267,906685,2025-02-22,Changed Mind,Approved,11700.0,85.87,663.0
701268,906694,2025-03-14,Not as Described,Approved,2150.0,175.19,349.38
701269,906701,2024-12-17,Size/Fit Issue,Approved,3370.0,60.53,572.9
701270,906704,2024-08-19,Size/Fit Issue,Approved,4300.0,120.67,349.38
701271,906705,2025-03-13,Defective/Damaged,Approved,2150.0,178.2,349.38
701272,906706,2024-05-12,Not as Described,Approved,1320.0,77.29,204.6
701273,906710,2024-04-14,Defective/Damaged,Approved,10800.0,141.54,2322.0
701274,906714,2025-03-12,Not as Described,Approved,2600.0,61.97,442.0
701275,906720,2024-09-10,Not as Described,Approved,3170.0,173.89,570.6
701276,906729,2025-03-24,Defective/Damaged,Approved,1820.0,106.4,141.05
701277,906732,2024-08-26,Not as Described,Approved,510.0,93.37,73.95
701278,906736,2024-10-24,Size/Fit Issue,Approved,2560.0,97.74,435.2
701279,906744,2024-07-04,Defective/Damaged,Approved,2380.0,133.8,193.38
701280,906748,2024-08-22,Not as Described,Approved,3920.0,174.26,318.5
701281,906750,2024-08-20,Changed Mind,Approved,3900.0,114.49,663.0
701282,906756,2025-02-22,Not as Described,Rejected,0.0,178.71,0.0
701283,906761,2024-10-18,Size/Fit Issue,Rejected,0.0,134.55,0.0
701284,906767,2024-12-16,Not as Described,Approved,910.0,110.9,141.05
701285,906771,2025-01-14,Better Price Found,Approved,9950.0,157.68,2139.25
701286,906777,2024-05-04,Defective/Damaged,Approved,910.0,169.78,141.05
701287,906784,2024-10-15,Size/Fit Issue,Approved,1960.0,151.97,318.5
701288,906786,2025-03-02,Not as Described,Approved,1740.0,85.01,313.2
701289,906790,2024-05-08,Defective/Damaged,Approved,810.0,100.74,125.55
701290,906791,2025-01-27,Defective/Damaged,Approved,1320.0,147.48,204.6
701291,906802,2024-09-23,Defective/Damaged,Rejected,0.0,177.33,0.0
701292,906807,2024-09-28,Size/Fit Issue,Approved,2560.0,122.58,435.2
701293,906813,2024-07-27,Not as Described,Approved,1510.0,115.15,245.38
701294,906814,2024-08-27,Changed Mind,Approved,2250.0,172.56,405.0
701295,906825,2025-03-06,Not as Described,Approved,3120.0,102.95,241.8
701296,906832,2024-07-19,Not as Described,Approved,540.0,90.56,78.3
701297,906833,2024-09-19,Changed Mind,Approved,3900.0,78.38,663.0
701298,906846,2025-04-01,Defective/Damaged,Approved,13330.0,103.85,2865.95
701299,906851,2024-05-21,Defective/Damaged,Approved,910.0,123.9,141.05
701300,906852,2024-11-25,Not as Described,Approved,890.0,77.66,137.95
701301,906853,2025-01-17,Defective/Damaged,Approved,12780.0,144.17,2747.7
701302,906862,2024-12-14,Not as Described,Approved,7800.0,170.18,663.0
701303,906870,2024-06-23,Size/Fit Issue,Approved,5120.0,179.79,435.2
701304,906871,2025-02-07,Not as Described,Approved,1290.0,74.54,199.95
701305,906872,2025-02-15,Changed Mind,Approved,2150.0,153.65,349.38
701306,906874,2024-12-26,Changed Mind,Approved,2250.0,147.02,405.0
701307,906877,2024-10-25,Not as Described,Approved,780.0,166.94,113.1
701308,906882,2024-07-19,Size/Fit Issue,Approved,3700.0,118.84,629.0
701309,906888,2024-09-18,Size/Fit Issue,Approved,6450.0,74.77,349.38
701310,906889,2025-03-25,Size/Fit Issue,Approved,3700.0,173.24,629.0
701311,906893,2025-03-25,Changed Mind,Approved,13330.0,140.11,2865.95
701312,906896,2024-04-29,Not as Described,Approved,3740.0,145.58,303.88
701313,906903,2025-02-23,Not as Described,Rejected,0.0,140.19,0.0
701314,906905,2024-08-22,Not as Described,Approved,2550.0,123.01,459.0
701315,906906,2024-08-19,Not as Described,Approved,1870.0,133.13,303.88
701316,906928,2024-06-09,Size/Fit Issue,Approved,5120.0,153.5,435.2
701317,906933,2024-06-04,Wrong Item Delivered,Approved,2250.0,63.75,405.0
701318,906934,2024-04-16,Not as Described,Approved,1320.0,159.86,204.6
701319,906935,2024-09-25,Defective/Damaged,Approved,3540.0,112.5,287.62
701320,906953,2024-08-05,Defective/Damaged,Approved,9950.0,176.82,2139.25
701321,906966,2024-06-19,Defective/Damaged,Approved,2580.0,121.01,199.95
701322,906972,2024-11-21,Changed Mind,Approved,1290.0,104.21,199.95
701323,906985,2024-11-22,Wrong Item Delivered,Rejected,0.0,95.54,0.0
701324,906988,2024-06-17,Not as Described,Approved,1130.0,96.24,175.15
701325,906997,2024-07-31,Size/Fit Issue,Approved,970.0,104.17,157.62
701326,906998,2024-07-12,Not as Described,Approved,2430.0,128.19,117.45
701327,907025,2024-06-27,Size/Fit Issue,Approved,3740.0,72.6,635.8
701328,907027,2024-07-29,Defective/Damaged,Approved,2150.0,85.06,349.38
701329,907028,2025-02-10,Size/Fit Issue,Rejected,0.0,111.62,0.0
701330,907032,2024-12-15,Defective/Damaged,Approved,4300.0,123.79,349.38
701331,907038,2025-02-13,Changed Mind,Approved,740.0,88.76,107.3
701332,907045,2024-06-06,Changed Mind,Approved,5100.0,178.21,459.0
701333,907051,2025-01-30,Not as Described,Approved,1080.0,131.59,194.4
701334,907061,2024-04-17,Size/Fit Issue,Rejected,0.0,149.42,0.0
701335,907064,2024-09-10,Not as Described,Approved,2600.0,89.36,442.0
701336,907076,2025-03-17,Size/Fit Issue,Approved,3740.0,179.79,303.88
701337,907079,2025-04-11,Not as Described,Approved,810.0,123.4,125.55
701338,907084,2024-10-22,Size/Fit Issue,Approved,970.0,146.53,157.62
701339,907086,2024-09-14,Size/Fit Issue,Approved,2560.0,145.43,435.2
701340,907097,2024-05-15,Defective/Damaged,Approved,2550.0,128.65,459.0
701341,907101,2024-09-04,Changed Mind,Approved,3900.0,105.8,663.0
701342,907109,2025-03-12,Defective/Damaged,Approved,1180.0,80.71,85.55
701343,907112,2024-12-15,Not as Described,Approved,1110.0,176.38,180.38
701344,907114,2024-05-20,Not as Described,Approved,2250.0,146.5,405.0
701345,907125,2024-06-04,Size/Fit Issue,Approved,7800.0,96.32,663.0
701346,907126,2025-03-03,Not as Described,Approved,41370.0,176.92,2964.85
701347,907142,2025-01-28,Size/Fit Issue,Approved,6000.0,154.69,510.0
701348,907149,2025-01-10,Changed Mind,Approved,2370.0,120.98,402.9
701349,907153,2024-08-29,Size/Fit Issue,Approved,970.0,117.02,157.62
701350,907154,2025-01-21,Wrong Item Delivered,Approved,2550.0,96.35,459.0
701351,907161,2024-07-01,Size/Fit Issue,Approved,1190.0,76.74,193.38
701352,907162,2024-05-28,Size/Fit Issue,Rejected,0.0,98.22,0.0
701353,907166,2024-07-11,Not as Described,Approved,910.0,151.01,141.05
701354,907170,2024-10-25,Size/Fit Issue,Approved,970.0,94.09,157.62
701355,907172,2025-03-14,Not as Described,Approved,1560.0,120.84,241.8
701356,907173,2024-06-15,Not as Described,Approved,1390.0,61.37,215.45
701357,907176,2024-06-13,Changed Mind,Rejected,0.0,117.53,0.0
701358,907178,2024-07-22,Changed Mind,Approved,11450.0,163.82,2461.75
701359,907180,2024-08-24,Not as Described,Approved,7400.0,127.98,629.0
701360,907181,2024-09-26,Defective/Damaged,Approved,1130.0,63.75,175.15
701361,907185,2024-05-09,Not as Described,Approved,2600.0,88.56,442.0
701362,907186,2024-06-04,Not as Described,Approved,2550.0,135.69,459.0
701363,907187,2024-10-16,Changed Mind,Approved,780.0,122.07,113.1
701364,907201,2024-08-31,Defective/Damaged,Approved,1870.0,165.79,303.88
701365,907211,2025-02-22,Wrong Item Delivered,Approved,910.0,105.07,141.05
701366,907220,2025-02-12,Size/Fit Issue,Approved,3370.0,61.03,572.9
701367,907225,2024-11-04,Size/Fit Issue,Approved,1770.0,107.16,287.62
701368,907230,2024-08-27,Size/Fit Issue,Approved,1510.0,60.78,245.38
701369,907231,2024-10-04,Changed Mind,Approved,2370.0,120.31,402.9
701370,907232,2024-10-26,Better Price Found,Approved,12810.0,118.24,2754.15
701371,907240,2024-06-02,Not as Described,Approved,1560.0,97.0,113.1
701372,907245,2024-04-24,Size/Fit Issue,Approved,5610.0,61.51,303.88
701373,907246,2024-05-06,Not as Described,Approved,1740.0,167.68,313.2
701374,907250,2024-11-21,Changed Mind,Approved,810.0,128.46,125.55
701375,907258,2024-08-13,Changed Mind,Approved,1110.0,73.4,180.38
701376,907267,2025-03-09,Not as Described,Approved,510.0,168.62,73.95
701377,907275,2025-01-23,Changed Mind,Rejected,0.0,152.16,0.0
701378,907286,2024-11-28,Defective/Damaged,Approved,540.0,175.67,78.3
701379,907300,2024-10-28,Size/Fit Issue,Approved,1770.0,122.08,287.62
701380,907303,2024-12-25,Not as Described,Approved,2260.0,168.86,175.15
701381,907307,2024-05-07,Size/Fit Issue,Approved,3370.0,102.54,572.9
701382,907311,2024-04-22,Changed Mind,Approved,1870.0,142.27,303.88
701383,907313,2024-07-18,Changed Mind,Approved,3170.0,117.69,570.6
701384,907315,2024-09-04,Size/Fit Issue,Approved,970.0,75.66,157.62
701385,907316,2024-11-20,Size/Fit Issue,Approved,2370.0,149.84,402.9
701386,907325,2024-05-04,Changed Mind,Approved,2600.0,134.3,442.0
701387,907330,2024-07-27,Defective/Damaged,Approved,540.0,111.29,78.3
701388,907337,2024-12-30,Not as Described,Rejected,0.0,122.58,0.0
701389,907338,2024-08-01,Defective/Damaged,Approved,2640.0,74.76,204.6
701390,907341,2024-09-29,Changed Mind,Approved,810.0,67.47,125.55
701391,907342,2024-10-04,Not as Described,Approved,1770.0,162.65,287.62
701392,907348,2024-07-20,Size/Fit Issue,Approved,3740.0,114.07,635.8
701393,907354,2024-09-01,Not as Described,Approved,1320.0,65.41,204.6
701394,907360,2024-05-15,Better Price Found,Approved,27580.0,126.7,2964.85
701395,907361,2025-02-13,Size/Fit Issue,Approved,1960.0,72.57,318.5
701396,907374,2024-04-13,Not as Described,Rejected,0.0,70.69,0.0
701397,907384,2024-10-22,Size/Fit Issue,Approved,3740.0,177.12,303.88
701398,907389,2024-09-02,Defective/Damaged,Approved,3370.0,146.9,572.9
701399,907391,2024-09-22,Not as Described,Approved,2600.0,147.56,442.0
701400,907401,2025-01-17,Not as Described,Approved,1110.0,87.44,180.38
701401,907402,2025-03-29,Size/Fit Issue,Rejected,0.0,85.19,0.0
701402,907416,2024-10-02,Not as Described,Approved,13790.0,118.87,2964.85
701403,907420,2024-07-13,Changed Mind,Approved,1740.0,96.7,313.2
701404,907424,2025-03-28,Size/Fit Issue,Approved,3000.0,91.12,510.0
701405,907432,2025-03-11,Defective/Damaged,Approved,1560.0,145.5,241.8
701406,907438,2024-09-13,Size/Fit Issue,Approved,3740.0,130.0,635.8
701407,907441,2024-12-20,Defective/Damaged,Approved,22900.0,161.99,2461.75
701408,907444,2024-06-24,Changed Mind,Approved,1130.0,94.14,163.85
701409,907453,2024-09-25,Defective/Damaged,Approved,11450.0,148.93,2461.75
701410,907457,2024-07-01,Changed Mind,Approved,9950.0,92.28,2139.25
701411,907460,2024-04-11,Size/Fit Issue,Rejected,0.0,141.04,0.0
701412,907463,2025-01-29,Not as Described,Approved,1870.0,84.79,303.88
701413,907469,2024-09-24,Changed Mind,Approved,4300.0,118.56,349.38
701414,907473,2024-09-11,Size/Fit Issue,Approved,1960.0,61.9,318.5
701415,907485,2025-01-28,Defective/Damaged,Approved,510.0,73.25,73.95
701416,907488,2025-01-24,Defective/Damaged,Approved,2450.0,134.73,441.0
701417,907492,2024-10-24,Not as Described,Approved,2640.0,62.21,204.6
701418,907493,2025-01-28,Defective/Damaged,Approved,13140.0,66.89,2825.1
701419,907495,2025-01-31,Not as Described,Approved,5120.0,135.73,435.2
701420,907496,2024-04-24,Size/Fit Issue,Approved,2560.0,100.18,435.2
701421,907499,2024-09-18,Changed Mind,Approved,1620.0,102.75,117.45
701422,907507,2024-09-24,Size/Fit Issue,Approved,5200.0,151.15,442.0
701423,907517,2025-03-24,Changed Mind,Rejected,0.0,97.94,0.0
701424,907532,2024-08-03,Changed Mind,Approved,1990.0,63.87,358.2
701425,907538,2024-08-30,Not as Described,Approved,1190.0,114.75,193.38
701426,907541,2024-10-13,Changed Mind,Approved,970.0,172.38,157.62
701427,907552,2024-08-14,Changed Mind,Approved,1130.0,121.66,175.15
701428,907560,2024-10-02,Wrong Item Delivered,Approved,2250.0,64.01,405.0
701429,907567,2024-06-26,Defective/Damaged,Approved,740.0,67.88,107.3
701430,907570,2025-03-28,Size/Fit Issue,Approved,3740.0,90.07,303.88
701431,907586,2024-07-25,Changed Mind,Approved,810.0,101.57,117.45
701432,907587,2024-04-09,Size/Fit Issue,Approved,3740.0,95.82,303.88
701433,907599,2025-02-18,Size/Fit Issue,Approved,3700.0,95.08,629.0
701434,907603,2025-03-10,Not as Described,Approved,3000.0,89.0,510.0
701435,907605,2024-12-12,Size/Fit Issue,Approved,1870.0,129.57,303.88
701436,907618,2024-06-30,Defective/Damaged,Approved,12810.0,113.27,2754.15
701437,907619,2024-09-13,Changed Mind,Approved,1110.0,166.76,180.38
701438,907620,2024-11-08,Wrong Item Delivered,Approved,2780.0,66.19,215.45
701439,907621,2024-10-07,Defective/Damaged,Approved,3150.0,74.29,567.0
701440,907634,2024-04-25,Not as Described,Approved,2150.0,149.46,349.38
701441,907636,2024-08-17,Size/Fit Issue,Approved,1510.0,162.18,245.38
701442,907647,2024-08-06,Changed Mind,Approved,1390.0,81.61,215.45
701443,907648,2025-01-24,Size/Fit Issue,Approved,3700.0,131.87,629.0
701444,907650,2024-06-06,Size/Fit Issue,Approved,1870.0,60.71,303.88
701445,907654,2025-01-17,Not as Described,Approved,3150.0,118.0,567.0
701446,907655,2024-08-01,Size/Fit Issue,Approved,11700.0,112.1,663.0
701447,907659,2024-10-23,Defective/Damaged,Approved,3700.0,179.56,629.0
701448,907660,2025-02-13,Defective/Damaged,Rejected,0.0,62.03,0.0
701449,907676,2024-06-23,Changed Mind,Rejected,0.0,100.46,0.0
701450,907677,2024-05-03,Changed Mind,Approved,1870.0,87.65,303.88
701451,907684,2024-06-27,Not as Described,Approved,3740.0,89.51,635.8
701452,907687,2024-09-28,Defective/Damaged,Rejected,0.0,119.91,0.0
701453,907704,2025-03-10,Not as Described,Approved,2250.0,171.54,405.0
701454,907717,2024-11-03,Size/Fit Issue,Approved,5610.0,134.33,303.88
701455,907718,2024-08-07,Defective/Damaged,Approved,2160.0,143.08,194.4
701456,907719,2024-10-26,Defective/Damaged,Approved,2450.0,141.35,441.0
701457,907735,2024-06-25,Changed Mind,Approved,3870.0,171.22,199.95
701458,907740,2024-09-27,Size/Fit Issue,Approved,3740.0,145.33,635.8
701459,907741,2024-09-09,Size/Fit Issue,Rejected,0.0,122.69,0.0
701460,907745,2024-07-08,Size/Fit Issue,Rejected,0.0,157.67,0.0
701461,907750,2024-11-13,Changed Mind,Approved,11450.0,101.47,2461.75
701462,907760,2025-01-29,Changed Mind,Approved,3540.0,74.76,287.62
701463,907763,2025-04-03,Not as Described,Approved,10800.0,132.71,2322.0
701464,907774,2024-05-30,Wrong Item Delivered,Approved,1320.0,155.33,204.6
701465,907776,2025-01-13,Changed Mind,Approved,1770.0,146.51,287.62
701466,907813,2025-04-05,Not as Described,Approved,2600.0,97.1,442.0
701467,907817,2024-08-17,Size/Fit Issue,Approved,7480.0,142.31,635.8
701468,907818,2024-04-29,Defective/Damaged,Approved,2450.0,85.32,441.0
701469,907823,2025-01-02,Not as Described,Approved,3700.0,119.8,629.0
701470,907825,2025-01-24,Size/Fit Issue,Approved,3900.0,117.14,663.0
701471,907835,2024-09-11,Size/Fit Issue,Approved,2600.0,143.7,442.0
701472,907840,2025-02-17,Defective/Damaged,Approved,9950.0,167.72,2139.25
701473,907843,2024-09-20,Defective/Damaged,Approved,3900.0,73.59,663.0
701474,907849,2024-10-15,Not as Described,Approved,1320.0,112.46,204.6
701475,907855,2024-11-07,Defective/Damaged,Approved,1320.0,88.77,204.6
701476,907861,2024-06-22,Changed Mind,Approved,3740.0,134.04,635.8
701477,907868,2024-10-26,Changed Mind,Approved,2150.0,120.59,349.38
701478,907876,2024-08-09,Wrong Item Delivered,Approved,1130.0,63.31,175.15
701479,907885,2024-12-06,Defective/Damaged,Approved,2260.0,105.58,163.85
701480,907886,2024-05-30,Size/Fit Issue,Approved,1770.0,95.53,287.62
701481,907888,2024-07-22,Changed Mind,Approved,3170.0,82.97,570.6
701482,907898,2024-05-18,Changed Mind,Approved,2550.0,161.98,459.0
701483,907901,2025-01-04,Size/Fit Issue,Approved,1770.0,89.27,287.62
701484,907906,2024-05-25,Size/Fit Issue,Approved,1110.0,104.96,180.38
701485,907908,2025-04-05,Defective/Damaged,Approved,13140.0,108.17,2825.1
701486,907911,2024-08-04,Not as Described,Approved,11450.0,105.04,2461.75
701487,907912,2025-01-16,Changed Mind,Approved,4500.0,114.73,405.0
701488,907920,2025-03-18,Size/Fit Issue,Approved,1960.0,84.62,318.5
701489,907922,2024-04-21,Changed Mind,Approved,910.0,117.57,141.05
701490,907924,2025-02-21,Defective/Damaged,Approved,810.0,99.42,117.45
701491,907926,2024-12-14,Not as Described,Approved,3000.0,91.24,510.0
701492,907927,2025-02-18,Changed Mind,Approved,910.0,101.18,141.05
701493,907931,2024-06-04,Not as Described,Approved,3540.0,115.96,287.62
701494,907936,2024-10-23,Changed Mind,Approved,540.0,177.55,78.3
701495,907938,2024-10-15,Not as Described,Approved,810.0,92.28,125.55
701496,907954,2024-07-10,Changed Mind,Approved,1130.0,123.73,163.85
701497,907959,2024-07-21,Not as Described,Rejected,0.0,88.53,0.0
701498,907962,2024-09-24,Changed Mind,Approved,3540.0,63.33,287.62
701499,907972,2025-01-25,Not as Described,Rejected,0.0,106.65,0.0
701500,907974,2024-06-02,Defective/Damaged,Approved,13790.0,95.29,2964.85
701501,907977,2025-03-21,Size/Fit Issue,Approved,3700.0,164.01,629.0
701502,907978,2024-12-03,Size/Fit Issue,Approved,970.0,175.21,157.62
701503,907983,2024-12-31,Not as Described,Approved,12810.0,132.91,2754.15
701504,907985,2024-07-01,Not as Described,Approved,3700.0,64.13,629.0
701505,907990,2024-11-19,Defective/Damaged,Approved,1320.0,155.15,204.6
701506,908000,2025-04-13,Defective/Damaged,Approved,3480.0,63.98,313.2
701507,908006,2024-10-08,Size/Fit Issue,Approved,1870.0,136.74,303.88
701508,908009,2024-12-02,Defective/Damaged,Approved,1080.0,154.45,194.4
701509,908010,2024-04-23,Changed Mind,Approved,1510.0,132.36,245.38
701510,908011,2024-04-26,Defective/Damaged,Approved,12780.0,77.43,2747.7
701511,908012,2024-07-06,Changed Mind,Rejected,0.0,174.12,0.0
701512,908014,2024-11-18,Size/Fit Issue,Approved,1870.0,131.4,303.88
701513,908016,2025-03-05,Size/Fit Issue,Approved,2370.0,161.32,402.9
701514,908024,2024-10-26,Size/Fit Issue,Approved,2150.0,147.2,349.38
701515,908028,2024-09-09,Defective/Damaged,Approved,1390.0,147.59,215.45
701516,908033,2025-03-16,Changed Mind,Approved,1740.0,101.84,313.2
701517,908041,2024-08-13,Defective/Damaged,Approved,3150.0,164.07,567.0
701518,908062,2024-09-02,Defective/Damaged,Approved,2450.0,95.75,441.0
701519,908073,2024-12-14,Changed Mind,Approved,1110.0,150.69,180.38
701520,908075,2024-05-10,Changed Mind,Approved,890.0,179.48,137.95
701521,908090,2024-11-01,Defective/Damaged,Approved,12810.0,107.1,2754.15
701522,908093,2025-04-06,Size/Fit Issue,Approved,1190.0,60.49,193.38
701523,908095,2024-10-14,Defective/Damaged,Approved,25560.0,129.68,2747.7
701524,908109,2025-03-05,Defective/Damaged,Approved,10800.0,96.97,2322.0
701525,908116,2024-06-12,Changed Mind,Approved,1130.0,96.15,175.15
701526,908121,2024-09-12,Not as Described,Approved,1320.0,126.78,204.6
701527,908122,2024-10-30,Not as Described,Approved,3170.0,137.33,570.6
701528,908133,2025-02-18,Changed Mind,Rejected,0.0,83.29,0.0
701529,908134,2024-10-03,Size/Fit Issue,Approved,7800.0,136.21,663.0
701530,908138,2025-03-04,Size/Fit Issue,Approved,1190.0,80.22,193.38
701531,908151,2024-11-03,Defective/Damaged,Approved,1990.0,98.99,358.2
701532,908154,2024-08-06,Size/Fit Issue,Approved,3000.0,131.15,510.0
701533,908162,2024-07-29,Not as Described,Approved,1080.0,124.48,194.4
701534,908165,2024-09-12,Size/Fit Issue,Approved,5200.0,102.48,442.0
701535,908169,2025-03-04,Size/Fit Issue,Approved,2560.0,160.32,435.2
701536,908171,2024-04-13,Size/Fit Issue,Approved,1190.0,120.6,193.38
701537,908177,2024-09-22,Defective/Damaged,Approved,510.0,119.77,73.95
701538,908186,2025-04-01,Size/Fit Issue,Approved,3740.0,179.3,635.8
701539,908189,2025-01-17,Defective/Damaged,Approved,3000.0,88.08,510.0
701540,908191,2024-12-27,Changed Mind,Approved,1870.0,129.74,303.88
701541,908194,2024-08-15,Size/Fit Issue,Approved,1770.0,132.36,287.62
701542,908200,2024-09-23,Size/Fit Issue,Approved,1190.0,64.46,193.38
701543,908202,2024-10-02,Changed Mind,Approved,2600.0,99.88,442.0
701544,908208,2025-04-02,Defective/Damaged,Approved,590.0,89.98,85.55
701545,908210,2025-02-25,Changed Mind,Rejected,0.0,123.77,0.0
701546,908226,2024-12-21,Defective/Damaged,Approved,1740.0,169.38,313.2
701547,908227,2025-02-12,Size/Fit Issue,Rejected,0.0,172.91,0.0
701548,908244,2025-01-09,Defective/Damaged,Approved,3170.0,90.84,570.6
701549,908261,2024-08-05,Not as Described,Approved,13140.0,159.13,2825.1
701550,908268,2024-09-08,Size/Fit Issue,Approved,1510.0,69.27,245.38
701551,908278,2024-09-03,Size/Fit Issue,Approved,1190.0,86.61,193.38
701552,908285,2024-09-29,Defective/Damaged,Approved,19900.0,74.52,2139.25
701553,908287,2024-05-11,Not as Described,Approved,810.0,174.92,117.45
701554,908289,2024-07-02,Not as Described,Approved,1740.0,70.38,313.2
701555,908290,2025-02-02,Not as Described,Approved,1390.0,175.85,215.45
701556,908292,2025-02-10,Size/Fit Issue,Approved,2370.0,79.24,402.9
701557,908293,2024-07-19,Size/Fit Issue,Approved,5200.0,68.76,442.0
701558,908300,2024-05-20,Wrong Item Delivered,Rejected,0.0,117.51,0.0
701559,908301,2025-02-09,Better Price Found,Rejected,0.0,68.3,0.0
701560,908312,2024-06-19,Defective/Damaged,Approved,12810.0,136.26,2754.15
701561,908313,2025-03-04,Changed Mind,Approved,4300.0,124.31,349.38
701562,908314,2024-09-22,Defective/Damaged,Approved,3370.0,109.55,572.9
701563,908322,2025-04-05,Size/Fit Issue,Approved,1110.0,63.41,180.38
701564,908330,2025-03-15,Defective/Damaged,Approved,890.0,179.6,137.95
701565,908336,2025-02-16,Changed Mind,Approved,1560.0,115.65,241.8
701566,908339,2024-09-18,Defective/Damaged,Approved,3370.0,109.2,572.9
701567,908340,2024-06-22,Size/Fit Issue,Approved,1870.0,100.69,303.88
701568,908350,2024-12-31,Not as Described,Approved,410.0,147.25,59.45
701569,908352,2024-04-27,Not as Described,Rejected,0.0,151.73,0.0
701570,908354,2024-05-03,Defective/Damaged,Rejected,0.0,118.12,0.0
701571,908355,2024-11-20,Size/Fit Issue,Approved,3000.0,148.25,510.0
701572,908373,2024-06-11,Defective/Damaged,Approved,9510.0,152.06,570.6
701573,908374,2025-01-19,Size/Fit Issue,Approved,2560.0,97.58,435.2
701574,908381,2024-11-11,Not as Described,Approved,10800.0,93.13,2322.0
701575,908386,2024-11-22,Defective/Damaged,Approved,810.0,146.76,117.45
701576,908394,2025-02-05,Size/Fit Issue,Approved,4740.0,116.8,402.9
701577,908398,2024-06-14,Defective/Damaged,Approved,3900.0,159.08,663.0
701578,908409,2025-02-18,Not as Described,Approved,1990.0,177.57,358.2
701579,908415,2025-02-20,Defective/Damaged,Approved,810.0,99.95,125.55
701580,908417,2025-03-19,Not as Described,Approved,1130.0,158.52,175.15
701581,908422,2024-08-20,Size/Fit Issue,Rejected,0.0,121.06,0.0
701582,908423,2024-11-13,Not as Described,Approved,2450.0,125.16,441.0
701583,908426,2025-01-08,Size/Fit Issue,Approved,970.0,72.95,157.62
701584,908432,2024-05-26,Defective/Damaged,Rejected,0.0,74.16,0.0
701585,908433,2025-01-06,Size/Fit Issue,Approved,1960.0,153.07,318.5
701586,908448,2025-01-26,Changed Mind,Approved,910.0,146.35,141.05
701587,908450,2024-09-23,Not as Described,Approved,2780.0,173.57,215.45
701588,908451,2024-09-01,Not as Described,Approved,1190.0,166.79,193.38
701589,908455,2024-12-26,Size/Fit Issue,Approved,3000.0,114.17,510.0
701590,908457,2024-09-21,Size/Fit Issue,Approved,1870.0,156.0,303.88
701591,908459,2024-09-21,Changed Mind,Approved,3740.0,122.0,635.8
701592,908470,2024-08-15,Not as Described,Approved,3170.0,67.71,570.6
701593,908478,2024-06-11,Changed Mind,Approved,1990.0,163.84,358.2
701594,908479,2025-03-18,Size/Fit Issue,Approved,1510.0,139.15,245.38
701595,908486,2025-01-07,Changed Mind,Approved,910.0,62.64,141.05
701596,908497,2025-03-06,Not as Described,Approved,3480.0,175.75,313.2
701597,908503,2024-12-16,Defective/Damaged,Approved,13140.0,131.6,2825.1
701598,908506,2024-09-11,Not as Described,Approved,540.0,111.12,78.3
701599,908507,2025-02-28,Changed Mind,Approved,1780.0,93.14,137.95
701600,908508,2024-06-01,Defective/Damaged,Rejected,0.0,150.65,0.0
701601,908510,2024-06-03,Size/Fit Issue,Approved,2150.0,72.91,349.38
701602,908516,2024-12-16,Size/Fit Issue,Approved,4740.0,112.71,402.9
701603,908523,2024-10-09,Size/Fit Issue,Approved,1960.0,135.93,318.5
701604,908527,2024-12-29,Not as Described,Approved,1130.0,149.52,175.15
701605,908530,2025-01-04,Changed Mind,Approved,1390.0,146.48,215.45
701606,908532,2025-01-14,Changed Mind,Approved,2560.0,151.28,435.2
701607,908538,2024-10-19,Defective/Damaged,Approved,32400.0,89.29,2322.0
701608,908542,2024-06-14,Changed Mind,Approved,3900.0,60.85,663.0
701609,908546,2024-05-21,Defective/Damaged,Approved,3020.0,139.82,245.38
701610,908554,2024-08-07,Changed Mind,Approved,890.0,82.85,137.95
701611,908560,2024-05-03,Size/Fit Issue,Approved,3900.0,123.06,663.0
701612,908569,2025-01-25,Defective/Damaged,Approved,1110.0,126.67,180.38
701613,908571,2025-01-22,Changed Mind,Rejected,0.0,149.53,0.0
701614,908581,2025-03-20,Size/Fit Issue,Approved,2910.0,169.14,157.62
701615,908585,2024-05-07,Size/Fit Issue,Approved,6740.0,110.99,572.9
701616,908587,2025-01-09,Size/Fit Issue,Approved,970.0,78.86,157.62
701617,908588,2024-05-01,Not as Described,Approved,1290.0,91.06,199.95
701618,908590,2024-05-07,Not as Described,Approved,1110.0,81.67,180.38
701619,908593,2024-06-20,Size/Fit Issue,Rejected,0.0,80.31,0.0
701620,908595,2024-11-02,Changed Mind,Approved,1130.0,127.99,175.15
701621,908601,2025-02-14,Size/Fit Issue,Approved,2370.0,114.08,402.9
701622,908605,2024-10-08,Size/Fit Issue,Approved,970.0,108.24,157.62
701623,908612,2024-12-24,Size/Fit Issue,Approved,2150.0,139.22,349.38
701624,908624,2025-01-06,Defective/Damaged,Approved,3700.0,147.02,629.0
701625,908633,2024-06-11,Wrong Item Delivered,Approved,1080.0,67.92,194.4
701626,908634,2024-08-21,Size/Fit Issue,Approved,2600.0,146.59,442.0
701627,908646,2024-09-04,Size/Fit Issue,Approved,1960.0,176.21,318.5
701628,908647,2025-01-01,Not as Described,Approved,3020.0,113.63,245.38
701629,908649,2024-09-12,Defective/Damaged,Approved,3920.0,136.1,318.5
701630,908653,2025-03-28,Size/Fit Issue,Rejected,0.0,74.09,0.0
701631,908658,2024-09-19,Size/Fit Issue,Rejected,0.0,110.71,0.0
701632,908672,2024-06-15,Size/Fit Issue,Approved,3000.0,171.62,510.0
701633,908676,2024-08-18,Wrong Item Delivered,Approved,2780.0,156.1,215.45
701634,908680,2024-08-23,Defective/Damaged,Rejected,0.0,100.4,0.0
701635,908687,2025-01-08,Size/Fit Issue,Approved,970.0,154.11,157.62
701636,908690,2024-07-13,Changed Mind,Rejected,0.0,105.84,0.0
701637,908694,2025-03-25,Not as Described,Approved,13140.0,72.58,2825.1
701638,908705,2024-10-30,Not as Described,Approved,1110.0,143.12,180.38
701639,908709,2025-03-03,Changed Mind,Approved,11100.0,87.6,629.0
701640,908715,2024-08-15,Defective/Damaged,Approved,12810.0,123.84,2754.15
701641,908719,2024-07-18,Better Price Found,Approved,27580.0,71.93,2964.85
701642,908741,2024-07-17,Changed Mind,Approved,2260.0,77.39,175.15
701643,908744,2024-07-12,Changed Mind,Approved,1290.0,111.68,199.95
701644,908750,2024-08-17,Size/Fit Issue,Approved,1870.0,163.36,303.88
701645,908754,2025-03-09,Not as Described,Approved,410.0,96.04,59.45
701646,908757,2025-03-03,Changed Mind,Approved,2150.0,158.12,349.38
701647,908759,2025-01-07,Defective/Damaged,Approved,7480.0,106.53,635.8
701648,908761,2025-03-06,Size/Fit Issue,Approved,2370.0,168.12,402.9
701649,908763,2024-12-09,Not as Described,Approved,3150.0,120.52,567.0
701650,908764,2025-03-16,Size/Fit Issue,Approved,2150.0,60.1,349.38
701651,908770,2024-10-23,Changed Mind,Rejected,0.0,91.31,0.0
701652,908775,2024-09-10,Defective/Damaged,Approved,25620.0,69.58,2754.15
701653,908779,2025-03-28,Not as Described,Approved,2910.0,115.36,157.62
701654,908791,2024-11-18,Changed Mind,Approved,2450.0,149.25,441.0
701655,908795,2024-12-16,Size/Fit Issue,Approved,3740.0,83.95,635.8
701656,908807,2024-05-25,Changed Mind,Approved,2260.0,83.72,175.15
701657,908813,2024-10-30,Not as Described,Approved,11100.0,124.33,629.0
701658,908829,2024-06-18,Not as Described,Approved,2250.0,142.88,405.0
701659,908831,2024-10-10,Not as Described,Approved,13140.0,121.29,2825.1
701660,908833,2024-09-02,Changed Mind,Approved,2260.0,131.67,175.15
701661,908864,2024-04-22,Changed Mind,Approved,2450.0,169.1,441.0
701662,908869,2024-09-05,Defective/Damaged,Approved,2600.0,117.96,442.0
701663,908874,2024-07-12,Wrong Item Delivered,Approved,1320.0,174.59,204.6
701664,908885,2025-02-28,Not as Described,Approved,1130.0,64.82,175.15
701665,908886,2024-11-12,Defective/Damaged,Approved,12810.0,134.54,2754.15
701666,908906,2024-07-11,Wrong Item Delivered,Approved,3150.0,134.07,567.0
701667,908916,2024-05-27,Size/Fit Issue,Rejected,0.0,134.99,0.0
701668,908942,2024-10-21,Defective/Damaged,Approved,13790.0,83.72,2964.85
701669,908964,2024-09-29,Defective/Damaged,Approved,9950.0,62.33,2139.25
701670,908973,2024-07-29,Size/Fit Issue,Approved,3740.0,172.97,635.8
701671,908982,2024-07-11,Changed Mind,Approved,1990.0,105.76,358.2
701672,908984,2024-07-12,Size/Fit Issue,Approved,2560.0,119.79,435.2
701673,908985,2024-12-28,Defective/Damaged,Approved,1080.0,63.28,194.4
701674,908987,2024-11-11,Defective/Damaged,Approved,10800.0,128.72,2322.0
701675,908991,2024-10-24,Defective/Damaged,Approved,740.0,177.24,107.3
701676,908993,2024-09-09,Size/Fit Issue,Approved,2560.0,152.84,435.2
